observation_date,reconstruction_as_of_utc,reconstruction_clock_source,xr_score,xr_status,trend_score,stablecoins_score,etf_score,net_liquidity_score,term_leverage_score,macro_score,social_score,trend_role,stablecoins_role,etf_role,net_liquidity_role,term_leverage_role,macro_role,social_role,reconstruction_grade,eligible_full_composite,missing_factor_count,h7_base_sha,model_source_sha,protocol_version
2025-12-11,2025-12-11T16:24:40.519Z,ARTIFACT_AS_OF_UTC,,NOT_ELIGIBLE,49,58,61,62,,37,60,C_SURROGATE,B_METHOD_PIT,B_METHOD_PIT,C_PIT_CONSERVATIVE,MISSING,C_PIT_CONSERVATIVE,C_SURROGATE,,FALSE,1,6c03730df19adafd8e4e3b1f84361e64a378a6a6,6b2fa9cf56ce738c74c8da6de0f5a972858f8a52,h7-exploratory-reconstruction-v1
2025-12-12,2025-12-12T11:26:34.630Z,ARTIFACT_AS_OF_UTC,44,ELIGIBLE,49,43,58,52,30,27,58,C_SURROGATE,B_METHOD_PIT,B_METHOD_PIT,C_PIT_CONSERVATIVE,C_SURROGATE,C_PIT_CONSERVATIVE,C_SURROGATE,EXPLORATORY_ONLY,TRUE,0,6c03730df19adafd8e4e3b1f84361e64a378a6a6,6b2fa9cf56ce738c74c8da6de0f5a972858f8a52,h7-exploratory-reconstruction-v1
2025-12-13,2025-12-13T11:21:21.776Z,ARTIFACT_AS_OF_UTC,46,ELIGIBLE,48,39,79,51,41,22,63,C_SURROGATE,B_METHOD_PIT,B_METHOD_PIT,C_PIT_CONSERVATIVE,C_SURROGATE,C_PIT_CONSERVATIVE,C_SURROGATE,EXPLORATORY_ONLY,TRUE,0,6c03730df19adafd8e4e3b1f84361e64a378a6a6,6b2fa9cf56ce738c74c8da6de0f5a972858f8a52,h7-exploratory-reconstruction-v1
2025-12-14,2025-12-14T11:22:01.783Z,ARTIFACT_AS_OF_UTC,45,ELIGIBLE,49,38,79,51,32,21,63,C_SURROGATE,B_METHOD_PIT,B_METHOD_PIT,C_PIT_CONSERVATIVE,C_SURROGATE,C_PIT_CONSERVATIVE,C_SURROGATE,EXPLORATORY_ONLY,TRUE,0,6c03730df19adafd8e4e3b1f84361e64a378a6a6,6b2fa9cf56ce738c74c8da6de0f5a972858f8a52,h7-exploratory-reconstruction-v1
2025-12-15,2025-12-15T03:38:53.726Z,ARTIFACT_AS_OF_UTC,,NOT_ELIGIBLE,49,38,79,51,,20,,C_SURROGATE,B_METHOD_PIT,B_METHOD_PIT,C_PIT_CONSERVATIVE,MISSING,C_PIT_CONSERVATIVE,MISSING,,FALSE,2,6c03730df19adafd8e4e3b1f84361e64a378a6a6,6b2fa9cf56ce738c74c8da6de0f5a972858f8a52,h7-exploratory-reconstruction-v1
2025-12-16,2025-12-16T11:26:26.574Z,ARTIFACT_AS_OF_UTC,42,ELIGIBLE,48,37,58,51,36,22,51,C_SURROGATE,B_METHOD_PIT,B_METHOD_PIT,C_PIT_CONSERVATIVE,C_SURROGATE,C_PIT_CONSERVATIVE,C_SURROGATE,EXPLORATORY_ONLY,TRUE,0,6c03730df19adafd8e4e3b1f84361e64a378a6a6,6b2fa9cf56ce738c74c8da6de0f5a972858f8a52,h7-exploratory-reconstruction-v1
2025-12-17,2025-12-17T11:26:59.878Z,ARTIFACT_AS_OF_UTC,44,ELIGIBLE,48,41,64,51,39,23,51,C_SURROGATE,B_METHOD_PIT,B_METHOD_PIT,C_PIT_CONSERVATIVE,C_SURROGATE,C_PIT_CONSERVATIVE,C_SURROGATE,EXPLORATORY_ONLY,TRUE,0,6c03730df19adafd8e4e3b1f84361e64a378a6a6,6b2fa9cf56ce738c74c8da6de0f5a972858f8a52,h7-exploratory-reconstruction-v1
2025-12-18,2025-12-18T11:25:08.164Z,ARTIFACT_AS_OF_UTC,46,ELIGIBLE,47,40,57,51,49,28,51,C_SURROGATE,B_METHOD_PIT,B_METHOD_PIT,C_PIT_CONSERVATIVE,C_SURROGATE,C_PIT_CONSERVATIVE,C_SURROGATE,EXPLORATORY_ONLY,TRUE,0,6c03730df19adafd8e4e3b1f84361e64a378a6a6,6b2fa9cf56ce738c74c8da6de0f5a972858f8a52,h7-exploratory-reconstruction-v1
2025-12-19,2025-12-19T11:24:37.793Z,ARTIFACT_AS_OF_UTC,47,ELIGIBLE,48,49,61,27,51,23,51,C_SURROGATE,B_METHOD_PIT,B_METHOD_PIT,C_PIT_CONSERVATIVE,C_SURROGATE,C_PIT_CONSERVATIVE,C_SURROGATE,EXPLORATORY_ONLY,TRUE,0,6c03730df19adafd8e4e3b1f84361e64a378a6a6,6b2fa9cf56ce738c74c8da6de0f5a972858f8a52,h7-exploratory-reconstruction-v1
2025-12-20,2025-12-20T11:21:20.240Z,ARTIFACT_AS_OF_UTC,47,ELIGIBLE,47,54,80,27,51,8,51,C_SURROGATE,B_METHOD_PIT,B_METHOD_PIT,C_PIT_CONSERVATIVE,C_SURROGATE,C_PIT_CONSERVATIVE,C_SURROGATE,EXPLORATORY_ONLY,TRUE,0,6c03730df19adafd8e4e3b1f84361e64a378a6a6,6b2fa9cf56ce738c74c8da6de0f5a972858f8a52,h7-exploratory-reconstruction-v1
2025-12-21,2025-12-21T11:22:02.385Z,ARTIFACT_AS_OF_UTC,46,ELIGIBLE,48,44,80,27,53,8,51,C_SURROGATE,B_METHOD_PIT,B_METHOD_PIT,C_PIT_CONSERVATIVE,C_SURROGATE,C_PIT_CONSERVATIVE,C_SURROGATE,EXPLORATORY_ONLY,TRUE,0,6c03730df19adafd8e4e3b1f84361e64a378a6a6,6b2fa9cf56ce738c74c8da6de0f5a972858f8a52,h7-exploratory-reconstruction-v1
2025-12-22,2025-12-22T11:24:51.723Z,ARTIFACT_AS_OF_UTC,47,ELIGIBLE,48,45,80,27,55,8,52,C_SURROGATE,B_METHOD_PIT,B_METHOD_PIT,C_PIT_CONSERVATIVE,C_SURROGATE,C_PIT_CONSERVATIVE,C_SURROGATE,EXPLORATORY_ONLY,TRUE,0,6c03730df19adafd8e4e3b1f84361e64a378a6a6,6b2fa9cf56ce738c74c8da6de0f5a972858f8a52,h7-exploratory-reconstruction-v1
2025-12-23,2025-12-23T11:25:40.822Z,ARTIFACT_AS_OF_UTC,46,ELIGIBLE,49,45,59,27,53,15,54,C_SURROGATE,B_METHOD_PIT,B_METHOD_PIT,C_PIT_CONSERVATIVE,C_SURROGATE,C_PIT_CONSERVATIVE,C_SURROGATE,EXPLORATORY_ONLY,TRUE,0,6c03730df19adafd8e4e3b1f84361e64a378a6a6,6b2fa9cf56ce738c74c8da6de0f5a972858f8a52,h7-exploratory-reconstruction-v1
2025-12-24,2025-12-24T14:55:58.019Z,ARTIFACT_AS_OF_UTC,53,ELIGIBLE,48,68,77,27,59,15,56,C_SURROGATE,B_METHOD_PIT,B_METHOD_PIT,C_PIT_CONSERVATIVE,C_SURROGATE,C_PIT_CONSERVATIVE,C_SURROGATE,EXPLORATORY_ONLY,TRUE,0,6c03730df19adafd8e4e3b1f84361e64a378a6a6,6b2fa9cf56ce738c74c8da6de0f5a972858f8a52,h7-exploratory-reconstruction-v1
2025-12-25,2025-12-25T11:23:43.940Z,ARTIFACT_AS_OF_UTC,53,ELIGIBLE,49,71,62,27,61,14,63,C_SURROGATE,B_METHOD_PIT,B_METHOD_PIT,C_PIT_CONSERVATIVE,C_SURROGATE,C_PIT_CONSERVATIVE,C_SURROGATE,EXPLORATORY_ONLY,TRUE,0,6c03730df19adafd8e4e3b1f84361e64a378a6a6,6b2fa9cf56ce738c74c8da6de0f5a972858f8a52,h7-exploratory-reconstruction-v1
2025-12-26,2025-12-26T11:24:38.292Z,ARTIFACT_AS_OF_UTC,54,ELIGIBLE,48,73,62,27,59,13,72,C_SURROGATE,B_METHOD_PIT,B_METHOD_PIT,C_PIT_CONSERVATIVE,C_SURROGATE,C_PIT_CONSERVATIVE,C_SURROGATE,EXPLORATORY_ONLY,TRUE,0,6c03730df19adafd8e4e3b1f84361e64a378a6a6,6b2fa9cf56ce738c74c8da6de0f5a972858f8a52,h7-exploratory-reconstruction-v1
2025-12-27,2025-12-27T11:21:51.513Z,ARTIFACT_AS_OF_UTC,55,ELIGIBLE,48,75,64,23,63,14,74,C_SURROGATE,B_METHOD_PIT,B_METHOD_PIT,C_PIT_CONSERVATIVE,C_SURROGATE,C_PIT_CONSERVATIVE,C_SURROGATE,EXPLORATORY_ONLY,TRUE,0,6c03730df19adafd8e4e3b1f84361e64a378a6a6,6b2fa9cf56ce738c74c8da6de0f5a972858f8a52,h7-exploratory-reconstruction-v1
2025-12-28,2025-12-28T11:22:44.210Z,ARTIFACT_AS_OF_UTC,55,ELIGIBLE,47,75,64,23,64,14,76,C_SURROGATE,B_METHOD_PIT,B_METHOD_PIT,C_PIT_CONSERVATIVE,C_SURROGATE,C_PIT_CONSERVATIVE,C_SURROGATE,EXPLORATORY_ONLY,TRUE,0,6c03730df19adafd8e4e3b1f84361e64a378a6a6,6b2fa9cf56ce738c74c8da6de0f5a972858f8a52,h7-exploratory-reconstruction-v1
2025-12-29,2025-12-29T11:26:04.045Z,ARTIFACT_AS_OF_UTC,56,ELIGIBLE,48,77,64,23,67,15,72,C_SURROGATE,B_METHOD_PIT,B_METHOD_PIT,C_PIT_CONSERVATIVE,C_SURROGATE,C_PIT_CONSERVATIVE,C_SURROGATE,EXPLORATORY_ONLY,TRUE,0,6c03730df19adafd8e4e3b1f84361e64a378a6a6,6b2fa9cf56ce738c74c8da6de0f5a972858f8a52,h7-exploratory-reconstruction-v1
2025-12-30,2025-12-30T11:26:01.189Z,ARTIFACT_AS_OF_UTC,57,ELIGIBLE,48,78,62,23,71,19,68,C_SURROGATE,B_METHOD_PIT,B_METHOD_PIT,C_PIT_CONSERVATIVE,C_SURROGATE,C_PIT_CONSERVATIVE,C_SURROGATE,EXPLORATORY_ONLY,TRUE,0,6c03730df19adafd8e4e3b1f84361e64a378a6a6,6b2fa9cf56ce738c74c8da6de0f5a972858f8a52,h7-exploratory-reconstruction-v1
2025-12-31,2025-12-31T11:25:06.456Z,ARTIFACT_AS_OF_UTC,55,ELIGIBLE,47,78,59,23,70,7,70,C_SURROGATE,B_METHOD_PIT,B_METHOD_PIT,C_PIT_CONSERVATIVE,C_SURROGATE,C_PIT_CONSERVATIVE,C_SURROGATE,EXPLORATORY_ONLY,TRUE,0,6c03730df19adafd8e4e3b1f84361e64a378a6a6,6b2fa9cf56ce738c74c8da6de0f5a972858f8a52,h7-exploratory-reconstruction-v1
2026-01-01,2026-01-01T11:24:36.877Z,ARTIFACT_AS_OF_UTC,56,ELIGIBLE,47,81,55,23,70,10,68,C_SURROGATE,B_METHOD_PIT,B_METHOD_PIT,C_PIT_CONSERVATIVE,C_SURROGATE,C_PIT_CONSERVATIVE,C_SURROGATE,EXPLORATORY_ONLY,TRUE,0,6c03730df19adafd8e4e3b1f84361e64a378a6a6,6b2fa9cf56ce738c74c8da6de0f5a972858f8a52,h7-exploratory-reconstruction-v1
2026-01-02,2026-01-02T11:24:34.050Z,ARTIFACT_AS_OF_UTC,50,ELIGIBLE,48,82,55,23,38,10,72,C_SURROGATE,B_METHOD_PIT,B_METHOD_PIT,C_PIT_CONSERVATIVE,C_SURROGATE,C_PIT_CONSERVATIVE,C_SURROGATE,EXPLORATORY_ONLY,TRUE,0,6c03730df19adafd8e4e3b1f84361e64a378a6a6,6b2fa9cf56ce738c74c8da6de0f5a972858f8a52,h7-exploratory-reconstruction-v1
2026-01-03,2026-01-03T11:22:37.705Z,ARTIFACT_AS_OF_UTC,50,ELIGIBLE,48,81,53,18,33,19,75,C_SURROGATE,B_METHOD_PIT,B_METHOD_PIT,C_PIT_CONSERVATIVE,C_SURROGATE,C_PIT_CONSERVATIVE,C_SURROGATE,EXPLORATORY_ONLY,TRUE,0,6c03730df19adafd8e4e3b1f84361e64a378a6a6,6b2fa9cf56ce738c74c8da6de0f5a972858f8a52,h7-exploratory-reconstruction-v1
2026-01-04,2026-01-04T11:22:20.198Z,ARTIFACT_AS_OF_UTC,50,ELIGIBLE,48,81,53,18,33,18,78,C_SURROGATE,B_METHOD_PIT,B_METHOD_PIT,C_PIT_CONSERVATIVE,C_SURROGATE,C_PIT_CONSERVATIVE,C_SURROGATE,EXPLORATORY_ONLY,TRUE,0,6c03730df19adafd8e4e3b1f84361e64a378a6a6,6b2fa9cf56ce738c74c8da6de0f5a972858f8a52,h7-exploratory-reconstruction-v1
2026-01-05,2026-01-05T11:26:34.426Z,ARTIFACT_AS_OF_UTC,52,ELIGIBLE,50,82,53,18,39,18,78,C_SURROGATE,B_METHOD_PIT,B_METHOD_PIT,C_PIT_CONSERVATIVE,C_SURROGATE,C_PIT_CONSERVATIVE,C_SURROGATE,EXPLORATORY_ONLY,TRUE,0,6c03730df19adafd8e4e3b1f84361e64a378a6a6,6b2fa9cf56ce738c74c8da6de0f5a972858f8a52,h7-exploratory-reconstruction-v1
2026-01-06,2026-01-06T11:26:00.150Z,ARTIFACT_AS_OF_UTC,50,ELIGIBLE,50,80,43,18,35,14,78,C_SURROGATE,B_METHOD_PIT,B_METHOD_PIT,C_PIT_CONSERVATIVE,C_SURROGATE,C_PIT_CONSERVATIVE,C_SURROGATE,EXPLORATORY_ONLY,TRUE,0,6c03730df19adafd8e4e3b1f84361e64a378a6a6,6b2fa9cf56ce738c74c8da6de0f5a972858f8a52,h7-exploratory-reconstruction-v1
2026-01-07,2026-01-07T11:27:17.160Z,ARTIFACT_AS_OF_UTC,50,ELIGIBLE,50,82,44,18,37,10,78,C_SURROGATE,B_METHOD_PIT,B_METHOD_PIT,C_PIT_CONSERVATIVE,C_SURROGATE,C_PIT_CONSERVATIVE,C_SURROGATE,EXPLORATORY_ONLY,TRUE,0,6c03730df19adafd8e4e3b1f84361e64a378a6a6,6b2fa9cf56ce738c74c8da6de0f5a972858f8a52,h7-exploratory-reconstruction-v1
2026-01-08,2026-01-08T11:27:22.743Z,ARTIFACT_AS_OF_UTC,52,ELIGIBLE,49,82,45,18,46,11,78,C_SURROGATE,B_METHOD_PIT,B_METHOD_PIT,C_PIT_CONSERVATIVE,C_SURROGATE,C_PIT_CONSERVATIVE,C_SURROGATE,EXPLORATORY_ONLY,TRUE,0,6c03730df19adafd8e4e3b1f84361e64a378a6a6,6b2fa9cf56ce738c74c8da6de0f5a972858f8a52,h7-exploratory-reconstruction-v1
2026-01-09,2026-01-09T11:25:56.436Z,ARTIFACT_AS_OF_UTC,51,ELIGIBLE,49,82,44,23,41,9,78,C_SURROGATE,B_METHOD_PIT,B_METHOD_PIT,C_PIT_CONSERVATIVE,C_SURROGATE,C_PIT_CONSERVATIVE,C_SURROGATE,EXPLORATORY_ONLY,TRUE,0,6c03730df19adafd8e4e3b1f84361e64a378a6a6,6b2fa9cf56ce738c74c8da6de0f5a972858f8a52,h7-exploratory-reconstruction-v1
2026-01-10,2026-01-10T11:23:08.421Z,ARTIFACT_AS_OF_UTC,53,ELIGIBLE,49,82,78,23,38,17,76,C_SURROGATE,B_METHOD_PIT,B_METHOD_PIT,C_PIT_CONSERVATIVE,C_SURROGATE,C_PIT_CONSERVATIVE,C_SURROGATE,EXPLORATORY_ONLY,TRUE,0,6c03730df19adafd8e4e3b1f84361e64a378a6a6,6b2fa9cf56ce738c74c8da6de0f5a972858f8a52,h7-exploratory-reconstruction-v1
2026-01-11,2026-01-11T11:23:15.171Z,ARTIFACT_AS_OF_UTC,53,ELIGIBLE,49,82,78,23,39,18,74,C_SURROGATE,B_METHOD_PIT,B_METHOD_PIT,C_PIT_CONSERVATIVE,C_SURROGATE,C_PIT_CONSERVATIVE,C_SURROGATE,EXPLORATORY_ONLY,TRUE,0,6c03730df19adafd8e4e3b1f84361e64a378a6a6,6b2fa9cf56ce738c74c8da6de0f5a972858f8a52,h7-exploratory-reconstruction-v1
2026-01-12,2026-01-12T11:27:33.805Z,ARTIFACT_AS_OF_UTC,54,ELIGIBLE,49,82,78,23,43,18,70,C_SURROGATE,B_METHOD_PIT,B_METHOD_PIT,C_PIT_CONSERVATIVE,C_SURROGATE,C_PIT_CONSERVATIVE,C_SURROGATE,EXPLORATORY_ONLY,TRUE,0,6c03730df19adafd8e4e3b1f84361e64a378a6a6,6b2fa9cf56ce738c74c8da6de0f5a972858f8a52,h7-exploratory-reconstruction-v1
2026-01-13,2026-01-13T11:27:48.903Z,ARTIFACT_AS_OF_UTC,,NOT_ELIGIBLE,49,82,47,23,,37,,C_SURROGATE,B_METHOD_PIT,B_METHOD_PIT,C_PIT_CONSERVATIVE,MISSING,C_PIT_CONSERVATIVE,MISSING,,FALSE,2,6c03730df19adafd8e4e3b1f84361e64a378a6a6,6b2fa9cf56ce738c74c8da6de0f5a972858f8a52,h7-exploratory-reconstruction-v1
2026-01-14,2026-01-14T11:30:00.000Z,FIXED_1130_UTC,,NOT_ELIGIBLE,50,,,23,,41,,C_SURROGATE,MISSING,MISSING,C_PIT_CONSERVATIVE,MISSING,C_PIT_CONSERVATIVE,MISSING,,FALSE,4,6c03730df19adafd8e4e3b1f84361e64a378a6a6,6b2fa9cf56ce738c74c8da6de0f5a972858f8a52,h7-exploratory-reconstruction-v1
2026-01-15,2026-01-15T11:27:16.633Z,ARTIFACT_AS_OF_UTC,58,ELIGIBLE,51,77,68,23,59,50,63,C_SURROGATE,B_METHOD_PIT,B_METHOD_PIT,C_PIT_CONSERVATIVE,C_SURROGATE,C_PIT_CONSERVATIVE,C_SURROGATE,EXPLORATORY_ONLY,TRUE,0,6c03730df19adafd8e4e3b1f84361e64a378a6a6,6b2fa9cf56ce738c74c8da6de0f5a972858f8a52,h7-exploratory-reconstruction-v1
2026-01-16,2026-01-16T11:26:30.040Z,ARTIFACT_AS_OF_UTC,56,ELIGIBLE,51,75,57,25,57,42,65,C_SURROGATE,B_METHOD_PIT,B_METHOD_PIT,C_PIT_CONSERVATIVE,C_SURROGATE,C_PIT_CONSERVATIVE,C_SURROGATE,EXPLORATORY_ONLY,TRUE,0,6c03730df19adafd8e4e3b1f84361e64a378a6a6,6b2fa9cf56ce738c74c8da6de0f5a972858f8a52,h7-exploratory-reconstruction-v1
2026-01-17,2026-01-17T11:22:47.578Z,ARTIFACT_AS_OF_UTC,56,ELIGIBLE,50,72,51,25,57,46,68,C_SURROGATE,B_METHOD_PIT,B_METHOD_PIT,C_PIT_CONSERVATIVE,C_SURROGATE,C_PIT_CONSERVATIVE,C_SURROGATE,EXPLORATORY_ONLY,TRUE,0,6c03730df19adafd8e4e3b1f84361e64a378a6a6,6b2fa9cf56ce738c74c8da6de0f5a972858f8a52,h7-exploratory-reconstruction-v1
2026-01-18,2026-01-18T11:22:12.844Z,ARTIFACT_AS_OF_UTC,55,ELIGIBLE,50,68,51,25,57,46,70,C_SURROGATE,B_METHOD_PIT,B_METHOD_PIT,C_PIT_CONSERVATIVE,C_SURROGATE,C_PIT_CONSERVATIVE,C_SURROGATE,EXPLORATORY_ONLY,TRUE,0,6c03730df19adafd8e4e3b1f84361e64a378a6a6,6b2fa9cf56ce738c74c8da6de0f5a972858f8a52,h7-exploratory-reconstruction-v1
2026-01-19,2026-01-19T11:28:14.272Z,ARTIFACT_AS_OF_UTC,55,ELIGIBLE,50,74,51,25,51,46,72,C_SURROGATE,B_METHOD_PIT,B_METHOD_PIT,C_PIT_CONSERVATIVE,C_SURROGATE,C_PIT_CONSERVATIVE,C_SURROGATE,EXPLORATORY_ONLY,TRUE,0,6c03730df19adafd8e4e3b1f84361e64a378a6a6,6b2fa9cf56ce738c74c8da6de0f5a972858f8a52,h7-exploratory-reconstruction-v1
2026-01-20,2026-01-20T11:29:45.648Z,ARTIFACT_AS_OF_UTC,58,ELIGIBLE,50,76,51,25,56,62,74,C_SURROGATE,B_METHOD_PIT,B_METHOD_PIT,C_PIT_CONSERVATIVE,C_SURROGATE,C_PIT_CONSERVATIVE,C_SURROGATE,EXPLORATORY_ONLY,TRUE,0,6c03730df19adafd8e4e3b1f84361e64a378a6a6,6b2fa9cf56ce738c74c8da6de0f5a972858f8a52,h7-exploratory-reconstruction-v1
2026-01-21,2026-01-21T11:30:56.543Z,ARTIFACT_AS_OF_UTC,59,ELIGIBLE,49,80,45,25,62,68,60,C_SURROGATE,B_METHOD_PIT,B_METHOD_PIT,C_PIT_CONSERVATIVE,C_SURROGATE,C_PIT_CONSERVATIVE,C_SURROGATE,EXPLORATORY_ONLY,TRUE,0,6c03730df19adafd8e4e3b1f84361e64a378a6a6,6b2fa9cf56ce738c74c8da6de0f5a972858f8a52,h7-exploratory-reconstruction-v1
2026-01-22,2026-01-22T11:29:28.784Z,ARTIFACT_AS_OF_UTC,58,ELIGIBLE,50,80,48,25,62,62,51,C_SURROGATE,B_METHOD_PIT,B_METHOD_PIT,C_PIT_CONSERVATIVE,C_SURROGATE,C_PIT_CONSERVATIVE,C_SURROGATE,EXPLORATORY_ONLY,TRUE,0,6c03730df19adafd8e4e3b1f84361e64a378a6a6,6b2fa9cf56ce738c74c8da6de0f5a972858f8a52,h7-exploratory-reconstruction-v1
2026-01-23,2026-01-23T11:27:53.459Z,ARTIFACT_AS_OF_UTC,60,ELIGIBLE,49,81,59,52,65,54,51,C_SURROGATE,B_METHOD_PIT,B_METHOD_PIT,C_PIT_CONSERVATIVE,C_SURROGATE,C_PIT_CONSERVATIVE,C_SURROGATE,EXPLORATORY_ONLY,TRUE,0,6c03730df19adafd8e4e3b1f84361e64a378a6a6,6b2fa9cf56ce738c74c8da6de0f5a972858f8a52,h7-exploratory-reconstruction-v1
2026-01-24,2026-01-24T11:23:55.332Z,ARTIFACT_AS_OF_UTC,61,ELIGIBLE,50,82,90,53,59,53,51,C_SURROGATE,B_METHOD_PIT,B_METHOD_PIT,C_PIT_CONSERVATIVE,C_SURROGATE,C_PIT_CONSERVATIVE,C_SURROGATE,EXPLORATORY_ONLY,TRUE,0,6c03730df19adafd8e4e3b1f84361e64a378a6a6,6b2fa9cf56ce738c74c8da6de0f5a972858f8a52,h7-exploratory-reconstruction-v1
2026-01-25,2026-01-25T11:24:01.489Z,ARTIFACT_AS_OF_UTC,59,ELIGIBLE,50,82,90,53,49,55,51,C_SURROGATE,B_METHOD_PIT,B_METHOD_PIT,C_PIT_CONSERVATIVE,C_SURROGATE,C_PIT_CONSERVATIVE,C_SURROGATE,EXPLORATORY_ONLY,TRUE,0,6c03730df19adafd8e4e3b1f84361e64a378a6a6,6b2fa9cf56ce738c74c8da6de0f5a972858f8a52,h7-exploratory-reconstruction-v1
2026-01-26,2026-01-26T11:27:38.154Z,ARTIFACT_AS_OF_UTC,58,ELIGIBLE,49,81,90,53,43,55,51,C_SURROGATE,B_METHOD_PIT,B_METHOD_PIT,C_PIT_CONSERVATIVE,C_SURROGATE,C_PIT_CONSERVATIVE,C_SURROGATE,EXPLORATORY_ONLY,TRUE,0,6c03730df19adafd8e4e3b1f84361e64a378a6a6,6b2fa9cf56ce738c74c8da6de0f5a972858f8a52,h7-exploratory-reconstruction-v1
2026-01-27,2026-01-27T11:29:35.096Z,ARTIFACT_AS_OF_UTC,55,ELIGIBLE,49,82,65,53,39,53,51,C_SURROGATE,B_METHOD_PIT,B_METHOD_PIT,C_PIT_CONSERVATIVE,C_SURROGATE,C_PIT_CONSERVATIVE,C_SURROGATE,EXPLORATORY_ONLY,TRUE,0,6c03730df19adafd8e4e3b1f84361e64a378a6a6,6b2fa9cf56ce738c74c8da6de0f5a972858f8a52,h7-exploratory-reconstruction-v1
2026-01-28,2026-01-28T11:29:35.860Z,ARTIFACT_AS_OF_UTC,57,ELIGIBLE,49,82,72,53,47,53,52,C_SURROGATE,B_METHOD_PIT,B_METHOD_PIT,C_PIT_CONSERVATIVE,C_SURROGATE,C_PIT_CONSERVATIVE,C_SURROGATE,EXPLORATORY_ONLY,TRUE,0,6c03730df19adafd8e4e3b1f84361e64a378a6a6,6b2fa9cf56ce738c74c8da6de0f5a972858f8a52,h7-exploratory-reconstruction-v1
2026-01-29,2026-01-29T11:37:07.842Z,ARTIFACT_AS_OF_UTC,57,ELIGIBLE,49,82,64,53,46,54,53,C_SURROGATE,B_METHOD_PIT,B_METHOD_PIT,C_PIT_CONSERVATIVE,C_SURROGATE,C_PIT_CONSERVATIVE,C_SURROGATE,EXPLORATORY_ONLY,TRUE,0,6c03730df19adafd8e4e3b1f84361e64a378a6a6,6b2fa9cf56ce738c74c8da6de0f5a972858f8a52,h7-exploratory-reconstruction-v1
2026-01-30,2026-01-30T11:35:17.007Z,ARTIFACT_AS_OF_UTC,61,ELIGIBLE,50,82,65,50,64,61,53,C_SURROGATE,B_METHOD_PIT,B_METHOD_PIT,C_PIT_CONSERVATIVE,C_SURROGATE,C_PIT_CONSERVATIVE,C_SURROGATE,EXPLORATORY_ONLY,TRUE,0,6c03730df19adafd8e4e3b1f84361e64a378a6a6,6b2fa9cf56ce738c74c8da6de0f5a972858f8a52,h7-exploratory-reconstruction-v1
2026-01-31,2026-01-31T11:27:08.557Z,ARTIFACT_AS_OF_UTC,61,ELIGIBLE,50,82,92,50,51,65,54,C_SURROGATE,B_METHOD_PIT,B_METHOD_PIT,C_PIT_CONSERVATIVE,C_SURROGATE,C_PIT_CONSERVATIVE,C_SURROGATE,EXPLORATORY_ONLY,TRUE,0,6c03730df19adafd8e4e3b1f84361e64a378a6a6,6b2fa9cf56ce738c74c8da6de0f5a972858f8a52,h7-exploratory-reconstruction-v1
2026-02-01,2026-02-01T11:28:15.191Z,ARTIFACT_AS_OF_UTC,64,ELIGIBLE,50,82,92,50,66,65,53,C_SURROGATE,B_METHOD_PIT,B_METHOD_PIT,C_PIT_CONSERVATIVE,C_SURROGATE,C_PIT_CONSERVATIVE,C_SURROGATE,EXPLORATORY_ONLY,TRUE,0,6c03730df19adafd8e4e3b1f84361e64a378a6a6,6b2fa9cf56ce738c74c8da6de0f5a972858f8a52,h7-exploratory-reconstruction-v1
2026-02-02,2026-02-02T11:40:27.758Z,ARTIFACT_AS_OF_UTC,63,ELIGIBLE,48,82,92,50,62,65,53,C_SURROGATE,B_METHOD_PIT,B_METHOD_PIT,C_PIT_CONSERVATIVE,C_SURROGATE,C_PIT_CONSERVATIVE,C_SURROGATE,EXPLORATORY_ONLY,TRUE,0,6c03730df19adafd8e4e3b1f84361e64a378a6a6,6b2fa9cf56ce738c74c8da6de0f5a972858f8a52,h7-exploratory-reconstruction-v1
2026-02-03,2026-02-03T11:40:02.610Z,ARTIFACT_AS_OF_UTC,56,ELIGIBLE,48,82,61,50,55,39,51,C_SURROGATE,B_METHOD_PIT,B_METHOD_PIT,C_PIT_CONSERVATIVE,C_SURROGATE,C_PIT_CONSERVATIVE,C_SURROGATE,EXPLORATORY_ONLY,TRUE,0,6c03730df19adafd8e4e3b1f84361e64a378a6a6,6b2fa9cf56ce738c74c8da6de0f5a972858f8a52,h7-exploratory-reconstruction-v1
2026-02-04,2026-02-04T11:39:12.823Z,ARTIFACT_AS_OF_UTC,59,ELIGIBLE,46,82,57,50,65,55,51,C_SURROGATE,B_METHOD_PIT,B_METHOD_PIT,C_PIT_CONSERVATIVE,C_SURROGATE,C_PIT_CONSERVATIVE,C_SURROGATE,EXPLORATORY_ONLY,TRUE,0,6c03730df19adafd8e4e3b1f84361e64a378a6a6,6b2fa9cf56ce738c74c8da6de0f5a972858f8a52,h7-exploratory-reconstruction-v1
2026-02-05,2026-02-05T11:40:35.054Z,ARTIFACT_AS_OF_UTC,58,ELIGIBLE,41,81,62,50,67,56,51,C_SURROGATE,B_METHOD_PIT,B_METHOD_PIT,C_PIT_CONSERVATIVE,C_SURROGATE,C_PIT_CONSERVATIVE,C_SURROGATE,EXPLORATORY_ONLY,TRUE,0,6c03730df19adafd8e4e3b1f84361e64a378a6a6,6b2fa9cf56ce738c74c8da6de0f5a972858f8a52,h7-exploratory-reconstruction-v1
2026-02-06,2026-02-06T11:39:38.725Z,ARTIFACT_AS_OF_UTC,57,ELIGIBLE,39,81,56,68,64,60,51,C_SURROGATE,B_METHOD_PIT,B_METHOD_PIT,C_PIT_CONSERVATIVE,C_SURROGATE,C_PIT_CONSERVATIVE,C_SURROGATE,EXPLORATORY_ONLY,TRUE,0,6c03730df19adafd8e4e3b1f84361e64a378a6a6,6b2fa9cf56ce738c74c8da6de0f5a972858f8a52,h7-exploratory-reconstruction-v1
2026-02-07,2026-02-07T11:28:49.378Z,ARTIFACT_AS_OF_UTC,58,ELIGIBLE,39,81,70,68,67,50,51,C_SURROGATE,B_METHOD_PIT,B_METHOD_PIT,C_PIT_CONSERVATIVE,C_SURROGATE,C_PIT_CONSERVATIVE,C_SURROGATE,EXPLORATORY_ONLY,TRUE,0,6c03730df19adafd8e4e3b1f84361e64a378a6a6,6b2fa9cf56ce738c74c8da6de0f5a972858f8a52,h7-exploratory-reconstruction-v1
2026-02-08,2026-02-08T11:29:34.426Z,ARTIFACT_AS_OF_UTC,58,ELIGIBLE,38,81,70,68,67,49,51,C_SURROGATE,B_METHOD_PIT,B_METHOD_PIT,C_PIT_CONSERVATIVE,C_SURROGATE,C_PIT_CONSERVATIVE,C_SURROGATE,EXPLORATORY_ONLY,TRUE,0,6c03730df19adafd8e4e3b1f84361e64a378a6a6,6b2fa9cf56ce738c74c8da6de0f5a972858f8a52,h7-exploratory-reconstruction-v1
2026-02-09,2026-02-09T11:52:36.652Z,ARTIFACT_AS_OF_UTC,57,ELIGIBLE,39,81,63,68,64,50,51,C_SURROGATE,B_METHOD_PIT,B_METHOD_PIT,C_PIT_CONSERVATIVE,C_SURROGATE,C_PIT_CONSERVATIVE,C_SURROGATE,EXPLORATORY_ONLY,TRUE,0,6c03730df19adafd8e4e3b1f84361e64a378a6a6,6b2fa9cf56ce738c74c8da6de0f5a972858f8a52,h7-exploratory-reconstruction-v1
2026-02-10,2026-02-10T11:55:11.084Z,ARTIFACT_AS_OF_UTC,55,ELIGIBLE,39,80,43,68,67,40,51,C_SURROGATE,B_METHOD_PIT,B_METHOD_PIT,C_PIT_CONSERVATIVE,C_SURROGATE,C_PIT_CONSERVATIVE,C_SURROGATE,EXPLORATORY_ONLY,TRUE,0,6c03730df19adafd8e4e3b1f84361e64a378a6a6,6b2fa9cf56ce738c74c8da6de0f5a972858f8a52,h7-exploratory-reconstruction-v1
2026-02-11,2026-02-11T11:50:37.986Z,ARTIFACT_AS_OF_UTC,55,ELIGIBLE,39,81,42,68,66,36,54,C_SURROGATE,B_METHOD_PIT,B_METHOD_PIT,C_PIT_CONSERVATIVE,C_SURROGATE,C_PIT_CONSERVATIVE,C_SURROGATE,EXPLORATORY_ONLY,TRUE,0,6c03730df19adafd8e4e3b1f84361e64a378a6a6,6b2fa9cf56ce738c74c8da6de0f5a972858f8a52,h7-exploratory-reconstruction-v1
2026-02-12,2026-02-12T11:45:18.628Z,ARTIFACT_AS_OF_UTC,54,ELIGIBLE,38,81,50,68,64,31,58,C_SURROGATE,B_METHOD_PIT,B_METHOD_PIT,C_PIT_CONSERVATIVE,C_SURROGATE,C_PIT_CONSERVATIVE,C_SURROGATE,EXPLORATORY_ONLY,TRUE,0,6c03730df19adafd8e4e3b1f84361e64a378a6a6,6b2fa9cf56ce738c74c8da6de0f5a972858f8a52,h7-exploratory-reconstruction-v1
2026-02-13,2026-02-13T11:37:10.922Z,ARTIFACT_AS_OF_UTC,57,ELIGIBLE,38,81,51,74,63,55,63,C_SURROGATE,B_METHOD_PIT,B_METHOD_PIT,C_PIT_CONSERVATIVE,C_SURROGATE,C_PIT_CONSERVATIVE,C_SURROGATE,EXPLORATORY_ONLY,TRUE,0,6c03730df19adafd8e4e3b1f84361e64a378a6a6,6b2fa9cf56ce738c74c8da6de0f5a972858f8a52,h7-exploratory-reconstruction-v1
2026-02-14,2026-02-14T11:29:00.705Z,ARTIFACT_AS_OF_UTC,54,ELIGIBLE,36,81,43,74,61,33,68,C_SURROGATE,B_METHOD_PIT,B_METHOD_PIT,C_PIT_CONSERVATIVE,C_SURROGATE,C_PIT_CONSERVATIVE,C_SURROGATE,EXPLORATORY_ONLY,TRUE,0,6c03730df19adafd8e4e3b1f84361e64a378a6a6,6b2fa9cf56ce738c74c8da6de0f5a972858f8a52,h7-exploratory-reconstruction-v1
2026-02-15,2026-02-15T11:29:43.881Z,ARTIFACT_AS_OF_UTC,55,ELIGIBLE,36,82,43,74,59,33,75,C_SURROGATE,B_METHOD_PIT,B_METHOD_PIT,C_PIT_CONSERVATIVE,C_SURROGATE,C_PIT_CONSERVATIVE,C_SURROGATE,EXPLORATORY_ONLY,TRUE,0,6c03730df19adafd8e4e3b1f84361e64a378a6a6,6b2fa9cf56ce738c74c8da6de0f5a972858f8a52,h7-exploratory-reconstruction-v1
2026-02-16,2026-02-16T11:44:23.197Z,ARTIFACT_AS_OF_UTC,55,ELIGIBLE,37,81,43,74,60,34,78,C_SURROGATE,B_METHOD_PIT,B_METHOD_PIT,C_PIT_CONSERVATIVE,C_SURROGATE,C_PIT_CONSERVATIVE,C_SURROGATE,EXPLORATORY_ONLY,TRUE,0,6c03730df19adafd8e4e3b1f84361e64a378a6a6,6b2fa9cf56ce738c74c8da6de0f5a972858f8a52,h7-exploratory-reconstruction-v1
2026-02-17,2026-02-17T11:44:22.074Z,ARTIFACT_AS_OF_UTC,55,ELIGIBLE,38,81,43,74,59,34,78,C_SURROGATE,B_METHOD_PIT,B_METHOD_PIT,C_PIT_CONSERVATIVE,C_SURROGATE,C_PIT_CONSERVATIVE,C_SURROGATE,EXPLORATORY_ONLY,TRUE,0,6c03730df19adafd8e4e3b1f84361e64a378a6a6,6b2fa9cf56ce738c74c8da6de0f5a972858f8a52,h7-exploratory-reconstruction-v1
2026-02-18,2026-02-18T11:43:45.338Z,ARTIFACT_AS_OF_UTC,56,ELIGIBLE,38,80,54,74,59,29,78,C_SURROGATE,B_METHOD_PIT,B_METHOD_PIT,C_PIT_CONSERVATIVE,C_SURROGATE,C_PIT_CONSERVATIVE,C_SURROGATE,EXPLORATORY_ONLY,TRUE,0,6c03730df19adafd8e4e3b1f84361e64a378a6a6,6b2fa9cf56ce738c74c8da6de0f5a972858f8a52,h7-exploratory-reconstruction-v1
2026-02-19,2026-02-19T11:43:16.203Z,ARTIFACT_AS_OF_UTC,56,ELIGIBLE,38,79,49,74,63,28,78,C_SURROGATE,B_METHOD_PIT,B_METHOD_PIT,C_PIT_CONSERVATIVE,C_SURROGATE,C_PIT_CONSERVATIVE,C_SURROGATE,EXPLORATORY_ONLY,TRUE,0,6c03730df19adafd8e4e3b1f84361e64a378a6a6,6b2fa9cf56ce738c74c8da6de0f5a972858f8a52,h7-exploratory-reconstruction-v1
2026-02-20,2026-02-20T11:38:27.983Z,ARTIFACT_AS_OF_UTC,56,ELIGIBLE,36,78,87,67,55,29,77,C_SURROGATE,B_METHOD_PIT,B_METHOD_PIT,C_PIT_CONSERVATIVE,C_SURROGATE,C_PIT_CONSERVATIVE,C_SURROGATE,EXPLORATORY_ONLY,TRUE,0,6c03730df19adafd8e4e3b1f84361e64a378a6a6,6b2fa9cf56ce738c74c8da6de0f5a972858f8a52,h7-exploratory-reconstruction-v1
2026-02-21,2026-02-21T11:28:37.169Z,ARTIFACT_AS_OF_UTC,54,ELIGIBLE,36,76,70,68,55,28,77,C_SURROGATE,B_METHOD_PIT,B_METHOD_PIT,C_PIT_CONSERVATIVE,C_SURROGATE,C_PIT_CONSERVATIVE,C_SURROGATE,EXPLORATORY_ONLY,TRUE,0,6c03730df19adafd8e4e3b1f84361e64a378a6a6,6b2fa9cf56ce738c74c8da6de0f5a972858f8a52,h7-exploratory-reconstruction-v1
2026-02-22,2026-02-22T11:28:29.826Z,ARTIFACT_AS_OF_UTC,54,ELIGIBLE,35,75,70,68,57,28,75,C_SURROGATE,B_METHOD_PIT,B_METHOD_PIT,C_PIT_CONSERVATIVE,C_SURROGATE,C_PIT_CONSERVATIVE,C_SURROGATE,EXPLORATORY_ONLY,TRUE,0,6c03730df19adafd8e4e3b1f84361e64a378a6a6,6b2fa9cf56ce738c74c8da6de0f5a972858f8a52,h7-exploratory-reconstruction-v1
2026-02-23,2026-02-23T11:43:50.609Z,ARTIFACT_AS_OF_UTC,54,ELIGIBLE,38,75,70,68,55,28,72,C_SURROGATE,B_METHOD_PIT,B_METHOD_PIT,C_PIT_CONSERVATIVE,C_SURROGATE,C_PIT_CONSERVATIVE,C_SURROGATE,EXPLORATORY_ONLY,TRUE,0,6c03730df19adafd8e4e3b1f84361e64a378a6a6,6b2fa9cf56ce738c74c8da6de0f5a972858f8a52,h7-exploratory-reconstruction-v1
2026-02-24,2026-02-24T11:44:54.951Z,ARTIFACT_AS_OF_UTC,55,ELIGIBLE,39,71,57,68,61,44,68,C_SURROGATE,B_METHOD_PIT,B_METHOD_PIT,C_PIT_CONSERVATIVE,C_SURROGATE,C_PIT_CONSERVATIVE,C_SURROGATE,EXPLORATORY_ONLY,TRUE,0,6c03730df19adafd8e4e3b1f84361e64a378a6a6,6b2fa9cf56ce738c74c8da6de0f5a972858f8a52,h7-exploratory-reconstruction-v1
2026-02-25,2026-02-25T11:44:14.494Z,ARTIFACT_AS_OF_UTC,53,ELIGIBLE,37,69,45,68,61,42,68,C_SURROGATE,B_METHOD_PIT,B_METHOD_PIT,C_PIT_CONSERVATIVE,C_SURROGATE,C_PIT_CONSERVATIVE,C_SURROGATE,EXPLORATORY_ONLY,TRUE,0,6c03730df19adafd8e4e3b1f84361e64a378a6a6,6b2fa9cf56ce738c74c8da6de0f5a972858f8a52,h7-exploratory-reconstruction-v1
2026-02-26,2026-02-26T11:44:20.553Z,ARTIFACT_AS_OF_UTC,51,ELIGIBLE,36,56,52,68,63,39,70,C_SURROGATE,B_METHOD_PIT,B_METHOD_PIT,C_PIT_CONSERVATIVE,C_SURROGATE,C_PIT_CONSERVATIVE,C_SURROGATE,EXPLORATORY_ONLY,TRUE,0,6c03730df19adafd8e4e3b1f84361e64a378a6a6,6b2fa9cf56ce738c74c8da6de0f5a972858f8a52,h7-exploratory-reconstruction-v1
2026-02-27,2026-02-27T11:38:29.551Z,ARTIFACT_AS_OF_UTC,49,ELIGIBLE,36,51,51,63,61,40,63,C_SURROGATE,B_METHOD_PIT,B_METHOD_PIT,C_PIT_CONSERVATIVE,C_SURROGATE,C_PIT_CONSERVATIVE,C_SURROGATE,EXPLORATORY_ONLY,TRUE,0,6c03730df19adafd8e4e3b1f84361e64a378a6a6,6b2fa9cf56ce738c74c8da6de0f5a972858f8a52,h7-exploratory-reconstruction-v1
2026-02-28,2026-02-28T11:26:23.540Z,ARTIFACT_AS_OF_UTC,49,ELIGIBLE,38,43,63,62,63,43,58,C_SURROGATE,B_METHOD_PIT,B_METHOD_PIT,C_PIT_CONSERVATIVE,C_SURROGATE,C_PIT_CONSERVATIVE,C_SURROGATE,EXPLORATORY_ONLY,TRUE,0,6c03730df19adafd8e4e3b1f84361e64a378a6a6,6b2fa9cf56ce738c74c8da6de0f5a972858f8a52,h7-exploratory-reconstruction-v1
2026-03-01,2026-03-01T11:27:26.028Z,ARTIFACT_AS_OF_UTC,49,ELIGIBLE,35,43,63,62,65,43,60,C_SURROGATE,B_METHOD_PIT,B_METHOD_PIT,C_PIT_CONSERVATIVE,C_SURROGATE,C_PIT_CONSERVATIVE,C_SURROGATE,EXPLORATORY_ONLY,TRUE,0,6c03730df19adafd8e4e3b1f84361e64a378a6a6,6b2fa9cf56ce738c74c8da6de0f5a972858f8a52,h7-exploratory-reconstruction-v1
2026-03-02,2026-03-02T11:35:58.421Z,ARTIFACT_AS_OF_UTC,50,ELIGIBLE,36,42,63,62,63,44,72,C_SURROGATE,B_METHOD_PIT,B_METHOD_PIT,C_PIT_CONSERVATIVE,C_SURROGATE,C_PIT_CONSERVATIVE,C_SURROGATE,EXPLORATORY_ONLY,TRUE,0,6c03730df19adafd8e4e3b1f84361e64a378a6a6,6b2fa9cf56ce738c74c8da6de0f5a972858f8a52,h7-exploratory-reconstruction-v1
2026-03-03,2026-03-03T11:39:18.059Z,ARTIFACT_AS_OF_UTC,52,ELIGIBLE,38,37,43,62,68,61,78,C_SURROGATE,B_METHOD_PIT,B_METHOD_PIT,C_PIT_CONSERVATIVE,C_SURROGATE,C_PIT_CONSERVATIVE,C_SURROGATE,EXPLORATORY_ONLY,TRUE,0,6c03730df19adafd8e4e3b1f84361e64a378a6a6,6b2fa9cf56ce738c74c8da6de0f5a972858f8a52,h7-exploratory-reconstruction-v1
2026-03-04,2026-03-04T11:37:17.361Z,ARTIFACT_AS_OF_UTC,55,ELIGIBLE,44,41,46,62,71,65,78,C_SURROGATE,B_METHOD_PIT,B_METHOD_PIT,C_PIT_CONSERVATIVE,C_SURROGATE,C_PIT_CONSERVATIVE,C_SURROGATE,EXPLORATORY_ONLY,TRUE,0,6c03730df19adafd8e4e3b1f84361e64a378a6a6,6b2fa9cf56ce738c74c8da6de0f5a972858f8a52,h7-exploratory-reconstruction-v1
2026-03-05,2026-03-05T11:39:48.566Z,ARTIFACT_AS_OF_UTC,54,ELIGIBLE,45,34,48,62,70,67,78,C_SURROGATE,B_METHOD_PIT,B_METHOD_PIT,C_PIT_CONSERVATIVE,C_SURROGATE,C_PIT_CONSERVATIVE,C_SURROGATE,EXPLORATORY_ONLY,TRUE,0,6c03730df19adafd8e4e3b1f84361e64a378a6a6,6b2fa9cf56ce738c74c8da6de0f5a972858f8a52,h7-exploratory-reconstruction-v1
2026-03-06,2026-03-06T11:30:00.000Z,FIXED_1130_UTC,,NOT_ELIGIBLE,43,,,48,,73,,C_SURROGATE,MISSING,MISSING,C_PIT_CONSERVATIVE,MISSING,C_PIT_CONSERVATIVE,MISSING,,FALSE,4,6c03730df19adafd8e4e3b1f84361e64a378a6a6,6b2fa9cf56ce738c74c8da6de0f5a972858f8a52,h7-exploratory-reconstruction-v1
2026-03-07,2026-03-07T11:27:09.776Z,ARTIFACT_AS_OF_UTC,57,ELIGIBLE,40,42,50,47,75,92,78,C_SURROGATE,B_METHOD_PIT,B_METHOD_PIT,C_PIT_CONSERVATIVE,C_SURROGATE,C_PIT_CONSERVATIVE,C_SURROGATE,EXPLORATORY_ONLY,TRUE,0,6c03730df19adafd8e4e3b1f84361e64a378a6a6,6b2fa9cf56ce738c74c8da6de0f5a972858f8a52,h7-exploratory-reconstruction-v1
2026-03-08,2026-03-08T11:28:09.047Z,ARTIFACT_AS_OF_UTC,56,ELIGIBLE,39,42,50,47,68,92,78,C_SURROGATE,B_METHOD_PIT,B_METHOD_PIT,C_PIT_CONSERVATIVE,C_SURROGATE,C_PIT_CONSERVATIVE,C_SURROGATE,EXPLORATORY_ONLY,TRUE,0,6c03730df19adafd8e4e3b1f84361e64a378a6a6,6b2fa9cf56ce738c74c8da6de0f5a972858f8a52,h7-exploratory-reconstruction-v1
2026-03-09,2026-03-09T11:38:53.644Z,ARTIFACT_AS_OF_UTC,54,ELIGIBLE,42,37,50,47,60,92,78,C_SURROGATE,B_METHOD_PIT,B_METHOD_PIT,C_PIT_CONSERVATIVE,C_SURROGATE,C_PIT_CONSERVATIVE,C_SURROGATE,EXPLORATORY_ONLY,TRUE,0,6c03730df19adafd8e4e3b1f84361e64a378a6a6,6b2fa9cf56ce738c74c8da6de0f5a972858f8a52,h7-exploratory-reconstruction-v1
2026-03-10,2026-03-10T11:38:44.498Z,ARTIFACT_AS_OF_UTC,55,ELIGIBLE,45,34,57,47,63,89,75,C_SURROGATE,B_METHOD_PIT,B_METHOD_PIT,C_PIT_CONSERVATIVE,C_SURROGATE,C_PIT_CONSERVATIVE,C_SURROGATE,EXPLORATORY_ONLY,TRUE,0,6c03730df19adafd8e4e3b1f84361e64a378a6a6,6b2fa9cf56ce738c74c8da6de0f5a972858f8a52,h7-exploratory-reconstruction-v1
2026-03-11,2026-03-11T11:39:16.966Z,ARTIFACT_AS_OF_UTC,52,ELIGIBLE,44,34,60,47,51,91,72,C_SURROGATE,B_METHOD_PIT,B_METHOD_PIT,C_PIT_CONSERVATIVE,C_SURROGATE,C_PIT_CONSERVATIVE,C_SURROGATE,EXPLORATORY_ONLY,TRUE,0,6c03730df19adafd8e4e3b1f84361e64a378a6a6,6b2fa9cf56ce738c74c8da6de0f5a972858f8a52,h7-exploratory-reconstruction-v1
2026-03-12,2026-03-12T11:36:52.002Z,ARTIFACT_AS_OF_UTC,52,ELIGIBLE,45,33,72,47,43,96,65,C_SURROGATE,B_METHOD_PIT,B_METHOD_PIT,C_PIT_CONSERVATIVE,C_SURROGATE,C_PIT_CONSERVATIVE,C_SURROGATE,EXPLORATORY_ONLY,TRUE,0,6c03730df19adafd8e4e3b1f84361e64a378a6a6,6b2fa9cf56ce738c74c8da6de0f5a972858f8a52,h7-exploratory-reconstruction-v1
2026-03-13,2026-03-13T11:37:20.675Z,ARTIFACT_AS_OF_UTC,52,ELIGIBLE,46,33,65,45,49,95,63,C_SURROGATE,B_METHOD_PIT,B_METHOD_PIT,C_PIT_CONSERVATIVE,C_SURROGATE,C_PIT_CONSERVATIVE,C_SURROGATE,EXPLORATORY_ONLY,TRUE,0,6c03730df19adafd8e4e3b1f84361e64a378a6a6,6b2fa9cf56ce738c74c8da6de0f5a972858f8a52,h7-exploratory-reconstruction-v1
2026-03-14,2026-03-14T11:30:38.668Z,ARTIFACT_AS_OF_UTC,50,ELIGIBLE,45,33,77,45,35,96,63,C_SURROGATE,B_METHOD_PIT,B_METHOD_PIT,C_PIT_CONSERVATIVE,C_SURROGATE,C_PIT_CONSERVATIVE,C_SURROGATE,EXPLORATORY_ONLY,TRUE,0,6c03730df19adafd8e4e3b1f84361e64a378a6a6,6b2fa9cf56ce738c74c8da6de0f5a972858f8a52,h7-exploratory-reconstruction-v1
2026-03-15,2026-03-15T11:33:17.598Z,ARTIFACT_AS_OF_UTC,51,ELIGIBLE,45,33,77,45,36,96,65,C_SURROGATE,B_METHOD_PIT,B_METHOD_PIT,C_PIT_CONSERVATIVE,C_SURROGATE,C_PIT_CONSERVATIVE,C_SURROGATE,EXPLORATORY_ONLY,TRUE,0,6c03730df19adafd8e4e3b1f84361e64a378a6a6,6b2fa9cf56ce738c74c8da6de0f5a972858f8a52,h7-exploratory-reconstruction-v1
2026-03-16,2026-03-16T11:52:46.189Z,ARTIFACT_AS_OF_UTC,53,ELIGIBLE,49,33,77,45,37,96,70,C_SURROGATE,B_METHOD_PIT,B_METHOD_PIT,C_PIT_CONSERVATIVE,C_SURROGATE,C_PIT_CONSERVATIVE,C_SURROGATE,EXPLORATORY_ONLY,TRUE,0,6c03730df19adafd8e4e3b1f84361e64a378a6a6,6b2fa9cf56ce738c74c8da6de0f5a972858f8a52,h7-exploratory-reconstruction-v1
2026-03-17,2026-03-17T11:48:22.224Z,ARTIFACT_AS_OF_UTC,52,ELIGIBLE,48,33,67,45,35,96,75,C_SURROGATE,B_METHOD_PIT,B_METHOD_PIT,C_PIT_CONSERVATIVE,C_SURROGATE,C_PIT_CONSERVATIVE,C_SURROGATE,EXPLORATORY_ONLY,TRUE,0,6c03730df19adafd8e4e3b1f84361e64a378a6a6,6b2fa9cf56ce738c74c8da6de0f5a972858f8a52,h7-exploratory-reconstruction-v1
2026-03-18,2026-03-18T11:51:31.358Z,ARTIFACT_AS_OF_UTC,53,ELIGIBLE,48,33,64,45,43,96,76,C_SURROGATE,B_METHOD_PIT,B_METHOD_PIT,C_PIT_CONSERVATIVE,C_SURROGATE,C_PIT_CONSERVATIVE,C_SURROGATE,EXPLORATORY_ONLY,TRUE,0,6c03730df19adafd8e4e3b1f84361e64a378a6a6,6b2fa9cf56ce738c74c8da6de0f5a972858f8a52,h7-exploratory-reconstruction-v1
2026-03-19,2026-03-19T11:41:25.362Z,ARTIFACT_AS_OF_UTC,52,ELIGIBLE,46,33,56,45,45,96,78,C_SURROGATE,B_METHOD_PIT,B_METHOD_PIT,C_PIT_CONSERVATIVE,C_SURROGATE,C_PIT_CONSERVATIVE,C_SURROGATE,EXPLORATORY_ONLY,TRUE,0,6c03730df19adafd8e4e3b1f84361e64a378a6a6,6b2fa9cf56ce738c74c8da6de0f5a972858f8a52,h7-exploratory-reconstruction-v1
2026-03-20,2026-03-20T11:37:34.712Z,ARTIFACT_AS_OF_UTC,50,ELIGIBLE,47,34,57,21,34,96,78,C_SURROGATE,B_METHOD_PIT,B_METHOD_PIT,C_PIT_CONSERVATIVE,C_SURROGATE,C_PIT_CONSERVATIVE,C_SURROGATE,EXPLORATORY_ONLY,TRUE,0,6c03730df19adafd8e4e3b1f84361e64a378a6a6,6b2fa9cf56ce738c74c8da6de0f5a972858f8a52,h7-exploratory-reconstruction-v1
2026-03-21,2026-03-21T11:29:50.532Z,ARTIFACT_AS_OF_UTC,51,ELIGIBLE,47,35,68,21,36,96,76,C_SURROGATE,B_METHOD_PIT,B_METHOD_PIT,C_PIT_CONSERVATIVE,C_SURROGATE,C_PIT_CONSERVATIVE,C_SURROGATE,EXPLORATORY_ONLY,TRUE,0,6c03730df19adafd8e4e3b1f84361e64a378a6a6,6b2fa9cf56ce738c74c8da6de0f5a972858f8a52,h7-exploratory-reconstruction-v1
2026-03-22,2026-03-22T11:30:25.379Z,ARTIFACT_AS_OF_UTC,49,ELIGIBLE,45,35,68,21,34,96,63,C_SURROGATE,B_METHOD_PIT,B_METHOD_PIT,C_PIT_CONSERVATIVE,C_SURROGATE,C_PIT_CONSERVATIVE,C_SURROGATE,EXPLORATORY_ONLY,TRUE,0,6c03730df19adafd8e4e3b1f84361e64a378a6a6,6b2fa9cf56ce738c74c8da6de0f5a972858f8a52,h7-exploratory-reconstruction-v1
2026-03-23,2026-03-23T11:49:52.823Z,ARTIFACT_AS_OF_UTC,51,ELIGIBLE,47,38,68,21,43,96,54,C_SURROGATE,B_METHOD_PIT,B_METHOD_PIT,C_PIT_CONSERVATIVE,C_SURROGATE,C_PIT_CONSERVATIVE,C_SURROGATE,EXPLORATORY_ONLY,TRUE,0,6c03730df19adafd8e4e3b1f84361e64a378a6a6,6b2fa9cf56ce738c74c8da6de0f5a972858f8a52,h7-exploratory-reconstruction-v1
2026-03-24,2026-03-24T11:50:13.804Z,ARTIFACT_AS_OF_UTC,50,ELIGIBLE,47,38,60,21,46,96,51,C_SURROGATE,B_METHOD_PIT,B_METHOD_PIT,C_PIT_CONSERVATIVE,C_SURROGATE,C_PIT_CONSERVATIVE,C_SURROGATE,EXPLORATORY_ONLY,TRUE,0,6c03730df19adafd8e4e3b1f84361e64a378a6a6,6b2fa9cf56ce738c74c8da6de0f5a972858f8a52,h7-exploratory-reconstruction-v1
2026-03-25,2026-03-25T11:47:55.469Z,ARTIFACT_AS_OF_UTC,,NOT_ELIGIBLE,48,38,58,21,,96,,C_SURROGATE,B_METHOD_PIT,B_METHOD_PIT,C_PIT_CONSERVATIVE,MISSING,C_PIT_CONSERVATIVE,MISSING,,FALSE,2,6c03730df19adafd8e4e3b1f84361e64a378a6a6,6b2fa9cf56ce738c74c8da6de0f5a972858f8a52,h7-exploratory-reconstruction-v1
2026-03-26,2026-03-26T11:54:54.675Z,ARTIFACT_AS_OF_UTC,50,ELIGIBLE,47,43,63,21,40,96,51,C_SURROGATE,B_METHOD_PIT,B_METHOD_PIT,C_PIT_CONSERVATIVE,C_SURROGATE,C_PIT_CONSERVATIVE,C_SURROGATE,EXPLORATORY_ONLY,TRUE,0,6c03730df19adafd8e4e3b1f84361e64a378a6a6,6b2fa9cf56ce738c74c8da6de0f5a972858f8a52,h7-exploratory-reconstruction-v1
2026-03-27,2026-03-27T11:47:14.451Z,ARTIFACT_AS_OF_UTC,52,ELIGIBLE,45,47,62,22,50,96,51,C_SURROGATE,B_METHOD_PIT,B_METHOD_PIT,C_PIT_CONSERVATIVE,C_SURROGATE,C_PIT_CONSERVATIVE,C_SURROGATE,EXPLORATORY_ONLY,TRUE,0,6c03730df19adafd8e4e3b1f84361e64a378a6a6,6b2fa9cf56ce738c74c8da6de0f5a972858f8a52,h7-exploratory-reconstruction-v1
2026-03-28,2026-03-28T11:35:13.687Z,ARTIFACT_AS_OF_UTC,52,ELIGIBLE,44,49,86,23,40,96,51,C_SURROGATE,B_METHOD_PIT,B_METHOD_PIT,C_PIT_CONSERVATIVE,C_SURROGATE,C_PIT_CONSERVATIVE,C_SURROGATE,EXPLORATORY_ONLY,TRUE,0,6c03730df19adafd8e4e3b1f84361e64a378a6a6,6b2fa9cf56ce738c74c8da6de0f5a972858f8a52,h7-exploratory-reconstruction-v1
2026-03-29,2026-03-29T11:30:00.000Z,FIXED_1130_UTC,,NOT_ELIGIBLE,45,,,23,,96,,C_SURROGATE,MISSING,MISSING,C_PIT_CONSERVATIVE,MISSING,C_PIT_CONSERVATIVE,MISSING,,FALSE,4,6c03730df19adafd8e4e3b1f84361e64a378a6a6,6b2fa9cf56ce738c74c8da6de0f5a972858f8a52,h7-exploratory-reconstruction-v1
2026-03-30,2026-03-30T11:30:00.000Z,FIXED_1130_UTC,,NOT_ELIGIBLE,46,,,23,,96,,C_SURROGATE,MISSING,MISSING,C_PIT_CONSERVATIVE,MISSING,C_PIT_CONSERVATIVE,MISSING,,FALSE,4,6c03730df19adafd8e4e3b1f84361e64a378a6a6,6b2fa9cf56ce738c74c8da6de0f5a972858f8a52,h7-exploratory-reconstruction-v1
2026-03-31,2026-03-31T11:54:39.642Z,ARTIFACT_AS_OF_UTC,55,ELIGIBLE,46,54,63,23,53,96,52,C_SURROGATE,B_METHOD_PIT,B_METHOD_PIT,C_PIT_CONSERVATIVE,C_SURROGATE,C_PIT_CONSERVATIVE,C_SURROGATE,EXPLORATORY_ONLY,TRUE,0,6c03730df19adafd8e4e3b1f84361e64a378a6a6,6b2fa9cf56ce738c74c8da6de0f5a972858f8a52,h7-exploratory-reconstruction-v1
2026-04-01,2026-04-01T11:56:36.701Z,ARTIFACT_AS_OF_UTC,55,ELIGIBLE,47,54,72,23,46,96,56,C_SURROGATE,B_METHOD_PIT,B_METHOD_PIT,C_PIT_CONSERVATIVE,C_SURROGATE,C_PIT_CONSERVATIVE,C_SURROGATE,EXPLORATORY_ONLY,TRUE,0,6c03730df19adafd8e4e3b1f84361e64a378a6a6,6b2fa9cf56ce738c74c8da6de0f5a972858f8a52,h7-exploratory-reconstruction-v1
2026-04-02,2026-04-02T11:52:06.998Z,ARTIFACT_AS_OF_UTC,54,ELIGIBLE,45,57,64,23,49,96,51,C_SURROGATE,B_METHOD_PIT,B_METHOD_PIT,C_PIT_CONSERVATIVE,C_SURROGATE,C_PIT_CONSERVATIVE,C_SURROGATE,EXPLORATORY_ONLY,TRUE,0,6c03730df19adafd8e4e3b1f84361e64a378a6a6,6b2fa9cf56ce738c74c8da6de0f5a972858f8a52,h7-exploratory-reconstruction-v1
2026-04-03,2026-04-03T11:42:12.843Z,ARTIFACT_AS_OF_UTC,56,ELIGIBLE,46,60,61,22,55,95,51,C_SURROGATE,B_METHOD_PIT,B_METHOD_PIT,C_PIT_CONSERVATIVE,C_SURROGATE,C_PIT_CONSERVATIVE,C_SURROGATE,EXPLORATORY_ONLY,TRUE,0,6c03730df19adafd8e4e3b1f84361e64a378a6a6,6b2fa9cf56ce738c74c8da6de0f5a972858f8a52,h7-exploratory-reconstruction-v1
2026-04-04,2026-04-04T11:30:00.000Z,FIXED_1130_UTC,,NOT_ELIGIBLE,46,,,22,,95,,C_SURROGATE,MISSING,MISSING,C_PIT_CONSERVATIVE,MISSING,C_PIT_CONSERVATIVE,MISSING,,FALSE,4,6c03730df19adafd8e4e3b1f84361e64a378a6a6,6b2fa9cf56ce738c74c8da6de0f5a972858f8a52,h7-exploratory-reconstruction-v1
2026-04-05,2026-04-05T11:30:00.000Z,FIXED_1130_UTC,,NOT_ELIGIBLE,46,,,22,,95,,C_SURROGATE,MISSING,MISSING,C_PIT_CONSERVATIVE,MISSING,C_PIT_CONSERVATIVE,MISSING,,FALSE,4,6c03730df19adafd8e4e3b1f84361e64a378a6a6,6b2fa9cf56ce738c74c8da6de0f5a972858f8a52,h7-exploratory-reconstruction-v1
2026-04-06,2026-04-06T11:30:00.000Z,FIXED_1130_UTC,,NOT_ELIGIBLE,48,,,22,,95,,C_SURROGATE,MISSING,MISSING,C_PIT_CONSERVATIVE,MISSING,C_PIT_CONSERVATIVE,MISSING,,FALSE,4,6c03730df19adafd8e4e3b1f84361e64a378a6a6,6b2fa9cf56ce738c74c8da6de0f5a972858f8a52,h7-exploratory-reconstruction-v1
2026-04-07,2026-04-07T11:57:05.407Z,ARTIFACT_AS_OF_UTC,56,ELIGIBLE,47,54,53,22,49,95,75,C_SURROGATE,B_METHOD_PIT,B_METHOD_PIT,C_PIT_CONSERVATIVE,C_SURROGATE,C_PIT_CONSERVATIVE,C_SURROGATE,EXPLORATORY_ONLY,TRUE,0,6c03730df19adafd8e4e3b1f84361e64a378a6a6,6b2fa9cf56ce738c74c8da6de0f5a972858f8a52,h7-exploratory-reconstruction-v1
2026-04-08,2026-04-08T11:58:40.888Z,ARTIFACT_AS_OF_UTC,58,ELIGIBLE,48,62,46,22,55,96,77,C_SURROGATE,B_METHOD_PIT,B_METHOD_PIT,C_PIT_CONSERVATIVE,C_SURROGATE,C_PIT_CONSERVATIVE,C_SURROGATE,EXPLORATORY_ONLY,TRUE,0,6c03730df19adafd8e4e3b1f84361e64a378a6a6,6b2fa9cf56ce738c74c8da6de0f5a972858f8a52,h7-exploratory-reconstruction-v1
2026-04-09,2026-04-09T11:58:30.562Z,ARTIFACT_AS_OF_UTC,53,ELIGIBLE,48,56,46,22,37,90,78,C_SURROGATE,B_METHOD_PIT,B_METHOD_PIT,C_PIT_CONSERVATIVE,C_SURROGATE,C_PIT_CONSERVATIVE,C_SURROGATE,EXPLORATORY_ONLY,TRUE,0,6c03730df19adafd8e4e3b1f84361e64a378a6a6,6b2fa9cf56ce738c74c8da6de0f5a972858f8a52,h7-exploratory-reconstruction-v1
2026-04-10,2026-04-10T11:53:43.249Z,ARTIFACT_AS_OF_UTC,51,ELIGIBLE,49,55,56,11,33,74,78,C_SURROGATE,B_METHOD_PIT,B_METHOD_PIT,C_PIT_CONSERVATIVE,C_SURROGATE,C_PIT_CONSERVATIVE,C_SURROGATE,EXPLORATORY_ONLY,TRUE,0,6c03730df19adafd8e4e3b1f84361e64a378a6a6,6b2fa9cf56ce738c74c8da6de0f5a972858f8a52,h7-exploratory-reconstruction-v1
2026-04-11,2026-04-11T11:37:11.720Z,ARTIFACT_AS_OF_UTC,49,ELIGIBLE,48,49,49,11,33,70,78,C_SURROGATE,B_METHOD_PIT,B_METHOD_PIT,C_PIT_CONSERVATIVE,C_SURROGATE,C_PIT_CONSERVATIVE,C_SURROGATE,EXPLORATORY_ONLY,TRUE,0,6c03730df19adafd8e4e3b1f84361e64a378a6a6,6b2fa9cf56ce738c74c8da6de0f5a972858f8a52,h7-exploratory-reconstruction-v1
2026-04-12,2026-04-12T11:30:00.000Z,FIXED_1130_UTC,,NOT_ELIGIBLE,48,,,11,,69,,C_SURROGATE,MISSING,MISSING,C_PIT_CONSERVATIVE,MISSING,C_PIT_CONSERVATIVE,MISSING,,FALSE,4,6c03730df19adafd8e4e3b1f84361e64a378a6a6,6b2fa9cf56ce738c74c8da6de0f5a972858f8a52,h7-exploratory-reconstruction-v1
2026-04-13,2026-04-13T12:07:51.892Z,ARTIFACT_AS_OF_UTC,51,ELIGIBLE,49,57,49,11,37,69,77,C_SURROGATE,B_METHOD_PIT,B_METHOD_PIT,C_PIT_CONSERVATIVE,C_SURROGATE,C_PIT_CONSERVATIVE,C_SURROGATE,EXPLORATORY_ONLY,TRUE,0,6c03730df19adafd8e4e3b1f84361e64a378a6a6,6b2fa9cf56ce738c74c8da6de0f5a972858f8a52,h7-exploratory-reconstruction-v1
2026-04-14,2026-04-14T12:39:11.955Z,ARTIFACT_AS_OF_UTC,54,ELIGIBLE,49,49,46,11,63,59,78,C_SURROGATE,B_METHOD_PIT,B_METHOD_PIT,C_PIT_CONSERVATIVE,C_SURROGATE,C_PIT_CONSERVATIVE,C_SURROGATE,EXPLORATORY_ONLY,TRUE,0,6c03730df19adafd8e4e3b1f84361e64a378a6a6,6b2fa9cf56ce738c74c8da6de0f5a972858f8a52,h7-exploratory-reconstruction-v1
2026-04-15,2026-04-15T11:59:40.385Z,ARTIFACT_AS_OF_UTC,53,ELIGIBLE,49,59,46,11,55,51,77,C_SURROGATE,B_METHOD_PIT,B_METHOD_PIT,C_PIT_CONSERVATIVE,C_SURROGATE,C_PIT_CONSERVATIVE,C_SURROGATE,EXPLORATORY_ONLY,TRUE,0,6c03730df19adafd8e4e3b1f84361e64a378a6a6,6b2fa9cf56ce738c74c8da6de0f5a972858f8a52,h7-exploratory-reconstruction-v1
2026-04-16,2026-04-16T12:02:44.471Z,ARTIFACT_AS_OF_UTC,53,ELIGIBLE,49,60,55,11,53,40,77,C_SURROGATE,B_METHOD_PIT,B_METHOD_PIT,C_PIT_CONSERVATIVE,C_SURROGATE,C_PIT_CONSERVATIVE,C_SURROGATE,EXPLORATORY_ONLY,TRUE,0,6c03730df19adafd8e4e3b1f84361e64a378a6a6,6b2fa9cf56ce738c74c8da6de0f5a972858f8a52,h7-exploratory-reconstruction-v1
2026-04-17,2026-04-17T11:56:35.442Z,ARTIFACT_AS_OF_UTC,49,ELIGIBLE,49,54,46,10,49,36,76,C_SURROGATE,B_METHOD_PIT,B_METHOD_PIT,C_PIT_CONSERVATIVE,C_SURROGATE,C_PIT_CONSERVATIVE,C_SURROGATE,EXPLORATORY_ONLY,TRUE,0,6c03730df19adafd8e4e3b1f84361e64a378a6a6,6b2fa9cf56ce738c74c8da6de0f5a972858f8a52,h7-exploratory-reconstruction-v1
2026-04-18,2026-04-18T11:40:28.666Z,ARTIFACT_AS_OF_UTC,46,ELIGIBLE,50,52,42,10,40,29,70,C_SURROGATE,B_METHOD_PIT,B_METHOD_PIT,C_PIT_CONSERVATIVE,C_SURROGATE,C_PIT_CONSERVATIVE,C_SURROGATE,EXPLORATORY_ONLY,TRUE,0,6c03730df19adafd8e4e3b1f84361e64a378a6a6,6b2fa9cf56ce738c74c8da6de0f5a972858f8a52,h7-exploratory-reconstruction-v1
2026-04-19,2026-04-19T18:04:31.994Z,ARTIFACT_AS_OF_UTC,49,ELIGIBLE,49,51,42,10,57,29,68,C_SURROGATE,B_METHOD_PIT,B_METHOD_PIT,C_PIT_CONSERVATIVE,C_SURROGATE,C_PIT_CONSERVATIVE,C_SURROGATE,EXPLORATORY_ONLY,TRUE,0,6c03730df19adafd8e4e3b1f84361e64a378a6a6,6b2fa9cf56ce738c74c8da6de0f5a972858f8a52,h7-exploratory-reconstruction-v1
2026-04-20,2026-04-20T12:08:53.835Z,ARTIFACT_AS_OF_UTC,47,ELIGIBLE,50,50,42,10,49,30,68,C_SURROGATE,B_METHOD_PIT,B_METHOD_PIT,C_PIT_CONSERVATIVE,C_SURROGATE,C_PIT_CONSERVATIVE,C_SURROGATE,EXPLORATORY_ONLY,TRUE,0,6c03730df19adafd8e4e3b1f84361e64a378a6a6,6b2fa9cf56ce738c74c8da6de0f5a972858f8a52,h7-exploratory-reconstruction-v1
2026-04-21,2026-04-21T12:03:12.096Z,ARTIFACT_AS_OF_UTC,50,ELIGIBLE,51,47,64,10,61,23,60,C_SURROGATE,B_METHOD_PIT,B_METHOD_PIT,C_PIT_CONSERVATIVE,C_SURROGATE,C_PIT_CONSERVATIVE,C_SURROGATE,EXPLORATORY_ONLY,TRUE,0,6c03730df19adafd8e4e3b1f84361e64a378a6a6,6b2fa9cf56ce738c74c8da6de0f5a972858f8a52,h7-exploratory-reconstruction-v1
2026-04-22,2026-04-22T12:02:42.923Z,ARTIFACT_AS_OF_UTC,49,ELIGIBLE,51,44,47,10,68,21,60,C_SURROGATE,B_METHOD_PIT,B_METHOD_PIT,C_PIT_CONSERVATIVE,C_SURROGATE,C_PIT_CONSERVATIVE,C_SURROGATE,EXPLORATORY_ONLY,TRUE,0,6c03730df19adafd8e4e3b1f84361e64a378a6a6,6b2fa9cf56ce738c74c8da6de0f5a972858f8a52,h7-exploratory-reconstruction-v1
2026-04-23,2026-04-23T12:02:44.931Z,ARTIFACT_AS_OF_UTC,46,ELIGIBLE,51,40,48,10,56,26,56,C_SURROGATE,B_METHOD_PIT,B_METHOD_PIT,C_PIT_CONSERVATIVE,C_SURROGATE,C_PIT_CONSERVATIVE,C_SURROGATE,EXPLORATORY_ONLY,TRUE,0,6c03730df19adafd8e4e3b1f84361e64a378a6a6,6b2fa9cf56ce738c74c8da6de0f5a972858f8a52,h7-exploratory-reconstruction-v1
2026-04-24,2026-04-24T12:01:47.949Z,ARTIFACT_AS_OF_UTC,49,ELIGIBLE,51,39,53,76,57,22,54,C_SURROGATE,B_METHOD_PIT,B_METHOD_PIT,C_PIT_CONSERVATIVE,C_SURROGATE,C_PIT_CONSERVATIVE,C_SURROGATE,EXPLORATORY_ONLY,TRUE,0,6c03730df19adafd8e4e3b1f84361e64a378a6a6,6b2fa9cf56ce738c74c8da6de0f5a972858f8a52,h7-exploratory-reconstruction-v1
2026-04-25,2026-04-25T11:43:17.042Z,ARTIFACT_AS_OF_UTC,46,ELIGIBLE,51,35,49,76,49,25,52,C_SURROGATE,B_METHOD_PIT,B_METHOD_PIT,C_PIT_CONSERVATIVE,C_SURROGATE,C_PIT_CONSERVATIVE,C_SURROGATE,EXPLORATORY_ONLY,TRUE,0,6c03730df19adafd8e4e3b1f84361e64a378a6a6,6b2fa9cf56ce738c74c8da6de0f5a972858f8a52,h7-exploratory-reconstruction-v1
2026-04-26,2026-04-26T11:44:30.598Z,ARTIFACT_AS_OF_UTC,46,ELIGIBLE,51,35,49,76,47,25,51,C_SURROGATE,B_METHOD_PIT,B_METHOD_PIT,C_PIT_CONSERVATIVE,C_SURROGATE,C_PIT_CONSERVATIVE,C_SURROGATE,EXPLORATORY_ONLY,TRUE,0,6c03730df19adafd8e4e3b1f84361e64a378a6a6,6b2fa9cf56ce738c74c8da6de0f5a972858f8a52,h7-exploratory-reconstruction-v1
2026-04-27,2026-04-27T12:22:38.011Z,ARTIFACT_AS_OF_UTC,44,ELIGIBLE,51,35,49,76,37,25,51,C_SURROGATE,B_METHOD_PIT,B_METHOD_PIT,C_PIT_CONSERVATIVE,C_SURROGATE,C_PIT_CONSERVATIVE,C_SURROGATE,EXPLORATORY_ONLY,TRUE,0,6c03730df19adafd8e4e3b1f84361e64a378a6a6,6b2fa9cf56ce738c74c8da6de0f5a972858f8a52,h7-exploratory-reconstruction-v1
2026-04-28,2026-04-28T12:26:21.567Z,ARTIFACT_AS_OF_UTC,45,ELIGIBLE,51,36,52,76,43,20,51,C_SURROGATE,B_METHOD_PIT,B_METHOD_PIT,C_PIT_CONSERVATIVE,C_SURROGATE,C_PIT_CONSERVATIVE,C_SURROGATE,EXPLORATORY_ONLY,TRUE,0,6c03730df19adafd8e4e3b1f84361e64a378a6a6,6b2fa9cf56ce738c74c8da6de0f5a972858f8a52,h7-exploratory-reconstruction-v1
2026-04-29,2026-04-29T12:20:34.918Z,ARTIFACT_AS_OF_UTC,45,ELIGIBLE,51,36,72,76,38,20,51,C_SURROGATE,B_METHOD_PIT,B_METHOD_PIT,C_PIT_CONSERVATIVE,C_SURROGATE,C_PIT_CONSERVATIVE,C_SURROGATE,EXPLORATORY_ONLY,TRUE,0,6c03730df19adafd8e4e3b1f84361e64a378a6a6,6b2fa9cf56ce738c74c8da6de0f5a972858f8a52,h7-exploratory-reconstruction-v1
2026-04-30,2026-04-30T12:18:23.942Z,ARTIFACT_AS_OF_UTC,46,ELIGIBLE,51,38,63,76,42,27,51,C_SURROGATE,B_METHOD_PIT,B_METHOD_PIT,C_PIT_CONSERVATIVE,C_SURROGATE,C_PIT_CONSERVATIVE,C_SURROGATE,EXPLORATORY_ONLY,TRUE,0,6c03730df19adafd8e4e3b1f84361e64a378a6a6,6b2fa9cf56ce738c74c8da6de0f5a972858f8a52,h7-exploratory-reconstruction-v1
2026-05-01,2026-05-01T12:03:19.941Z,ARTIFACT_AS_OF_UTC,47,ELIGIBLE,51,38,62,83,41,29,51,C_SURROGATE,B_METHOD_PIT,B_METHOD_PIT,C_PIT_CONSERVATIVE,C_SURROGATE,C_PIT_CONSERVATIVE,C_SURROGATE,EXPLORATORY_ONLY,TRUE,0,6c03730df19adafd8e4e3b1f84361e64a378a6a6,6b2fa9cf56ce738c74c8da6de0f5a972858f8a52,h7-exploratory-reconstruction-v1
2026-05-02,2026-05-02T11:51:59.868Z,ARTIFACT_AS_OF_UTC,47,ELIGIBLE,51,40,64,82,45,21,51,C_SURROGATE,B_METHOD_PIT,B_METHOD_PIT,C_PIT_CONSERVATIVE,C_SURROGATE,C_PIT_CONSERVATIVE,C_SURROGATE,EXPLORATORY_ONLY,TRUE,0,6c03730df19adafd8e4e3b1f84361e64a378a6a6,6b2fa9cf56ce738c74c8da6de0f5a972858f8a52,h7-exploratory-reconstruction-v1
2026-05-03,2026-05-03T11:50:53.866Z,ARTIFACT_AS_OF_UTC,47,ELIGIBLE,52,42,64,82,41,21,51,C_SURROGATE,B_METHOD_PIT,B_METHOD_PIT,C_PIT_CONSERVATIVE,C_SURROGATE,C_PIT_CONSERVATIVE,C_SURROGATE,EXPLORATORY_ONLY,TRUE,0,6c03730df19adafd8e4e3b1f84361e64a378a6a6,6b2fa9cf56ce738c74c8da6de0f5a972858f8a52,h7-exploratory-reconstruction-v1
2026-05-04,2026-05-04T12:23:12.943Z,ARTIFACT_AS_OF_UTC,47,ELIGIBLE,52,40,64,82,41,22,51,C_SURROGATE,B_METHOD_PIT,B_METHOD_PIT,C_PIT_CONSERVATIVE,C_SURROGATE,C_PIT_CONSERVATIVE,C_SURROGATE,EXPLORATORY_ONLY,TRUE,0,6c03730df19adafd8e4e3b1f84361e64a378a6a6,6b2fa9cf56ce738c74c8da6de0f5a972858f8a52,h7-exploratory-reconstruction-v1
2026-05-05,2026-05-05T12:07:36.276Z,ARTIFACT_AS_OF_UTC,47,ELIGIBLE,53,28,64,82,47,27,51,C_SURROGATE,B_METHOD_PIT,B_METHOD_PIT,C_PIT_CONSERVATIVE,C_SURROGATE,C_PIT_CONSERVATIVE,C_SURROGATE,EXPLORATORY_ONLY,TRUE,0,6c03730df19adafd8e4e3b1f84361e64a378a6a6,6b2fa9cf56ce738c74c8da6de0f5a972858f8a52,h7-exploratory-reconstruction-v1
2026-05-06,2026-05-06T12:58:35.906Z,ARTIFACT_AS_OF_UTC,47,ELIGIBLE,53,30,56,82,46,29,56,C_SURROGATE,B_METHOD_PIT,B_METHOD_PIT,C_PIT_CONSERVATIVE,C_SURROGATE,C_PIT_CONSERVATIVE,C_SURROGATE,EXPLORATORY_ONLY,TRUE,0,6c03730df19adafd8e4e3b1f84361e64a378a6a6,6b2fa9cf56ce738c74c8da6de0f5a972858f8a52,h7-exploratory-reconstruction-v1
2026-05-07,2026-05-07T13:00:09.674Z,ARTIFACT_AS_OF_UTC,,NOT_ELIGIBLE,53,22,50,82,,28,,C_SURROGATE,B_METHOD_PIT,B_METHOD_PIT,C_PIT_CONSERVATIVE,MISSING,C_PIT_CONSERVATIVE,MISSING,,FALSE,2,6c03730df19adafd8e4e3b1f84361e64a378a6a6,6b2fa9cf56ce738c74c8da6de0f5a972858f8a52,h7-exploratory-reconstruction-v1
2026-05-08,2026-05-08T15:47:56.343Z,ARTIFACT_AS_OF_UTC,46,ELIGIBLE,52,26,43,69,47,24,74,C_SURROGATE,B_METHOD_PIT,B_METHOD_PIT,C_PIT_CONSERVATIVE,C_SURROGATE,C_PIT_CONSERVATIVE,C_SURROGATE,EXPLORATORY_ONLY,TRUE,0,6c03730df19adafd8e4e3b1f84361e64a378a6a6,6b2fa9cf56ce738c74c8da6de0f5a972858f8a52,h7-exploratory-reconstruction-v1
2026-05-09,2026-05-09T11:55:39.006Z,ARTIFACT_AS_OF_UTC,48,ELIGIBLE,52,33,46,68,47,26,75,C_SURROGATE,B_METHOD_PIT,B_METHOD_PIT,C_PIT_CONSERVATIVE,C_SURROGATE,C_PIT_CONSERVATIVE,C_SURROGATE,EXPLORATORY_ONLY,TRUE,0,6c03730df19adafd8e4e3b1f84361e64a378a6a6,6b2fa9cf56ce738c74c8da6de0f5a972858f8a52,h7-exploratory-reconstruction-v1
2026-05-10,2026-05-10T11:58:01.675Z,ARTIFACT_AS_OF_UTC,51,ELIGIBLE,52,43,46,68,53,25,76,C_SURROGATE,B_METHOD_PIT,B_METHOD_PIT,C_PIT_CONSERVATIVE,C_SURROGATE,C_PIT_CONSERVATIVE,C_SURROGATE,EXPLORATORY_ONLY,TRUE,0,6c03730df19adafd8e4e3b1f84361e64a378a6a6,6b2fa9cf56ce738c74c8da6de0f5a972858f8a52,h7-exploratory-reconstruction-v1
2026-05-11,2026-05-11T13:50:25.705Z,ARTIFACT_AS_OF_UTC,54,ELIGIBLE,53,45,46,68,66,24,78,C_SURROGATE,B_METHOD_PIT,B_METHOD_PIT,C_PIT_CONSERVATIVE,C_SURROGATE,C_PIT_CONSERVATIVE,C_SURROGATE,EXPLORATORY_ONLY,TRUE,0,6c03730df19adafd8e4e3b1f84361e64a378a6a6,6b2fa9cf56ce738c74c8da6de0f5a972858f8a52,h7-exploratory-reconstruction-v1
2026-05-12,2026-05-12T13:08:47.851Z,ARTIFACT_AS_OF_UTC,55,ELIGIBLE,53,53,42,68,63,33,77,C_SURROGATE,B_METHOD_PIT,B_METHOD_PIT,C_PIT_CONSERVATIVE,C_SURROGATE,C_PIT_CONSERVATIVE,C_SURROGATE,EXPLORATORY_ONLY,TRUE,0,6c03730df19adafd8e4e3b1f84361e64a378a6a6,6b2fa9cf56ce738c74c8da6de0f5a972858f8a52,h7-exploratory-reconstruction-v1
2026-05-13,2026-05-13T13:21:31.784Z,ARTIFACT_AS_OF_UTC,55,ELIGIBLE,52,56,53,68,62,32,72,C_SURROGATE,B_METHOD_PIT,B_METHOD_PIT,C_PIT_CONSERVATIVE,C_SURROGATE,C_PIT_CONSERVATIVE,C_SURROGATE,EXPLORATORY_ONLY,TRUE,0,6c03730df19adafd8e4e3b1f84361e64a378a6a6,6b2fa9cf56ce738c74c8da6de0f5a972858f8a52,h7-exploratory-reconstruction-v1
2026-05-14,2026-05-14T12:57:44.285Z,ARTIFACT_AS_OF_UTC,54,ELIGIBLE,52,57,65,68,55,33,60,C_SURROGATE,B_METHOD_PIT,B_METHOD_PIT,C_PIT_CONSERVATIVE,C_SURROGATE,C_PIT_CONSERVATIVE,C_SURROGATE,EXPLORATORY_ONLY,TRUE,0,6c03730df19adafd8e4e3b1f84361e64a378a6a6,6b2fa9cf56ce738c74c8da6de0f5a972858f8a52,h7-exploratory-reconstruction-v1
2026-05-15,2026-05-15T12:59:11.461Z,ARTIFACT_AS_OF_UTC,54,ELIGIBLE,52,60,72,57,53,29,58,C_SURROGATE,B_METHOD_PIT,B_METHOD_PIT,C_PIT_CONSERVATIVE,C_SURROGATE,C_PIT_CONSERVATIVE,C_SURROGATE,EXPLORATORY_ONLY,TRUE,0,6c03730df19adafd8e4e3b1f84361e64a378a6a6,6b2fa9cf56ce738c74c8da6de0f5a972858f8a52,h7-exploratory-reconstruction-v1
2026-05-16,2026-05-16T11:56:31.013Z,ARTIFACT_AS_OF_UTC,56,ELIGIBLE,51,59,66,56,68,41,52,C_SURROGATE,B_METHOD_PIT,B_METHOD_PIT,C_PIT_CONSERVATIVE,C_SURROGATE,C_PIT_CONSERVATIVE,C_SURROGATE,EXPLORATORY_ONLY,TRUE,0,6c03730df19adafd8e4e3b1f84361e64a378a6a6,6b2fa9cf56ce738c74c8da6de0f5a972858f8a52,h7-exploratory-reconstruction-v1
2026-05-17,2026-05-17T12:02:39.090Z,ARTIFACT_AS_OF_UTC,57,ELIGIBLE,52,63,66,56,68,40,52,C_SURROGATE,B_METHOD_PIT,B_METHOD_PIT,C_PIT_CONSERVATIVE,C_SURROGATE,C_PIT_CONSERVATIVE,C_SURROGATE,EXPLORATORY_ONLY,TRUE,0,6c03730df19adafd8e4e3b1f84361e64a378a6a6,6b2fa9cf56ce738c74c8da6de0f5a972858f8a52,h7-exploratory-reconstruction-v1
2026-05-18,2026-05-18T14:34:15.352Z,ARTIFACT_AS_OF_UTC,58,ELIGIBLE,50,66,66,56,71,39,51,C_SURROGATE,B_METHOD_PIT,B_METHOD_PIT,C_PIT_CONSERVATIVE,C_SURROGATE,C_PIT_CONSERVATIVE,C_SURROGATE,EXPLORATORY_ONLY,TRUE,0,6c03730df19adafd8e4e3b1f84361e64a378a6a6,6b2fa9cf56ce738c74c8da6de0f5a972858f8a52,h7-exploratory-reconstruction-v1
2026-05-19,2026-05-19T13:57:09.956Z,ARTIFACT_AS_OF_UTC,60,ELIGIBLE,51,70,74,56,68,55,51,C_SURROGATE,B_METHOD_PIT,B_METHOD_PIT,C_PIT_CONSERVATIVE,C_SURROGATE,C_PIT_CONSERVATIVE,C_SURROGATE,EXPLORATORY_ONLY,TRUE,0,6c03730df19adafd8e4e3b1f84361e64a378a6a6,6b2fa9cf56ce738c74c8da6de0f5a972858f8a52,h7-exploratory-reconstruction-v1
2026-05-20,2026-05-20T13:44:20.731Z,ARTIFACT_AS_OF_UTC,59,ELIGIBLE,51,70,95,56,53,53,51,C_SURROGATE,B_METHOD_PIT,B_METHOD_PIT,C_PIT_CONSERVATIVE,C_SURROGATE,C_PIT_CONSERVATIVE,C_SURROGATE,EXPLORATORY_ONLY,TRUE,0,6c03730df19adafd8e4e3b1f84361e64a378a6a6,6b2fa9cf56ce738c74c8da6de0f5a972858f8a52,h7-exploratory-reconstruction-v1
2026-05-21,2026-05-21T14:16:17.672Z,ARTIFACT_AS_OF_UTC,56,ELIGIBLE,51,75,81,56,42,53,51,C_SURROGATE,B_METHOD_PIT,B_METHOD_PIT,C_PIT_CONSERVATIVE,C_SURROGATE,C_PIT_CONSERVATIVE,C_SURROGATE,EXPLORATORY_ONLY,TRUE,0,6c03730df19adafd8e4e3b1f84361e64a378a6a6,6b2fa9cf56ce738c74c8da6de0f5a972858f8a52,h7-exploratory-reconstruction-v1
2026-05-22,2026-05-22T13:34:16.313Z,ARTIFACT_AS_OF_UTC,54,ELIGIBLE,51,73,94,16,43,41,51,C_SURROGATE,B_METHOD_PIT,B_METHOD_PIT,C_PIT_CONSERVATIVE,C_SURROGATE,C_PIT_CONSERVATIVE,C_SURROGATE,EXPLORATORY_ONLY,TRUE,0,6c03730df19adafd8e4e3b1f84361e64a378a6a6,6b2fa9cf56ce738c74c8da6de0f5a972858f8a52,h7-exploratory-reconstruction-v1
2026-05-23,2026-05-23T12:03:14.447Z,ARTIFACT_AS_OF_UTC,53,ELIGIBLE,50,76,66,16,44,49,51,C_SURROGATE,B_METHOD_PIT,B_METHOD_PIT,C_PIT_CONSERVATIVE,C_SURROGATE,C_PIT_CONSERVATIVE,C_SURROGATE,EXPLORATORY_ONLY,TRUE,0,6c03730df19adafd8e4e3b1f84361e64a378a6a6,6b2fa9cf56ce738c74c8da6de0f5a972858f8a52,h7-exploratory-reconstruction-v1
2026-05-24,2026-05-24T12:04:40.538Z,ARTIFACT_AS_OF_UTC,53,ELIGIBLE,51,76,66,16,43,48,51,C_SURROGATE,B_METHOD_PIT,B_METHOD_PIT,C_PIT_CONSERVATIVE,C_SURROGATE,C_PIT_CONSERVATIVE,C_SURROGATE,EXPLORATORY_ONLY,TRUE,0,6c03730df19adafd8e4e3b1f84361e64a378a6a6,6b2fa9cf56ce738c74c8da6de0f5a972858f8a52,h7-exploratory-reconstruction-v1
2026-05-25,2026-05-25T11:30:00.000Z,FIXED_1130_UTC,,NOT_ELIGIBLE,51,,,16,,47,,C_SURROGATE,MISSING,MISSING,C_PIT_CONSERVATIVE,MISSING,C_PIT_CONSERVATIVE,MISSING,,FALSE,4,6c03730df19adafd8e4e3b1f84361e64a378a6a6,6b2fa9cf56ce738c74c8da6de0f5a972858f8a52,h7-exploratory-reconstruction-v1
2026-05-26,2026-05-26T13:57:24.837Z,ARTIFACT_AS_OF_UTC,53,ELIGIBLE,51,77,66,16,39,47,58,C_SURROGATE,B_METHOD_PIT,B_METHOD_PIT,C_PIT_CONSERVATIVE,C_SURROGATE,C_PIT_CONSERVATIVE,C_SURROGATE,EXPLORATORY_ONLY,TRUE,0,6c03730df19adafd8e4e3b1f84361e64a378a6a6,6b2fa9cf56ce738c74c8da6de0f5a972858f8a52,h7-exploratory-reconstruction-v1
2026-05-27,2026-05-27T14:30:46.512Z,ARTIFACT_AS_OF_UTC,55,ELIGIBLE,50,76,65,16,50,47,63,C_SURROGATE,B_METHOD_PIT,B_METHOD_PIT,C_PIT_CONSERVATIVE,C_SURROGATE,C_PIT_CONSERVATIVE,C_SURROGATE,EXPLORATORY_ONLY,TRUE,0,6c03730df19adafd8e4e3b1f84361e64a378a6a6,6b2fa9cf56ce738c74c8da6de0f5a972858f8a52,h7-exploratory-reconstruction-v1
2026-05-28,2026-05-28T14:40:42.128Z,ARTIFACT_AS_OF_UTC,54,ELIGIBLE,49,75,72,16,51,34,58,C_SURROGATE,B_METHOD_PIT,B_METHOD_PIT,C_PIT_CONSERVATIVE,C_SURROGATE,C_PIT_CONSERVATIVE,C_SURROGATE,EXPLORATORY_ONLY,TRUE,0,6c03730df19adafd8e4e3b1f84361e64a378a6a6,6b2fa9cf56ce738c74c8da6de0f5a972858f8a52,h7-exploratory-reconstruction-v1
2026-05-29,2026-05-29T14:11:58.353Z,ARTIFACT_AS_OF_UTC,53,ELIGIBLE,50,74,68,32,46,26,60,C_SURROGATE,B_METHOD_PIT,B_METHOD_PIT,C_PIT_CONSERVATIVE,C_SURROGATE,C_PIT_CONSERVATIVE,C_SURROGATE,EXPLORATORY_ONLY,TRUE,0,6c03730df19adafd8e4e3b1f84361e64a378a6a6,6b2fa9cf56ce738c74c8da6de0f5a972858f8a52,h7-exploratory-reconstruction-v1
2026-05-30,2026-05-30T12:07:29.319Z,ARTIFACT_AS_OF_UTC,53,ELIGIBLE,49,78,54,33,43,30,68,C_SURROGATE,B_METHOD_PIT,B_METHOD_PIT,C_PIT_CONSERVATIVE,C_SURROGATE,C_PIT_CONSERVATIVE,C_SURROGATE,EXPLORATORY_ONLY,TRUE,0,6c03730df19adafd8e4e3b1f84361e64a378a6a6,6b2fa9cf56ce738c74c8da6de0f5a972858f8a52,h7-exploratory-reconstruction-v1
2026-05-31,2026-05-31T12:15:10.284Z,ARTIFACT_AS_OF_UTC,53,ELIGIBLE,49,78,54,33,49,28,65,C_SURROGATE,B_METHOD_PIT,B_METHOD_PIT,C_PIT_CONSERVATIVE,C_SURROGATE,C_PIT_CONSERVATIVE,C_SURROGATE,EXPLORATORY_ONLY,TRUE,0,6c03730df19adafd8e4e3b1f84361e64a378a6a6,6b2fa9cf56ce738c74c8da6de0f5a972858f8a52,h7-exploratory-reconstruction-v1
2026-06-01,2026-06-01T11:30:00.000Z,FIXED_1130_UTC,,NOT_ELIGIBLE,49,,,33,,28,,C_SURROGATE,MISSING,MISSING,C_PIT_CONSERVATIVE,MISSING,C_PIT_CONSERVATIVE,MISSING,,FALSE,4,6c03730df19adafd8e4e3b1f84361e64a378a6a6,6b2fa9cf56ce738c74c8da6de0f5a972858f8a52,h7-exploratory-reconstruction-v1
2026-06-02,2026-06-02T16:14:47.872Z,ARTIFACT_AS_OF_UTC,58,ELIGIBLE,47,78,73,33,75,29,51,C_SURROGATE,B_METHOD_PIT,B_METHOD_PIT,C_PIT_CONSERVATIVE,C_SURROGATE,C_PIT_CONSERVATIVE,C_SURROGATE,EXPLORATORY_ONLY,TRUE,0,6c03730df19adafd8e4e3b1f84361e64a378a6a6,6b2fa9cf56ce738c74c8da6de0f5a972858f8a52,h7-exploratory-reconstruction-v1
2026-06-03,2026-06-03T15:49:54.228Z,ARTIFACT_AS_OF_UTC,58,ELIGIBLE,47,79,69,33,73,30,51,C_SURROGATE,B_METHOD_PIT,B_METHOD_PIT,C_PIT_CONSERVATIVE,C_SURROGATE,C_PIT_CONSERVATIVE,C_SURROGATE,EXPLORATORY_ONLY,TRUE,0,6c03730df19adafd8e4e3b1f84361e64a378a6a6,6b2fa9cf56ce738c74c8da6de0f5a972858f8a52,h7-exploratory-reconstruction-v1
2026-06-04,2026-06-04T14:07:18.662Z,ARTIFACT_AS_OF_UTC,58,ELIGIBLE,46,80,79,33,69,35,51,C_SURROGATE,B_METHOD_PIT,B_METHOD_PIT,C_PIT_CONSERVATIVE,C_SURROGATE,C_PIT_CONSERVATIVE,C_SURROGATE,EXPLORATORY_ONLY,TRUE,0,6c03730df19adafd8e4e3b1f84361e64a378a6a6,6b2fa9cf56ce738c74c8da6de0f5a972858f8a52,h7-exploratory-reconstruction-v1
2026-06-05,2026-06-05T13:55:03.758Z,ARTIFACT_AS_OF_UTC,58,ELIGIBLE,44,80,61,62,74,36,51,C_SURROGATE,B_METHOD_PIT,B_METHOD_PIT,C_PIT_CONSERVATIVE,C_SURROGATE,C_PIT_CONSERVATIVE,C_SURROGATE,EXPLORATORY_ONLY,TRUE,0,6c03730df19adafd8e4e3b1f84361e64a378a6a6,6b2fa9cf56ce738c74c8da6de0f5a972858f8a52,h7-exploratory-reconstruction-v1
2026-06-06,2026-06-06T12:10:29.091Z,ARTIFACT_AS_OF_UTC,60,ELIGIBLE,44,80,56,61,73,54,51,C_SURROGATE,B_METHOD_PIT,B_METHOD_PIT,C_PIT_CONSERVATIVE,C_SURROGATE,C_PIT_CONSERVATIVE,C_SURROGATE,EXPLORATORY_ONLY,TRUE,0,6c03730df19adafd8e4e3b1f84361e64a378a6a6,6b2fa9cf56ce738c74c8da6de0f5a972858f8a52,h7-exploratory-reconstruction-v1
2026-06-07,2026-06-07T12:24:26.089Z,ARTIFACT_AS_OF_UTC,61,ELIGIBLE,45,80,56,61,77,54,51,C_SURROGATE,B_METHOD_PIT,B_METHOD_PIT,C_PIT_CONSERVATIVE,C_SURROGATE,C_PIT_CONSERVATIVE,C_SURROGATE,EXPLORATORY_ONLY,TRUE,0,6c03730df19adafd8e4e3b1f84361e64a378a6a6,6b2fa9cf56ce738c74c8da6de0f5a972858f8a52,h7-exploratory-reconstruction-v1
2026-06-08,2026-06-08T14:51:11.473Z,ARTIFACT_AS_OF_UTC,61,ELIGIBLE,46,80,56,61,76,54,51,C_SURROGATE,B_METHOD_PIT,B_METHOD_PIT,C_PIT_CONSERVATIVE,C_SURROGATE,C_PIT_CONSERVATIVE,C_SURROGATE,EXPLORATORY_ONLY,TRUE,0,6c03730df19adafd8e4e3b1f84361e64a378a6a6,6b2fa9cf56ce738c74c8da6de0f5a972858f8a52,h7-exploratory-reconstruction-v1
2026-06-09,2026-06-09T13:46:42.888Z,ARTIFACT_AS_OF_UTC,62,ELIGIBLE,45,80,59,61,74,68,51,C_SURROGATE,B_METHOD_PIT,B_METHOD_PIT,C_PIT_CONSERVATIVE,C_SURROGATE,C_PIT_CONSERVATIVE,C_SURROGATE,EXPLORATORY_ONLY,TRUE,0,6c03730df19adafd8e4e3b1f84361e64a378a6a6,6b2fa9cf56ce738c74c8da6de0f5a972858f8a52,h7-exploratory-reconstruction-v1
2026-06-10,2026-06-10T14:04:48.919Z,ARTIFACT_AS_OF_UTC,,NOT_ELIGIBLE,45,82,65,61,,69,,C_SURROGATE,B_METHOD_PIT,B_METHOD_PIT,C_PIT_CONSERVATIVE,MISSING,C_PIT_CONSERVATIVE,MISSING,,FALSE,2,6c03730df19adafd8e4e3b1f84361e64a378a6a6,6b2fa9cf56ce738c74c8da6de0f5a972858f8a52,h7-exploratory-reconstruction-v1
2026-06-11,2026-06-11T14:43:44.619Z,ARTIFACT_AS_OF_UTC,62,ELIGIBLE,45,82,59,61,71,69,54,C_SURROGATE,B_METHOD_PIT,B_METHOD_PIT,C_PIT_CONSERVATIVE,C_SURROGATE,C_PIT_CONSERVATIVE,C_SURROGATE,EXPLORATORY_ONLY,TRUE,0,6c03730df19adafd8e4e3b1f84361e64a378a6a6,6b2fa9cf56ce738c74c8da6de0f5a972858f8a52,h7-exploratory-reconstruction-v1
2026-06-12,2026-06-12T14:12:25.912Z,ARTIFACT_AS_OF_UTC,59,ELIGIBLE,45,82,41,59,67,63,56,C_SURROGATE,B_METHOD_PIT,B_METHOD_PIT,C_PIT_CONSERVATIVE,C_SURROGATE,C_PIT_CONSERVATIVE,C_SURROGATE,EXPLORATORY_ONLY,TRUE,0,6c03730df19adafd8e4e3b1f84361e64a378a6a6,6b2fa9cf56ce738c74c8da6de0f5a972858f8a52,h7-exploratory-reconstruction-v1
2026-06-13,2026-06-13T12:54:05.297Z,ARTIFACT_AS_OF_UTC,59,ELIGIBLE,45,82,45,59,67,46,63,C_SURROGATE,B_METHOD_PIT,B_METHOD_PIT,C_PIT_CONSERVATIVE,C_SURROGATE,C_PIT_CONSERVATIVE,C_SURROGATE,EXPLORATORY_ONLY,TRUE,0,6c03730df19adafd8e4e3b1f84361e64a378a6a6,6b2fa9cf56ce738c74c8da6de0f5a972858f8a52,h7-exploratory-reconstruction-v1
2026-06-14,2026-06-14T13:01:52.216Z,ARTIFACT_AS_OF_UTC,58,ELIGIBLE,46,82,45,59,58,47,70,C_SURROGATE,B_METHOD_PIT,B_METHOD_PIT,C_PIT_CONSERVATIVE,C_SURROGATE,C_PIT_CONSERVATIVE,C_SURROGATE,EXPLORATORY_ONLY,TRUE,0,6c03730df19adafd8e4e3b1f84361e64a378a6a6,6b2fa9cf56ce738c74c8da6de0f5a972858f8a52,h7-exploratory-reconstruction-v1
2026-06-15,2026-06-15T16:20:14.508Z,ARTIFACT_AS_OF_UTC,59,ELIGIBLE,47,80,45,59,59,48,78,C_SURROGATE,B_METHOD_PIT,B_METHOD_PIT,C_PIT_CONSERVATIVE,C_SURROGATE,C_PIT_CONSERVATIVE,C_SURROGATE,EXPLORATORY_ONLY,TRUE,0,6c03730df19adafd8e4e3b1f84361e64a378a6a6,6b2fa9cf56ce738c74c8da6de0f5a972858f8a52,h7-exploratory-reconstruction-v1
2026-06-16,2026-06-16T16:01:24.168Z,ARTIFACT_AS_OF_UTC,57,ELIGIBLE,46,80,47,59,55,36,78,C_SURROGATE,B_METHOD_PIT,B_METHOD_PIT,C_PIT_CONSERVATIVE,C_SURROGATE,C_PIT_CONSERVATIVE,C_SURROGATE,EXPLORATORY_ONLY,TRUE,0,6c03730df19adafd8e4e3b1f84361e64a378a6a6,6b2fa9cf56ce738c74c8da6de0f5a972858f8a52,h7-exploratory-reconstruction-v1
2026-06-17,2026-06-17T14:28:13.690Z,ARTIFACT_AS_OF_UTC,54,ELIGIBLE,46,68,45,59,53,34,78,C_SURROGATE,B_METHOD_PIT,B_METHOD_PIT,C_PIT_CONSERVATIVE,C_SURROGATE,C_PIT_CONSERVATIVE,C_SURROGATE,EXPLORATORY_ONLY,TRUE,0,6c03730df19adafd8e4e3b1f84361e64a378a6a6,6b2fa9cf56ce738c74c8da6de0f5a972858f8a52,h7-exploratory-reconstruction-v1
2026-06-18,2026-06-18T14:14:49.315Z,ARTIFACT_AS_OF_UTC,54,ELIGIBLE,46,67,40,59,53,39,78,C_SURROGATE,B_METHOD_PIT,B_METHOD_PIT,C_PIT_CONSERVATIVE,C_SURROGATE,C_PIT_CONSERVATIVE,C_SURROGATE,EXPLORATORY_ONLY,TRUE,0,6c03730df19adafd8e4e3b1f84361e64a378a6a6,6b2fa9cf56ce738c74c8da6de0f5a972858f8a52,h7-exploratory-reconstruction-v1
2026-06-19,2026-06-19T14:15:14.758Z,ARTIFACT_AS_OF_UTC,55,ELIGIBLE,46,67,68,32,51,46,77,C_SURROGATE,B_METHOD_PIT,B_METHOD_PIT,C_PIT_CONSERVATIVE,C_SURROGATE,C_PIT_CONSERVATIVE,C_SURROGATE,EXPLORATORY_ONLY,TRUE,0,6c03730df19adafd8e4e3b1f84361e64a378a6a6,6b2fa9cf56ce738c74c8da6de0f5a972858f8a52,h7-exploratory-reconstruction-v1
2026-06-20,2026-06-20T11:30:00.000Z,FIXED_1130_UTC,,NOT_ELIGIBLE,46,,,31,,48,,C_SURROGATE,MISSING,MISSING,C_PIT_CONSERVATIVE,MISSING,C_PIT_CONSERVATIVE,MISSING,,FALSE,4,6c03730df19adafd8e4e3b1f84361e64a378a6a6,6b2fa9cf56ce738c74c8da6de0f5a972858f8a52,h7-exploratory-reconstruction-v1
2026-06-21,2026-06-21T14:55:25.525Z,ARTIFACT_AS_OF_UTC,55,ELIGIBLE,46,78,68,31,41,50,74,C_SURROGATE,B_METHOD_PIT,B_METHOD_PIT,C_PIT_CONSERVATIVE,C_SURROGATE,C_PIT_CONSERVATIVE,C_SURROGATE,EXPLORATORY_ONLY,TRUE,0,6c03730df19adafd8e4e3b1f84361e64a378a6a6,6b2fa9cf56ce738c74c8da6de0f5a972858f8a52,h7-exploratory-reconstruction-v1
2026-06-22,2026-06-22T15:58:04.659Z,ARTIFACT_AS_OF_UTC,55,ELIGIBLE,46,77,68,31,41,51,72,C_SURROGATE,B_METHOD_PIT,B_METHOD_PIT,C_PIT_CONSERVATIVE,C_SURROGATE,C_PIT_CONSERVATIVE,C_SURROGATE,EXPLORATORY_ONLY,TRUE,0,6c03730df19adafd8e4e3b1f84361e64a378a6a6,6b2fa9cf56ce738c74c8da6de0f5a972858f8a52,h7-exploratory-reconstruction-v1
2026-06-23,2026-06-23T13:44:57.648Z,ARTIFACT_AS_OF_UTC,52,ELIGIBLE,45,78,42,31,43,49,68,C_SURROGATE,B_METHOD_PIT,B_METHOD_PIT,C_PIT_CONSERVATIVE,C_SURROGATE,C_PIT_CONSERVATIVE,C_SURROGATE,EXPLORATORY_ONLY,TRUE,0,6c03730df19adafd8e4e3b1f84361e64a378a6a6,6b2fa9cf56ce738c74c8da6de0f5a972858f8a52,h7-exploratory-reconstruction-v1
2026-06-24,2026-06-24T13:26:19.613Z,ARTIFACT_AS_OF_UTC,55,ELIGIBLE,46,78,56,31,45,61,65,C_SURROGATE,B_METHOD_PIT,B_METHOD_PIT,C_PIT_CONSERVATIVE,C_SURROGATE,C_PIT_CONSERVATIVE,C_SURROGATE,EXPLORATORY_ONLY,TRUE,0,6c03730df19adafd8e4e3b1f84361e64a378a6a6,6b2fa9cf56ce738c74c8da6de0f5a972858f8a52,h7-exploratory-reconstruction-v1
2026-06-25,2026-06-25T13:23:25.374Z,ARTIFACT_AS_OF_UTC,53,ELIGIBLE,45,77,58,31,38,63,60,C_SURROGATE,B_METHOD_PIT,B_METHOD_PIT,C_PIT_CONSERVATIVE,C_SURROGATE,C_PIT_CONSERVATIVE,C_SURROGATE,EXPLORATORY_ONLY,TRUE,0,6c03730df19adafd8e4e3b1f84361e64a378a6a6,6b2fa9cf56ce738c74c8da6de0f5a972858f8a52,h7-exploratory-reconstruction-v1
2026-06-26,2026-06-26T13:15:38.871Z,ARTIFACT_AS_OF_UTC,53,ELIGIBLE,44,77,62,29,40,60,58,C_SURROGATE,B_METHOD_PIT,B_METHOD_PIT,C_PIT_CONSERVATIVE,C_SURROGATE,C_PIT_CONSERVATIVE,C_SURROGATE,EXPLORATORY_ONLY,TRUE,0,6c03730df19adafd8e4e3b1f84361e64a378a6a6,6b2fa9cf56ce738c74c8da6de0f5a972858f8a52,h7-exploratory-reconstruction-v1
2026-06-27,2026-06-27T12:12:00.406Z,ARTIFACT_AS_OF_UTC,55,ELIGIBLE,44,77,95,28,43,57,56,C_SURROGATE,B_METHOD_PIT,B_METHOD_PIT,C_PIT_CONSERVATIVE,C_SURROGATE,C_PIT_CONSERVATIVE,C_SURROGATE,EXPLORATORY_ONLY,TRUE,0,6c03730df19adafd8e4e3b1f84361e64a378a6a6,6b2fa9cf56ce738c74c8da6de0f5a972858f8a52,h7-exploratory-reconstruction-v1
2026-06-28,2026-06-28T12:19:20.892Z,ARTIFACT_AS_OF_UTC,57,ELIGIBLE,44,73,95,28,53,58,53,C_SURROGATE,B_METHOD_PIT,B_METHOD_PIT,C_PIT_CONSERVATIVE,C_SURROGATE,C_PIT_CONSERVATIVE,C_SURROGATE,EXPLORATORY_ONLY,TRUE,0,6c03730df19adafd8e4e3b1f84361e64a378a6a6,6b2fa9cf56ce738c74c8da6de0f5a972858f8a52,h7-exploratory-reconstruction-v1
2026-06-29,2026-06-29T14:50:25.460Z,ARTIFACT_AS_OF_UTC,57,ELIGIBLE,44,74,95,28,55,59,52,C_SURROGATE,B_METHOD_PIT,B_METHOD_PIT,C_PIT_CONSERVATIVE,C_SURROGATE,C_PIT_CONSERVATIVE,C_SURROGATE,EXPLORATORY_ONLY,TRUE,0,6c03730df19adafd8e4e3b1f84361e64a378a6a6,6b2fa9cf56ce738c74c8da6de0f5a972858f8a52,h7-exploratory-reconstruction-v1
2026-06-30,2026-06-30T13:11:15.728Z,ARTIFACT_AS_OF_UTC,56,ELIGIBLE,44,77,79,28,53,55,51,C_SURROGATE,B_METHOD_PIT,B_METHOD_PIT,C_PIT_CONSERVATIVE,C_SURROGATE,C_PIT_CONSERVATIVE,C_SURROGATE,EXPLORATORY_ONLY,TRUE,0,6c03730df19adafd8e4e3b1f84361e64a378a6a6,6b2fa9cf56ce738c74c8da6de0f5a972858f8a52,h7-exploratory-reconstruction-v1
2026-07-01,2026-07-01T13:36:06.684Z,ARTIFACT_AS_OF_UTC,58,ELIGIBLE,44,78,89,28,64,47,51,C_SURROGATE,B_METHOD_PIT,B_METHOD_PIT,C_PIT_CONSERVATIVE,C_SURROGATE,C_PIT_CONSERVATIVE,C_SURROGATE,EXPLORATORY_ONLY,TRUE,0,6c03730df19adafd8e4e3b1f84361e64a378a6a6,6b2fa9cf56ce738c74c8da6de0f5a972858f8a52,h7-exploratory-reconstruction-v1
2026-07-02,2026-07-02T13:01:33.296Z,ARTIFACT_AS_OF_UTC,57,ELIGIBLE,45,78,69,28,64,52,53,C_SURROGATE,B_METHOD_PIT,B_METHOD_PIT,C_PIT_CONSERVATIVE,C_SURROGATE,C_PIT_CONSERVATIVE,C_SURROGATE,EXPLORATORY_ONLY,TRUE,0,6c03730df19adafd8e4e3b1f84361e64a378a6a6,6b2fa9cf56ce738c74c8da6de0f5a972858f8a52,h7-exploratory-reconstruction-v1
2026-07-03,2026-07-03T13:00:58.701Z,ARTIFACT_AS_OF_UTC,56,ELIGIBLE,45,76,67,24,60,51,56,C_SURROGATE,B_METHOD_PIT,B_METHOD_PIT,C_PIT_CONSERVATIVE,C_SURROGATE,C_PIT_CONSERVATIVE,C_SURROGATE,EXPLORATORY_ONLY,TRUE,0,6c03730df19adafd8e4e3b1f84361e64a378a6a6,6b2fa9cf56ce738c74c8da6de0f5a972858f8a52,h7-exploratory-reconstruction-v1
2026-07-04,2026-07-04T12:10:29.891Z,ARTIFACT_AS_OF_UTC,58,ELIGIBLE,45,77,67,24,65,51,63,C_SURROGATE,B_METHOD_PIT,B_METHOD_PIT,C_PIT_CONSERVATIVE,C_SURROGATE,C_PIT_CONSERVATIVE,C_SURROGATE,EXPLORATORY_ONLY,TRUE,0,6c03730df19adafd8e4e3b1f84361e64a378a6a6,6b2fa9cf56ce738c74c8da6de0f5a972858f8a52,h7-exploratory-reconstruction-v1
2026-07-05,2026-07-05T12:21:29.762Z,ARTIFACT_AS_OF_UTC,58,ELIGIBLE,45,76,67,24,66,51,68,C_SURROGATE,B_METHOD_PIT,B_METHOD_PIT,C_PIT_CONSERVATIVE,C_SURROGATE,C_PIT_CONSERVATIVE,C_SURROGATE,EXPLORATORY_ONLY,TRUE,0,6c03730df19adafd8e4e3b1f84361e64a378a6a6,6b2fa9cf56ce738c74c8da6de0f5a972858f8a52,h7-exploratory-reconstruction-v1
2026-07-06,2026-07-06T14:31:22.564Z,ARTIFACT_AS_OF_UTC,57,ELIGIBLE,46,76,67,24,55,52,72,C_SURROGATE,B_METHOD_PIT,B_METHOD_PIT,C_PIT_CONSERVATIVE,C_SURROGATE,C_PIT_CONSERVATIVE,C_SURROGATE,EXPLORATORY_ONLY,TRUE,0,6c03730df19adafd8e4e3b1f84361e64a378a6a6,6b2fa9cf56ce738c74c8da6de0f5a972858f8a52,h7-exploratory-reconstruction-v1
2026-07-07,2026-07-07T13:23:55.928Z,ARTIFACT_AS_OF_UTC,58,ELIGIBLE,46,76,69,24,55,51,76,C_SURROGATE,B_METHOD_PIT,B_METHOD_PIT,C_PIT_CONSERVATIVE,C_SURROGATE,C_PIT_CONSERVATIVE,C_SURROGATE,EXPLORATORY_ONLY,TRUE,0,6c03730df19adafd8e4e3b1f84361e64a378a6a6,6b2fa9cf56ce738c74c8da6de0f5a972858f8a52,h7-exploratory-reconstruction-v1
2026-07-08,2026-07-08T12:25:14.925Z,ARTIFACT_AS_OF_UTC,53,ELIGIBLE,46,71,49,24,45,44,78,C_SURROGATE,B_METHOD_PIT,B_METHOD_PIT,C_PIT_CONSERVATIVE,C_SURROGATE,C_PIT_CONSERVATIVE,C_SURROGATE,EXPLORATORY_ONLY,TRUE,0,6c03730df19adafd8e4e3b1f84361e64a378a6a6,6b2fa9cf56ce738c74c8da6de0f5a972858f8a52,h7-exploratory-reconstruction-v1
2026-07-09,2026-07-09T13:52:20.279Z,ARTIFACT_AS_OF_UTC,51,ELIGIBLE,46,70,45,24,37,49,78,C_SURROGATE,B_METHOD_PIT,B_METHOD_PIT,C_PIT_CONSERVATIVE,C_SURROGATE,C_PIT_CONSERVATIVE,C_SURROGATE,EXPLORATORY_ONLY,TRUE,0,6c03730df19adafd8e4e3b1f84361e64a378a6a6,6b2fa9cf56ce738c74c8da6de0f5a972858f8a52,h7-exploratory-reconstruction-v1
2026-07-10,2026-07-10T13:16:17.306Z,ARTIFACT_AS_OF_UTC,46,ELIGIBLE,46,32,44,17,49,48,78,C_SURROGATE,B_METHOD_PIT,B_METHOD_PIT,C_PIT_CONSERVATIVE,C_SURROGATE,C_PIT_CONSERVATIVE,C_SURROGATE,EXPLORATORY_ONLY,TRUE,0,6c03730df19adafd8e4e3b1f84361e64a378a6a6,6b2fa9cf56ce738c74c8da6de0f5a972858f8a52,h7-exploratory-reconstruction-v1
2026-07-11,2026-07-11T11:56:53.556Z,ARTIFACT_AS_OF_UTC,47,ELIGIBLE,46,32,68,17,47,45,76,C_SURROGATE,B_METHOD_PIT,B_METHOD_PIT,C_PIT_CONSERVATIVE,C_SURROGATE,C_PIT_CONSERVATIVE,C_SURROGATE,EXPLORATORY_ONLY,TRUE,0,6c03730df19adafd8e4e3b1f84361e64a378a6a6,6b2fa9cf56ce738c74c8da6de0f5a972858f8a52,h7-exploratory-reconstruction-v1
2026-07-12,2026-07-12T12:04:04.165Z,ARTIFACT_AS_OF_UTC,44,ELIGIBLE,46,32,68,17,31,45,74,C_SURROGATE,B_METHOD_PIT,B_METHOD_PIT,C_PIT_CONSERVATIVE,C_SURROGATE,C_PIT_CONSERVATIVE,C_SURROGATE,EXPLORATORY_ONLY,TRUE,0,6c03730df19adafd8e4e3b1f84361e64a378a6a6,6b2fa9cf56ce738c74c8da6de0f5a972858f8a52,h7-exploratory-reconstruction-v1
2026-07-13,2026-07-13T13:28:21.243Z,ARTIFACT_AS_OF_UTC,45,ELIGIBLE,47,32,68,17,39,45,72,C_SURROGATE,B_METHOD_PIT,B_METHOD_PIT,C_PIT_CONSERVATIVE,C_SURROGATE,C_PIT_CONSERVATIVE,C_SURROGATE,EXPLORATORY_ONLY,TRUE,0,6c03730df19adafd8e4e3b1f84361e64a378a6a6,6b2fa9cf56ce738c74c8da6de0f5a972858f8a52,h7-exploratory-reconstruction-v1
2026-07-14,2026-07-14T12:19:15.350Z,ARTIFACT_AS_OF_UTC,51,ELIGIBLE,46,71,42,17,39,57,68,C_SURROGATE,B_METHOD_PIT,B_METHOD_PIT,C_PIT_CONSERVATIVE,C_SURROGATE,C_PIT_CONSERVATIVE,C_SURROGATE,EXPLORATORY_ONLY,TRUE,0,6c03730df19adafd8e4e3b1f84361e64a378a6a6,6b2fa9cf56ce738c74c8da6de0f5a972858f8a52,h7-exploratory-reconstruction-v1
2026-07-15,2026-07-15T12:20:27.379Z,ARTIFACT_AS_OF_UTC,57,ELIGIBLE,47,69,54,17,70,55,65,C_SURROGATE,B_METHOD_PIT,B_METHOD_PIT,C_PIT_CONSERVATIVE,C_SURROGATE,C_PIT_CONSERVATIVE,C_SURROGATE,EXPLORATORY_ONLY,TRUE,0,6c03730df19adafd8e4e3b1f84361e64a378a6a6,6b2fa9cf56ce738c74c8da6de0f5a972858f8a52,h7-exploratory-reconstruction-v1
2026-07-16,2026-07-16T12:24:29.078Z,ARTIFACT_AS_OF_UTC,53,ELIGIBLE,46,68,55,17,57,45,63,C_SURROGATE,B_METHOD_PIT,B_METHOD_PIT,C_PIT_CONSERVATIVE,C_SURROGATE,C_PIT_CONSERVATIVE,C_SURROGATE,EXPLORATORY_ONLY,TRUE,0,6c03730df19adafd8e4e3b1f84361e64a378a6a6,6b2fa9cf56ce738c74c8da6de0f5a972858f8a52,h7-exploratory-reconstruction-v1
2026-07-17,2026-07-17T12:14:47.318Z,ARTIFACT_AS_OF_UTC,53,ELIGIBLE,46,67,49,45,57,41,60,C_SURROGATE,B_METHOD_PIT,B_METHOD_PIT,C_PIT_CONSERVATIVE,C_SURROGATE,C_PIT_CONSERVATIVE,C_SURROGATE,EXPLORATORY_ONLY,TRUE,0,6c03730df19adafd8e4e3b1f84361e64a378a6a6,6b2fa9cf56ce738c74c8da6de0f5a972858f8a52,h7-exploratory-reconstruction-v1
2026-07-18,2026-07-18T11:57:32.018Z,ARTIFACT_AS_OF_UTC,54,ELIGIBLE,46,67,76,45,50,49,58,C_SURROGATE,B_METHOD_PIT,B_METHOD_PIT,C_PIT_CONSERVATIVE,C_SURROGATE,C_PIT_CONSERVATIVE,C_SURROGATE,EXPLORATORY_ONLY,TRUE,0,6c03730df19adafd8e4e3b1f84361e64a378a6a6,6b2fa9cf56ce738c74c8da6de0f5a972858f8a52,h7-exploratory-reconstruction-v1
2026-07-19,2026-07-19T12:02:57.952Z,ARTIFACT_AS_OF_UTC,54,ELIGIBLE,47,69,76,45,44,49,56,C_SURROGATE,B_METHOD_PIT,B_METHOD_PIT,C_PIT_CONSERVATIVE,C_SURROGATE,C_PIT_CONSERVATIVE,C_SURROGATE,EXPLORATORY_ONLY,TRUE,0,6c03730df19adafd8e4e3b1f84361e64a378a6a6,6b2fa9cf56ce738c74c8da6de0f5a972858f8a52,h7-exploratory-reconstruction-v1
2026-07-20,2026-07-20T13:11:49.731Z,ARTIFACT_AS_OF_UTC,55,ELIGIBLE,47,71,76,45,47,48,58,C_SURROGATE,B_METHOD_PIT,B_METHOD_PIT,C_PIT_CONSERVATIVE,C_SURROGATE,C_PIT_CONSERVATIVE,C_SURROGATE,EXPLORATORY_ONLY,TRUE,0,6c03730df19adafd8e4e3b1f84361e64a378a6a6,6b2fa9cf56ce738c74c8da6de0f5a972858f8a52,h7-exploratory-reconstruction-v1
2026-07-21,2026-07-21T12:26:19.986Z,ARTIFACT_AS_OF_UTC,54,ELIGIBLE,48,74,48,45,51,41,68,C_SURROGATE,B_METHOD_PIT,B_METHOD_PIT,C_PIT_CONSERVATIVE,C_SURROGATE,C_PIT_CONSERVATIVE,C_SURROGATE,EXPLORATORY_ONLY,TRUE,0,6c03730df19adafd8e4e3b1f84361e64a378a6a6,6b2fa9cf56ce738c74c8da6de0f5a972858f8a52,h7-exploratory-reconstruction-v1
2026-07-22,2026-07-22T12:43:44.658Z,ARTIFACT_AS_OF_UTC,52,ELIGIBLE,48,72,63,45,45,29,63,C_SURROGATE,B_METHOD_PIT,B_METHOD_PIT,C_PIT_CONSERVATIVE,C_SURROGATE,C_PIT_CONSERVATIVE,C_SURROGATE,EXPLORATORY_ONLY,TRUE,0,6c03730df19adafd8e4e3b1f84361e64a378a6a6,6b2fa9cf56ce738c74c8da6de0f5a972858f8a52,h7-exploratory-reconstruction-v1
2026-07-23,2026-07-23T12:27:15.244Z,ARTIFACT_AS_OF_UTC,53,ELIGIBLE,47,71,44,45,55,34,60,C_SURROGATE,B_METHOD_PIT,B_METHOD_PIT,C_PIT_CONSERVATIVE,C_SURROGATE,C_PIT_CONSERVATIVE,C_SURROGATE,EXPLORATORY_ONLY,TRUE,0,6c03730df19adafd8e4e3b1f84361e64a378a6a6,6b2fa9cf56ce738c74c8da6de0f5a972858f8a52,h7-exploratory-reconstruction-v1
2026-07-24,2026-07-24T12:23:49.291Z,ARTIFACT_AS_OF_UTC,55,ELIGIBLE,47,71,67,45,45,64,60,C_SURROGATE,B_METHOD_PIT,B_METHOD_PIT,C_PIT_CONSERVATIVE,C_SURROGATE,C_PIT_CONSERVATIVE,C_SURROGATE,EXPLORATORY_ONLY,TRUE,0,6c03730df19adafd8e4e3b1f84361e64a378a6a6,6b2fa9cf56ce738c74c8da6de0f5a972858f8a52,h7-exploratory-reconstruction-v1
2026-07-25,2026-07-25T12:05:59.564Z,ARTIFACT_AS_OF_UTC,56,ELIGIBLE,47,73,66,45,43,67,63,C_SURROGATE,B_METHOD_PIT,B_METHOD_PIT,C_PIT_CONSERVATIVE,C_SURROGATE,C_PIT_CONSERVATIVE,C_SURROGATE,EXPLORATORY_ONLY,TRUE,0,6c03730df19adafd8e4e3b1f84361e64a378a6a6,6b2fa9cf56ce738c74c8da6de0f5a972858f8a52,h7-exploratory-reconstruction-v1
2026-07-26,2026-07-26T12:09:13.021Z,ARTIFACT_AS_OF_UTC,55,ELIGIBLE,47,74,66,45,41,66,58,C_SURROGATE,B_METHOD_PIT,B_METHOD_PIT,C_PIT_CONSERVATIVE,C_SURROGATE,C_PIT_CONSERVATIVE,C_SURROGATE,EXPLORATORY_ONLY,TRUE,0,6c03730df19adafd8e4e3b1f84361e64a378a6a6,6b2fa9cf56ce738c74c8da6de0f5a972858f8a52,h7-exploratory-reconstruction-v1
2026-07-27,2026-07-27T13:42:20.523Z,ARTIFACT_AS_OF_UTC,55,ELIGIBLE,47,73,66,45,43,65,58,C_SURROGATE,B_METHOD_PIT,B_METHOD_PIT,C_PIT_CONSERVATIVE,C_SURROGATE,C_PIT_CONSERVATIVE,C_SURROGATE,EXPLORATORY_ONLY,TRUE,0,6c03730df19adafd8e4e3b1f84361e64a378a6a6,6b2fa9cf56ce738c74c8da6de0f5a972858f8a52,h7-exploratory-reconstruction-v1
2026-07-28,2026-07-28T12:58:15.083Z,ARTIFACT_AS_OF_UTC,53,ELIGIBLE,46,71,59,45,43,58,51,C_SURROGATE,B_METHOD_PIT,B_METHOD_PIT,C_PIT_CONSERVATIVE,C_SURROGATE,C_PIT_CONSERVATIVE,C_SURROGATE,EXPLORATORY_ONLY,TRUE,0,6c03730df19adafd8e4e3b1f84361e64a378a6a6,6b2fa9cf56ce738c74c8da6de0f5a972858f8a52,h7-exploratory-reconstruction-v1
2026-07-29,2026-07-29T13:04:59.716Z,ARTIFACT_AS_OF_UTC,54,ELIGIBLE,47,72,86,45,40,51,51,C_SURROGATE,B_METHOD_PIT,B_METHOD_PIT,C_PIT_CONSERVATIVE,C_SURROGATE,C_PIT_CONSERVATIVE,C_SURROGATE,EXPLORATORY_ONLY,TRUE,0,6c03730df19adafd8e4e3b1f84361e64a378a6a6,6b2fa9cf56ce738c74c8da6de0f5a972858f8a52,h7-exploratory-reconstruction-v1
2026-07-30,2026-07-30T12:49:25.347Z,ARTIFACT_AS_OF_UTC,53,ELIGIBLE,47,70,64,45,49,45,51,C_SURROGATE,B_METHOD_PIT,B_METHOD_PIT,C_PIT_CONSERVATIVE,C_SURROGATE,C_PIT_CONSERVATIVE,C_SURROGATE,EXPLORATORY_ONLY,TRUE,0,6c03730df19adafd8e4e3b1f84361e64a378a6a6,6b2fa9cf56ce738c74c8da6de0f5a972858f8a52,h7-exploratory-reconstruction-v1
2026-07-31,2026-07-31T13:00:44.992Z,ARTIFACT_AS_OF_UTC,53,ELIGIBLE,47,71,76,57,55,17,51,C_SURROGATE,B_METHOD_PIT,B_METHOD_PIT,C_PIT_CONSERVATIVE,C_SURROGATE,C_PIT_CONSERVATIVE,C_SURROGATE,EXPLORATORY_ONLY,TRUE,0,6c03730df19adafd8e4e3b1f84361e64a378a6a6,6b2fa9cf56ce738c74c8da6de0f5a972858f8a52,h7-exploratory-reconstruction-v1
2026-08-01,2026-08-01T12:05:37.972Z,ARTIFACT_AS_OF_UTC,52,ELIGIBLE,46,73,64,57,56,14,51,C_SURROGATE,B_METHOD_PIT,B_METHOD_PIT,C_PIT_CONSERVATIVE,C_SURROGATE,C_PIT_CONSERVATIVE,C_SURROGATE,EXPLORATORY_ONLY,TRUE,0,6c03730df19adafd8e4e3b1f84361e64a378a6a6,6b2fa9cf56ce738c74c8da6de0f5a972858f8a52,h7-exploratory-reconstruction-v1
2026-08-02,2026-08-02T12:07:47.285Z,ARTIFACT_AS_OF_UTC,51,ELIGIBLE,46,72,64,57,51,13,51,C_SURROGATE,B_METHOD_PIT,B_METHOD_PIT,C_PIT_CONSERVATIVE,C_SURROGATE,C_PIT_CONSERVATIVE,C_SURROGATE,EXPLORATORY_ONLY,TRUE,0,6c03730df19adafd8e4e3b1f84361e64a378a6a6,6b2fa9cf56ce738c74c8da6de0f5a972858f8a52,h7-exploratory-reconstruction-v1
2026-08-03,2026-08-03T13:44:53.588Z,ARTIFACT_AS_OF_UTC,50,ELIGIBLE,46,71,64,57,47,12,51,C_SURROGATE,B_METHOD_PIT,B_METHOD_PIT,C_PIT_CONSERVATIVE,C_SURROGATE,C_PIT_CONSERVATIVE,C_SURROGATE,EXPLORATORY_ONLY,TRUE,0,6c03730df19adafd8e4e3b1f84361e64a378a6a6,6b2fa9cf56ce738c74c8da6de0f5a972858f8a52,h7-exploratory-reconstruction-v1
2026-08-04,2026-08-04T13:06:11.041Z,ARTIFACT_AS_OF_UTC,52,ELIGIBLE,46,75,66,57,47,22,51,C_SURROGATE,B_METHOD_PIT,B_METHOD_PIT,C_PIT_CONSERVATIVE,C_SURROGATE,C_PIT_CONSERVATIVE,C_SURROGATE,EXPLORATORY_ONLY,TRUE,0,6c03730df19adafd8e4e3b1f84361e64a378a6a6,6b2fa9cf56ce738c74c8da6de0f5a972858f8a52,h7-exploratory-reconstruction-v1
2026-08-05,2026-08-05T12:59:02.632Z,ARTIFACT_AS_OF_UTC,50,ELIGIBLE,47,72,67,57,45,10,54,C_SURROGATE,B_METHOD_PIT,B_METHOD_PIT,C_PIT_CONSERVATIVE,C_SURROGATE,C_PIT_CONSERVATIVE,C_SURROGATE,EXPLORATORY_ONLY,TRUE,0,6c03730df19adafd8e4e3b1f84361e64a378a6a6,6b2fa9cf56ce738c74c8da6de0f5a972858f8a52,h7-exploratory-reconstruction-v1
2026-08-06,2026-08-06T13:00:18.038Z,ARTIFACT_AS_OF_UTC,48,ELIGIBLE,47,71,60,57,37,6,60,C_SURROGATE,B_METHOD_PIT,B_METHOD_PIT,C_PIT_CONSERVATIVE,C_SURROGATE,C_PIT_CONSERVATIVE,C_SURROGATE,EXPLORATORY_ONLY,TRUE,0,6c03730df19adafd8e4e3b1f84361e64a378a6a6,6b2fa9cf56ce738c74c8da6de0f5a972858f8a52,h7-exploratory-reconstruction-v1
2026-08-07,2026-08-07T11:50:35.273Z,ARTIFACT_AS_OF_UTC,49,ELIGIBLE,47,72,55,71,40,6,63,C_SURROGATE,B_METHOD_PIT,B_METHOD_PIT,C_PIT_CONSERVATIVE,C_SURROGATE,C_PIT_CONSERVATIVE,C_SURROGATE,EXPLORATORY_ONLY,TRUE,0,6c03730df19adafd8e4e3b1f84361e64a378a6a6,6b2fa9cf56ce738c74c8da6de0f5a972858f8a52,h7-exploratory-reconstruction-v1
2026-08-08,2026-08-08T11:34:39.477Z,ARTIFACT_AS_OF_UTC,49,ELIGIBLE,46,75,45,71,40,6,65,C_SURROGATE,B_METHOD_PIT,B_METHOD_PIT,C_PIT_CONSERVATIVE,C_SURROGATE,C_PIT_CONSERVATIVE,C_SURROGATE,EXPLORATORY_ONLY,TRUE,0,6c03730df19adafd8e4e3b1f84361e64a378a6a6,6b2fa9cf56ce738c74c8da6de0f5a972858f8a52,h7-exploratory-reconstruction-v1
2026-08-09,2026-08-09T11:35:37.859Z,ARTIFACT_AS_OF_UTC,52,ELIGIBLE,46,75,45,71,51,6,70,C_SURROGATE,B_METHOD_PIT,B_METHOD_PIT,C_PIT_CONSERVATIVE,C_SURROGATE,C_PIT_CONSERVATIVE,C_SURROGATE,EXPLORATORY_ONLY,TRUE,0,6c03730df19adafd8e4e3b1f84361e64a378a6a6,6b2fa9cf56ce738c74c8da6de0f5a972858f8a52,h7-exploratory-reconstruction-v1
2026-08-10,2026-08-10T11:52:51.239Z,ARTIFACT_AS_OF_UTC,52,ELIGIBLE,47,75,45,71,48,6,74,C_SURROGATE,B_METHOD_PIT,B_METHOD_PIT,C_PIT_CONSERVATIVE,C_SURROGATE,C_PIT_CONSERVATIVE,C_SURROGATE,EXPLORATORY_ONLY,TRUE,0,6c03730df19adafd8e4e3b1f84361e64a378a6a6,6b2fa9cf56ce738c74c8da6de0f5a972858f8a52,h7-exploratory-reconstruction-v1
2026-08-11,2026-08-11T11:49:40.211Z,ARTIFACT_AS_OF_UTC,49,ELIGIBLE,47,70,45,71,38,6,75,C_SURROGATE,B_METHOD_PIT,B_METHOD_PIT,C_PIT_CONSERVATIVE,C_SURROGATE,C_PIT_CONSERVATIVE,C_SURROGATE,EXPLORATORY_ONLY,TRUE,0,6c03730df19adafd8e4e3b1f84361e64a378a6a6,6b2fa9cf56ce738c74c8da6de0f5a972858f8a52,h7-exploratory-reconstruction-v1
2026-08-12,2026-08-12T11:52:41.908Z,ARTIFACT_AS_OF_UTC,53,ELIGIBLE,47,75,46,71,50,8,76,C_SURROGATE,B_METHOD_PIT,B_METHOD_PIT,C_PIT_CONSERVATIVE,C_SURROGATE,C_PIT_CONSERVATIVE,C_SURROGATE,EXPLORATORY_ONLY,TRUE,0,6c03730df19adafd8e4e3b1f84361e64a378a6a6,6b2fa9cf56ce738c74c8da6de0f5a972858f8a52,h7-exploratory-reconstruction-v1
2026-08-13,2026-08-13T11:53:06.305Z,ARTIFACT_AS_OF_UTC,54,ELIGIBLE,46,75,53,71,53,11,74,C_SURROGATE,B_METHOD_PIT,B_METHOD_PIT,C_PIT_CONSERVATIVE,C_SURROGATE,C_PIT_CONSERVATIVE,C_SURROGATE,EXPLORATORY_ONLY,TRUE,0,6c03730df19adafd8e4e3b1f84361e64a378a6a6,6b2fa9cf56ce738c74c8da6de0f5a972858f8a52,h7-exploratory-reconstruction-v1
2026-08-14,2026-08-14T11:49:54.875Z,ARTIFACT_AS_OF_UTC,49,ELIGIBLE,47,75,55,69,33,6,72,C_SURROGATE,B_METHOD_PIT,B_METHOD_PIT,C_PIT_CONSERVATIVE,C_SURROGATE,C_PIT_CONSERVATIVE,C_SURROGATE,EXPLORATORY_ONLY,TRUE,0,6c03730df19adafd8e4e3b1f84361e64a378a6a6,6b2fa9cf56ce738c74c8da6de0f5a972858f8a52,h7-exploratory-reconstruction-v1
2026-08-15,2026-08-15T11:25:38.367Z,ARTIFACT_AS_OF_UTC,48,ELIGIBLE,46,72,74,70,27,4,70,C_SURROGATE,B_METHOD_PIT,B_METHOD_PIT,C_PIT_CONSERVATIVE,C_SURROGATE,C_PIT_CONSERVATIVE,C_SURROGATE,EXPLORATORY_ONLY,TRUE,0,6c03730df19adafd8e4e3b1f84361e64a378a6a6,6b2fa9cf56ce738c74c8da6de0f5a972858f8a52,h7-exploratory-reconstruction-v1
2026-08-16,2026-08-16T11:25:56.794Z,ARTIFACT_AS_OF_UTC,47,ELIGIBLE,46,73,74,70,28,4,58,C_SURROGATE,B_METHOD_PIT,B_METHOD_PIT,C_PIT_CONSERVATIVE,C_SURROGATE,C_PIT_CONSERVATIVE,C_SURROGATE,EXPLORATORY_ONLY,TRUE,0,6c03730df19adafd8e4e3b1f84361e64a378a6a6,6b2fa9cf56ce738c74c8da6de0f5a972858f8a52,h7-exploratory-reconstruction-v1
2026-08-17,2026-08-17T15:44:32.381Z,ARTIFACT_AS_OF_UTC,47,ELIGIBLE,46,76,74,70,32,4,42,B_METHOD_PIT,B_METHOD_PIT,B_METHOD_PIT,C_PIT_CONSERVATIVE,B_METHOD_PIT,C_PIT_CONSERVATIVE,B_METHOD_PIT,EXPLORATORY_ONLY,TRUE,0,6c03730df19adafd8e4e3b1f84361e64a378a6a6,6b2fa9cf56ce738c74c8da6de0f5a972858f8a52,h7-exploratory-reconstruction-v1
2026-08-18,2026-08-18T11:30:48.147Z,ARTIFACT_AS_OF_UTC,,NOT_ELIGIBLE,46,72,71,70,37,5,,B_METHOD_PIT,B_METHOD_PIT,B_METHOD_PIT,C_PIT_CONSERVATIVE,B_METHOD_PIT,C_PIT_CONSERVATIVE,MISSING,,FALSE,1,6c03730df19adafd8e4e3b1f84361e64a378a6a6,6b2fa9cf56ce738c74c8da6de0f5a972858f8a52,h7-exploratory-reconstruction-v1
2026-08-19,2026-08-19T11:30:00.000Z,FIXED_1130_UTC,52,ELIGIBLE,47,76,67,70,46,8,65,B_METHOD_PIT,B_METHOD_PIT,B_METHOD_PIT,C_PIT_CONSERVATIVE,B_METHOD_PIT,C_PIT_CONSERVATIVE,B_METHOD_PIT,EXPLORATORY_ONLY,TRUE,0,6c03730df19adafd8e4e3b1f84361e64a378a6a6,6b2fa9cf56ce738c74c8da6de0f5a972858f8a52,h7-exploratory-reconstruction-v1
