evidence_id,proof_id,evidence_type,source_name,repository_path,git_commit_sha,git_blob_sha,external_url,request_parameters_or_command,observation_or_capture_date,accessed_at_utc,response_sha256,point_in_time_status,what_it_proves,what_it_does_not_prove,confidence,notes
E001,P1,CURRENT_CODE,snapshotPrice.mjs,scripts/etl/lib/snapshotPrice.mjs,6b2fa9cf56ce738c74c8da6de0f5a972858f8a52,d49c9486e0d75bdeecd8b4aa287cb07f6350e34e,,,2026-08-19,2026-08-19T22:40:00.000Z,,CURRENT_ONLY,Current snapshot is the UTC daily Coinbase 86400s bucket whose date equals as_of UTC date labeled utc_intraday_snapshot,That unlabeled historical spots used this function,HIGH,selectSnapshotFromDailyCandles introduced with this file
E002,P1,HISTORICAL_CODE,compute.mjs getCoinbaseCloseForYesterday,scripts/etl/compute.mjs,5ce98324e97794e7b1f511807ad2d3a5c7895186,a2ec36d810018fa0707279a7e1c0e026cd8ab16d,,,2026-08-16,2026-08-19T22:48:00.000Z,,PROVENANCE_ONLY,Immediately before snapshotPrice.mjs the official print selected yesterday fully closed Coinbase daily bucket,Current snapshot reconstruction on those dates,HIGH,Parent of daae316b. Function end=todayUTC midnight so the last fully closed bucket is yesterday
E003,P1,HISTORICAL_CODE,snapshotPrice.mjs introduction,scripts/etl/lib/snapshotPrice.mjs,daae316b4b574b730d27452ff475f25cbde84d16,d49c9486e0d75bdeecd8b4aa287cb07f6350e34e,,,2026-08-16,2026-08-19T22:40:00.000Z,,CURRENT_ONLY,First commit where current snapshot selection semantics existed,That every later unlabeled artifact used it,HIGH,Message: label the official print as a UTC snapshot with v1.1.1 provenance
E004,P1,GIT_RAW_CAPTURE,latest.json unlabeled 2025-09-26,public/data/latest.json,e9083962fcac56e305dff66810b9c5a7fceed394,f77f7e0dcd5aa1beaeab22c4e3403b0eca2e5652,,,2025-09-26,2026-08-19T22:40:00.000Z,,PROVENANCE_ONLY,Contemporaneous Coinbase spot_usd=108739.09 at as_of_utc=2025-09-26T11:19:04.150Z with no price_kind,That this spot is utc_intraday_snapshot,HIGH,Keys include btc.source=Coinbase but no snapshot_date/price_kind
E005,P1,GIT_RAW_CAPTURE,latest.json labeled 2026-08-17,public/data/latest.json,db789cd9c59b474044d428bfdccbe07312798236,82db3c2c0525aaa6dc1aa16932eabe143d7dff45,,,2026-08-17,2026-08-19T22:40:00.000Z,,PIT_EXACT,First Git latest.json with price_kind=utc_intraday_snapshot snapshot_date=2026-08-17 spot=64048.58,Full Trend factor replay,HIGH,as_of_utc=2026-08-17T15:44:32.381Z
E006,P1,GIT_RAW_CAPTURE,latest.json labeled HEAD,public/data/latest.json,ad6be423dc5222c0844e1a367742984d1e69c2d7,fca84aed72c35344706eed247dff7bfe04d934be,,,2026-08-19,2026-08-19T22:48:00.000Z,,PIT_EXACT,HEAD print keeps price_kind=utc_intraday_snapshot as_of_utc=2026-08-19T11:31:00.713Z,Historical unlabeled spots,HIGH,Confirms labeled snapshot continues through H6.1 base
E007,P1,BOUNDED_RETRIEVAL,Coinbase Exchange candles,,,,https://api.exchange.coinbase.com/products/BTC-USD/candles,granularity=86400 start=asOf-3d end=2026-08-19T11:00:00.000Z,2026-08-19,2026-08-19T22:50:16.000Z,14611ac9c532f027143b8a45851bb6adcd44bc035629d99e4e0b504801462904,CURRENT_ONLY,Open 2026-08-19 UTC daily bucket exists at 11:00 UTC so current snapshot selection can run,That 2025 unlabeled spots were this measurement,HIGH,3 candles returned; dates 2026-08-17/18/19
E008,P2,CURRENT_CODE,priceHistory.mjs,scripts/etl/priceHistory.mjs,6b2fa9cf56ce738c74c8da6de0f5a972858f8a52,515b02acdd0cf4a72e62889dafb83cec6e8acd95,,,2026-08-19,2026-08-19T22:40:00.000Z,,CURRENT_ONLY,filterCompletedDailyRecords and sma200DenominatorCloses keep only D where as_of>=(D+1)00:00Z,That Git CSV is a daily vintage,HIGH,Today full CSV would contaminate T without this filter
E009,P2,CURRENT_CODE,trendValuation.mjs,scripts/etl/factors/trendValuation.mjs,6b2fa9cf56ce738c74c8da6de0f5a972858f8a52,75046b4d47d73144f56c339c0461bdd4b6bf21b1,,,2026-08-19,2026-08-19T22:40:00.000Z,,CURRENT_ONLY,Mayer denominator is SMA200 of completed closes; Mayer numerator is snapshot; RSI/BMSB use completed weeks; percentiles rank the truncated series,Any historical score,HIGH,Warmup 200 daily / 22 weekly
E010,P2,GIT_RAW_CAPTURE,btc_price_history.csv Git vintages,public/data/btc_price_history.csv,ad6be423dc5222c0844e1a367742984d1e69c2d7,419cd6a2430ad1939b6182f78cac95b117b74cb3,,,2026-08-19,2026-08-19T22:40:00.000Z,,PROVENANCE_ONLY,HEAD CSV has 732 completed rows 2024-08-17 to 2026-08-18 mostly coinbase_historical,Daily PIT CSV archive; only 5 Git commits exist,HIGH,Other CSV commits: e33a13f9 14 rows; 9ea3ddb5 729 rows; db789cd9 730; 3e0c07ff 731
E011,P3,HISTORICAL_CODE,7-coin basket introduction,scripts/etl/factors.mjs,6b959cb8535ff71ef6e3de36e71a245e8c73e127,4840cfa119a5ede6098c5c3869da81ea679ef5b1,,,2025-10-04,2026-08-19T22:40:00.000Z,,PIT_EXACT,On 2025-10-04 code already requested USDT USDC DAI BUSD TUSD FRAX LUSD in that order,That the same-day 3-coin cache file used all seven slots,HIGH,Commit message expands coverage to 7 coins
E012,P3,GIT_RAW_CAPTURE,stablecoins 2025-10-04.json,public/data/cache/stablecoins/2025-10-04.json,,,,working-tree dated file inventory,2025-10-04,2026-08-19T22:40:00.000Z,,PIT_EXACT,3 positional prices/market_caps/total_volumes series ~91 points no ids,7-coin identity,HIGH,Exclude from current-basket mapping
E013,P3,GIT_RAW_CAPTURE,stablecoins 2025-10-05.json,public/data/cache/stablecoins/2025-10-05.json,,,,working-tree dated file inventory,2025-10-05,2026-08-19T22:40:00.000Z,,PIT_EXACT,7 positional series each with 31 market_caps and no ids matching then-current fetch order,CoinGecko later remapping of binance-usd,HIGH,308 of 309 dated files are length 7
E014,P3,BOUNDED_RETRIEVAL,CoinGecko coins/binance-usd,,,,https://api.coingecko.com/api/v3/coins/binance-usd,GET /coins/binance-usd,2026-08-19,2026-08-19T22:50:20.000Z,8bbd2209da7417e0f9c4d69969d5f54f8fec3c5432874ff298fe71a59823e24b,CURRENT_ONLY,id binance-usd still resolves to BUSD today,Historical BUSD market-cap path in 2025-10-05 slot 4,MEDIUM,Does not prove slot identity by itself; combined with contemporaneous fetch-order code
E015,P4,GIT_PROVENANCE_CACHE,stablecoins-historical.json first,public/data/stablecoins-historical.json,b3a4924bd593bb9f2564725eb2a773d3950328b7,31d5b361e84f8b478b0d3750285eb736b67794c0,,,2025-10-05,2026-08-19T22:40:00.000Z,,PROVENANCE_ONLY,Derived changeSeries length 1 numbers-only lastUpdated=2025-10-05T00:05:38.264Z,Current 365d T-truncated universe,HIGH,No observation dates
E016,P4,GIT_PROVENANCE_CACHE,stablecoins-historical.json HEAD,public/data/stablecoins-historical.json,ad6be423dc5222c0844e1a367742984d1e69c2d7,5bce43351e41c47dfebd440264bc8ef307520d8a,,,2026-08-19,2026-08-19T22:40:00.000Z,,PROVENANCE_ONLY,Derived changeSeries length 283 numbers-only,PIT universe at earlier T; using HEAD at earlier T is lookahead,HIGH,286 Git commits; growth ~1 point/day not the current 30-point merge
E017,P4,CURRENT_CODE,computeStablecoins fetch+percentile,scripts/etl/factors.mjs,6b2fa9cf56ce738c74c8da6de0f5a972858f8a52,e9fd06df79967f0041a901e2dd971b771e669b03,,,2026-08-19,2026-08-19T22:40:00.000Z,,CURRENT_ONLY,Live fetch days=30; supply_growth percentiles changeSeries; momentum is 7d threshold; responses[i] maps to config[i],That dated files are a 365d raw universe,HIGH,current code blob e9fd06df
E018,P5,CURRENT_CODE,marketCalendar.mjs,scripts/etl/marketCalendar.mjs,6b2fa9cf56ce738c74c8da6de0f5a972858f8a52,77c5669f77bef11cbc43fb85f82bb4a42bfc2136,,,2026-08-19,2026-08-19T22:40:00.000Z,,CURRENT_ONLY,ETF_FLOW_PUBLISH_HOUR_UTC=16 and selectPublishedEtfFlowRows keep row.date<=expected trading day,2025 holidays; parser local TZ weekend filter,HIGH,US_MARKET_HOLIDAYS_UTC is 2026-only
E019,P5,GIT_RAW_CAPTURE,etf 2025-10-07.html,public/data/cache/etf/2025-10-07.html,,5c199e78d5f5e6961fa649ecf0c2f178c7c99f39,,no-score parse + selectPublishedEtfFlowRows asOf=2025-10-07T11:00:00.000Z,2025-10-07,2026-08-19T22:40:00.000Z,,PIT_EXACT,Total plus 11 named fund columns; 435 published business-day rows 2024-01-11 through 2025-10-06 at 11:00 UTC,Any 21d sum HHI or score,HIGH,Earliest capture already structurally sufficient
E020,P5,GIT_RAW_CAPTURE,etf 2026-08-19.html,public/data/cache/etf/2026-08-19.html,,b84d054d336b2988d1de394087e1b89ca03c26c4,,no-score parse + selectPublishedEtfFlowRows asOf=2026-08-19T11:00:00.000Z,2026-08-19,2026-08-19T22:40:00.000Z,,PIT_EXACT,Same required columns plus extra msbt; 652 published rows through 2026-08-18 at 11:00 UTC,Live Farside equality,HIGH,Holiday-adjacent 2026-05-26.html also had >=21 published rows
E021,P5,GIT_PROVENANCE_CACHE,etf-flows-historical.json,public/data/etf-flows-historical.json,43826a2ac1e998f612e3609cfd5046c656a31785,2986a65e565516f374f57bf031a672c84647330c,,,2025-09-17,2026-08-19T22:48:00.000Z,,PROVENANCE_ONLY,Single Git commit; dated dailyFlows 2024-01-11 through 2025-09-16 used by current code as preferred percentile baseline when the file exists,A growing T-truncated 21d-sum universe,MEDIUM,Frozen baseline is not lookahead after 2025-09-17 but is not HTML-derived current-history either
E022,P6,OFFICIAL_DOC,FRED ALFRED docs,,,,https://fred.stlouisfed.org/docs/api/fred/alfred.html,GET HTML,2026-08-19,2026-08-19T22:50:13.906Z,5e27a920354948b37cc915f14c1b1d27f5f85840504ad72203825efaff70b22a,CURRENT_ONLY,Official vintage API using realtime_start/realtime_end exists,11:00 UTC knowability,HIGH,HTTP 200
E023,P6,OFFICIAL_DOC,FRED series observations docs,,,,https://fred.stlouisfed.org/docs/api/fred/series_observations.html,GET HTML,2026-08-19,2026-08-19T22:50:14.559Z,3cc39ab56dc87d66e0d3a4767805ee06dfb0cc34231d37ec14eabcc234389d21,CURRENT_ONLY,Observations endpoint documents realtime vintage parameters,Intraday publication clocks,HIGH,HTTP 200
E024,P6,OFFICIAL_DOC,Federal Reserve H.4.1,,,,https://www.federalreserve.gov/releases/h41/,GET HTML,2026-08-19,2026-08-19T22:50:14.749Z,e5390283aeb93833ee1185f437b78fef9c12db6607eab10bc1588fc348eb41bc,CURRENT_ONLY,H.4.1 is the WALCL source release,Exact 11:00 UTC availability of a given Thursday print,HIGH,Board release page; production still uses FRED not the Board file
E025,P6,BOUNDED_RETRIEVAL,ALFRED WALCL vintage 2025-12-11,,,,https://api.stlouisfed.org/fred/series/observations,series_id=WALCL realtime_start=end=2025-12-11 frequency=w observation_start~T-400d,2025-12-11,2026-08-19T22:50:15.300Z,6e092fa45476ede57183c1f15d1edeea2b1965bf84abe7c742ba3babd8650bca,PIT_METHOD_EQUIVALENT,58 weekly observations as known on calendar date 2025-12-11; last observation_date=2025-12-10 with realtime_start=2025-12-11,That this print was knowable at 11:00 UTC; WALCL-RRP-TGA level,HIGH,API key redacted; body hash recorded
E026,P6,BOUNDED_RETRIEVAL,ALFRED RRPONTSYD vintage 2025-12-11,,,,https://api.stlouisfed.org/fred/series/observations,series_id=RRPONTSYD realtime_start=end=2025-12-11 frequency=w,2025-12-11,2026-08-19T22:50:15.500Z,e81f443b2f00147e46d4f53f7506a701f597ba89b09799a1a9f47dccce893ba4,UNKNOWN,Weekly aggregation returned last observation_date=2025-12-12 on vintage date 2025-12-11,A 11:00-safe observation set,HIGH,Shows frequency=w can date after T
E027,P6,GIT_PROVENANCE_CACHE,net_liquidity_cache.json,public/data/cache/net_liquidity/net_liquidity_cache.json,d511199b5b04415b0379162ff2264fb8adf7d65f,,,git show,2025-12-11,2026-08-19T22:40:00.000Z,,PROVENANCE_ONLY,latestWalclDate=2025-12-03 lastUpdated=2025-12-03T00:00:00.000Z cachedAt=2025-12-11T19:25:55.087Z no raw arrays,Vintage WALCL/RRP/TGA values,HIGH,Do not backsolve scores
E028,P7,GIT_PROVENANCE_CACHE,term_leverage_cache.json early,public/data/cache/term_leverage/term_leverage_cache.json,d511199b5b04415b0379162ff2264fb8adf7d65f,974ecdae231939b69ec4e124f377cdefd6a4308a,,,2025-12-11,2026-08-19T22:40:00.000Z,,PIT_EXACT,fundingData[0].symbol=XBTUSD fundingInterval=2000-01-01T08:00:00.000Z details Data Source=BitMEX; no funding_provider field,Binance/OKX selection that day,HIGH,Schema already BitMEX-specific
E029,P7,GIT_PROVENANCE_CACHE,term_leverage_cache.json HEAD,public/data/cache/term_leverage/term_leverage_cache.json,ad6be423dc5222c0844e1a367742984d1e69c2d7,e07bf7bbd1cda4300a9d1ff87319621a2279ea7b,,,2026-08-19,2026-08-19T22:40:00.000Z,,PIT_EXACT,funding_provider=bitmex with same XBTUSD/BitMEX schema; 30 rows,Any funding score,HIGH,Explicit field present only on last 3 blobs; identity already established earlier via schema
E030,P7,BOUNDED_RETRIEVAL,BitMEX funding schema sample,,,,https://www.bitmex.com/api/v1/funding,symbol=XBTUSD count=2 reverse=true,2026-08-19,2026-08-19T22:50:17.000Z,209848687aaf4dfd2532bab98d8997654305df9e90f15502d228365c7f7c2b2f,CURRENT_ONLY,Live BitMEX keys timestamp symbol fundingInterval fundingRate fundingRateDaily with dummy 2000-01-01T08:00:00.000Z interval match Git caches,Historical rates equal live rates,HIGH,Inventory of all 253 Git blobs used this schema; 0 okx/binance markers
E031,P7,BOUNDED_RETRIEVAL,Binance funding contrast,,,,https://fapi.binance.com/fapi/v1/fundingRate,symbol=BTCUSDT limit=2,2026-08-19,2026-08-19T22:50:17.500Z,79c1db471a4cdc1c8565b5dfc52e0ed2d29962738ee4d28597696fcd0920e348,CURRENT_ONLY,Binance returned 451 from this environment so live contrast schema was unavailable here,That Git caches were Binance,MEDIUM,Git blobs already lacked fundingTime/BTCUSDT markers
E032,P8,GIT_RAW_CAPTURE,market_chart_30_daily.json HEAD,public/data/cache/market_chart_30_daily.json,ad6be423dc5222c0844e1a367742984d1e69c2d7,cc0e00a323629cc155c466d7b4213bf298182325,,,2026-08-19,2026-08-19T22:40:00.000Z,,PIT_EXACT,Envelope cachedAt=2026-08-19T11:29:41.974Z with 31 daily prices 2026-07-21 through 2026-08-19,Contiguous history through the term-cache span,HIGH,Term cache keys include spot_observation_utc but not the price vector
E033,P8,BOUNDED_RETRIEVAL,CoinGecko market_chart 30d live vs capture,,,,https://api.coingecko.com/api/v3/coins/bitcoin/market_chart,vs_currency=usd days=30 interval=daily,2026-08-19,2026-08-19T22:50:18.000Z,c24434163653d9b785ac3fa5ba51cebc5bc4a3a012995636b54bd70e67fa80cd,CURRENT_ONLY,Live 30d daily series matched 29 completed days of the same-day Git capture with 0 differences,That 2025 captured charts are unrevised; long-horizon PIT truth,MEDIUM,Same-day comparison only
E034,P9,OFFICIAL_DOC,H.15 selected interest rates,,,,https://www.federalreserve.gov/releases/h15/,GET HTML,2026-08-19,2026-08-19T22:50:15.006Z,cef33bd21dc66cd2060ae84c5f8689869dc3a151e52d3594829ca5c9faf1f9b8,CURRENT_ONLY,H.15 is the DGS2/DGS10 publication family,Same-day 11:00 UTC availability,HIGH,macroFreshness.mjs already encodes afternoon CT publication
E035,P9,OFFICIAL_DOC,H.10 foreign exchange,,,,https://www.federalreserve.gov/releases/h10/default.htm,GET HTML,2026-08-19,2026-08-19T22:50:15.142Z,00fe0fc8e727f480f4bb6fc0f4bf2b12e23abac7c91441f6da15e5f7d4dfa7ed,CURRENT_ONLY,H.10 is the DTWEXBGS publication family Monday 4:15 p.m. ET per current code comments,Same-day Monday 11:00 UTC availability,HIGH,Monday 11:00 UTC is before H.10
E036,P9,BOUNDED_RETRIEVAL,ALFRED VIXCLS vintage 2026-08-17,,,,https://api.stlouisfed.org/fred/series/observations,series_id=VIXCLS realtime_start=end=2026-08-17 frequency=d,2026-08-17,2026-08-19T22:50:22.677Z,d73a3cd03a7dffc11af5fed0e723b69b05ae87bb00647ded0f37a7734258d040,PIT_METHOD_EQUIVALENT,Calendar vintage includes VIXCLS observation_date=2026-08-17,That Monday VIX was knowable at 11:00 UTC Monday,HIGH,Same-day VIX in T vintage is the 11:00 blocker
E037,P9,BOUNDED_RETRIEVAL,ALFRED DGS2 vintage 2026-08-19,,,,https://api.stlouisfed.org/fred/series/observations,series_id=DGS2 realtime_start=end=2026-08-19 frequency=d,2026-08-19,2026-08-19T22:50:24.069Z,c70e84d9775d037535fd9b00b53887257dcee189b343c8241412a45041a85777,PIT_METHOD_EQUIVALENT,Vintage lastDate=2026-08-18 so same-day 2026-08-19 yield was not in the vintage at access time,Exact 11:00 UTC 2026-08-18 availability without the CT publication heuristic,MEDIUM,Consistent with afternoon H.15
E038,P10,CURRENT_CODE,computeSocialInterest momentum,scripts/etl/factors.mjs,6b2fa9cf56ce738c74c8da6de0f5a972858f8a52,e9fd06df79967f0041a901e2dd971b771e669b03,,,2026-08-19,2026-08-19T22:40:00.000Z,,CURRENT_ONLY,btc_price_momentum_7d uses coinGecko.getMarketChart(30 daily); recent7 vs previous7; percentile over other 7-vs-7 windows in the same 30d vector; latestPrice is cache-compare only,Long historical rank universe; Coinbase snapshot equivalence,HIGH,Warmup >=14 daily points inside the 30d fetch
E039,P10,GIT_PROVENANCE_CACHE,social_interest_cache.json first,public/data/cache/social_interest/social_interest_cache.json,6082a0f7b5a684f58aef79b220d8339f41b632d3,,,git show,2025-12-11,2026-08-19T22:40:00.000Z,,PROVENANCE_ONLY,Cache stores latestPrice/bitcoinRank/components not the 30d price vector,Current momentum calculation input,HIGH,H6 already classified trending A/A on captured ranks; this proof does not reopen that
E040,P5,GIT_RAW_CAPTURE,etf weekday gap vs holiday set,public/data/cache/etf,,,,filename inventory vs US_MARKET_HOLIDAYS_UTC,2025-10-13,2026-08-19T22:40:00.000Z,,PROVENANCE_ONLY,Missing weekday files include 2025-10-13 (Columbus Day 2025 not in current holiday set); 2026-05-25 (Memorial Day is in set); plus capture gaps 2026-01-14 2026-03-06 2026-03-30 2026-04-06 2026-06-01,That later HTML files lack those session rows,HIGH,2026-01-15.html lastDate=2026-01-14 so the next-day full dump still contains the missing-capture session
