observation_date,daily_rule_version,selection_status,selection_reason,primary_artifact_id,primary_artifact_commit_sha,primary_observation_as_of_utc,score,band,price_usd,model_version,implementation_revision,operational_role,analytical_eligibility,evidence_grade,deployment_status,candidate_artifact_count,eligible_scheduled_count,eligible_recovery_count,eligible_manual_count,source_main_sha,builder_version
2025-09-15,v1,REVIEW_REQUIRED,candidate_artifacts_exist_but_no_eligible_primary,,,,,,,,,,,,UNKNOWN,8,0,0,0,c29601abff2252a553ef12c5ed843ea705f9956f,h3.1-v1
2025-09-16,v1,REVIEW_REQUIRED,candidate_artifacts_exist_but_no_eligible_primary,,,,,,,,,,,,UNKNOWN,5,0,0,0,c29601abff2252a553ef12c5ed843ea705f9956f,h3.1-v1
2025-09-17,v1,REVIEW_REQUIRED,candidate_artifacts_exist_but_no_eligible_primary,,,,,,,,,,,,UNKNOWN,14,0,0,0,c29601abff2252a553ef12c5ed843ea705f9956f,h3.1-v1
2025-09-18,v1,REVIEW_REQUIRED,candidate_artifacts_exist_but_no_eligible_primary,,,,,,,,,,,,UNKNOWN,7,0,0,0,c29601abff2252a553ef12c5ed843ea705f9956f,h3.1-v1
2025-09-19,v1,DAILY_PRIMARY,earliest_eligible_scheduled,0c9b77116a7ea2eeda573c573caf56394e2dd4b2,9d2c33a81e690ac718796c7bf96f6c9907908915,2025-09-19T11:19:27.292Z,47,Hold/Neutral,116478.28,v3.1.0,,scheduled_etl,ELIGIBLE_SCHEDULED,B,UNKNOWN,11,1,0,0,c29601abff2252a553ef12c5ed843ea705f9956f,h3.1-v1
2025-09-20,v1,DAILY_PRIMARY,earliest_eligible_scheduled,c5d0c80e8d170ca45b2271e16a137324a0321903,c897c44c76bbc8d4ef9984a781a7116147aac2f1,2025-09-20T11:17:39.091Z,49,Hold/Neutral,115903.33,v3.1.0,,scheduled_etl,ELIGIBLE_SCHEDULED,B,UNKNOWN,2,2,0,0,c29601abff2252a553ef12c5ed843ea705f9956f,h3.1-v1
2025-09-21,v1,DAILY_PRIMARY,earliest_eligible_scheduled,74c57db8cc60701569bd27060f33c19d7bd383b3,c23e1050c570e214717229dada5f087680180529,2025-09-21T02:36:08.017Z,46,Hold/Neutral,115673.46,v3.1.0,,scheduled_etl,ELIGIBLE_SCHEDULED,B,UNKNOWN,2,2,0,0,c29601abff2252a553ef12c5ed843ea705f9956f,h3.1-v1
2025-09-22,v1,DAILY_PRIMARY,earliest_eligible_scheduled,b44ac7c6b99d894716e7fe1630e7f5afe5893a50,b9d4fe602e67a4199c1eb139847d0bef3f8abb2a,2025-09-22T11:20:01.318Z,47,Hold/Neutral,112905.38,v3.1.0,,scheduled_etl,ELIGIBLE_SCHEDULED,B,UNKNOWN,1,1,0,0,c29601abff2252a553ef12c5ed843ea705f9956f,h3.1-v1
2025-09-23,v1,DAILY_PRIMARY,earliest_eligible_scheduled,7566e02eb3bffe5e44abf73fa2002a66a0aba709,171c9dfb4ce126f3f03d3cc9ee445019aa77da2d,2025-09-23T11:18:55.077Z,40,Hold/Neutral,112807.46,v3.1.0,,scheduled_etl,ELIGIBLE_SCHEDULED,B,UNKNOWN,7,5,0,0,c29601abff2252a553ef12c5ed843ea705f9956f,h3.1-v1
2025-09-24,v1,DAILY_PRIMARY,earliest_eligible_scheduled,c35032de9677f684c962b6e755b6fa1c0d3abe2c,a0e05a6152eb182fcaaa9a2248368ea0077fc7ad,2025-09-24T11:18:45.296Z,50,Hold/Neutral,113116.01,v3.1.0,,scheduled_etl,ELIGIBLE_SCHEDULED,B,UNKNOWN,5,4,0,0,c29601abff2252a553ef12c5ed843ea705f9956f,h3.1-v1
2025-09-25,v1,DAILY_PRIMARY,earliest_eligible_scheduled,e9f3b5b5f51002d5f0f12039ebfbf27726460ea6,361bd801a56a1ca56524f03894645142fc784d78,2025-09-25T00:45:00.436Z,45,Hold/Neutral,113236.2,v3.1.0,,scheduled_etl,ELIGIBLE_SCHEDULED,B,UNKNOWN,4,4,0,0,c29601abff2252a553ef12c5ed843ea705f9956f,h3.1-v1
2025-09-26,v1,DAILY_PRIMARY,earliest_eligible_scheduled,f77f7e0dcd5aa1beaeab22c4e3403b0eca2e5652,e9083962fcac56e305dff66810b9c5a7fceed394,2025-09-26T11:19:04.150Z,47,Hold/Neutral,108739.09,v3.1.0,,scheduled_etl,ELIGIBLE_SCHEDULED,B,UNKNOWN,5,2,0,0,c29601abff2252a553ef12c5ed843ea705f9956f,h3.1-v1
2025-09-27,v1,DAILY_PRIMARY,earliest_eligible_scheduled,02cbfd8c5afd21690fc61b60fdb357acfee09dd6,068b5987179e9dfca767152d1dfe43f01211ea7e,2025-09-27T11:16:58.198Z,75,Increase Selling,109366.69,v3.1.0,,scheduled_etl,ELIGIBLE_SCHEDULED,B,UNKNOWN,1,1,0,0,c29601abff2252a553ef12c5ed843ea705f9956f,h3.1-v1
2025-09-28,v1,DAILY_PRIMARY,earliest_eligible_scheduled,75cdcbc728b2fb3923cc3971167fadf89ee1488d,dcdfe312aa046600de988c1c1ecf298d9dfb5278,2025-09-28T11:17:11.929Z,77,Increase Selling,109371.61,v3.1.0,,scheduled_etl,ELIGIBLE_SCHEDULED,B,UNKNOWN,4,1,0,0,c29601abff2252a553ef12c5ed843ea705f9956f,h3.1-v1
2025-09-29,v1,DAILY_PRIMARY,earliest_eligible_scheduled,1f52bd67154353cd5dfb1528a2844cd41b6e4774,5d6a3abab7bc0a3a2336cc1df95d364f4b9d61a9,2025-09-29T11:19:35.080Z,56,Begin Scaling Out,112062.6,v3.1.0,,scheduled_etl,ELIGIBLE_SCHEDULED,B,UNKNOWN,6,6,0,0,c29601abff2252a553ef12c5ed843ea705f9956f,h3.1-v1
2025-09-30,v1,DAILY_PRIMARY,earliest_eligible_scheduled,92f552582dba59377cd455935c9d275f931fbbe6,89272d7ab16e0c529fa78a97f4547956a629631f,2025-09-30T00:54:46.043Z,56,Hold & Wait,114596.23,v3.1.0,,scheduled_etl,ELIGIBLE_SCHEDULED,B,UNKNOWN,4,4,0,0,c29601abff2252a553ef12c5ed843ea705f9956f,h3.1-v1
2025-10-01,v1,DAILY_PRIMARY,earliest_eligible_scheduled,76b2a7ea76755f7ddee3529b3b84e82ef97cb99e,25a6a52c80dffac8f08de0d267660d2e093cd287,2025-10-01T11:19:59.429Z,57,Hold & Wait,116457.11,v3.1.0,,scheduled_etl,ELIGIBLE_SCHEDULED,B,UNKNOWN,2,2,0,0,c29601abff2252a553ef12c5ed843ea705f9956f,h3.1-v1
2025-10-02,v1,DAILY_PRIMARY,earliest_eligible_scheduled,f974aec38e9fa365bfc7d6c04d0d761e52ea1753,06ec9b65a64968e9f66040f48b3e290182f6eb9c,2025-10-02T00:21:41.758Z,55,Hold & Wait,118991.46,v3.1.0,,scheduled_etl,ELIGIBLE_SCHEDULED,B,UNKNOWN,13,12,0,0,c29601abff2252a553ef12c5ed843ea705f9956f,h3.1-v1
2025-10-03,v1,DAILY_PRIMARY,earliest_eligible_scheduled,011f86904acf456086f28989184c6395fad8626c,3741fd1efa7bb354600f0ccb92437e3dca6476de,2025-10-03T11:18:54.176Z,54,Hold & Wait,120269.42,v3.1.0,,scheduled_etl,ELIGIBLE_SCHEDULED,B,UNKNOWN,2,2,0,0,c29601abff2252a553ef12c5ed843ea705f9956f,h3.1-v1
2025-10-04,v1,DAILY_PRIMARY,earliest_eligible_scheduled,e3de669ee6802ffc72c6c138a4f58aa397cd5833,e500c5fc9d84aa071c29d6cd76fca5197e860ca1,2025-10-04T01:55:36.267Z,53,Hold & Wait,121783.88,v3.1.0,,scheduled_etl,ELIGIBLE_SCHEDULED,B,UNKNOWN,8,8,0,0,c29601abff2252a553ef12c5ed843ea705f9956f,h3.1-v1
2025-10-05,v1,DAILY_PRIMARY,earliest_eligible_scheduled,302a2e05b1994cf4a40ae8fe913fbab0ca23e1cf,b3a4924bd593bb9f2564725eb2a773d3950328b7,2025-10-05T00:05:40.195Z,65,Reduce Risk,122360.57,v3.1.0,,scheduled_etl,ELIGIBLE_SCHEDULED,B,UNKNOWN,16,16,0,0,c29601abff2252a553ef12c5ed843ea705f9956f,h3.1-v1
2025-10-06,v1,DAILY_PRIMARY,earliest_eligible_scheduled,fd2a4878bffd054a496b7fe75f4a29716bc903d2,3113e198040cd5d6a49b8067469907d9c3907d7e,2025-10-06T11:19:14.041Z,61,Hold & Wait,123944.69,v3.1.0,,scheduled_etl,ELIGIBLE_SCHEDULED,B,UNKNOWN,2,2,0,0,c29601abff2252a553ef12c5ed843ea705f9956f,h3.1-v1
2025-10-07,v1,DAILY_PRIMARY,earliest_eligible_scheduled,0c62bb045008420503a0ccfdbc7c7c446d0fd471,dc935557988969689b229345b1c14765067074cc,2025-10-07T11:19:28.705Z,54,Hold & Wait,124377.49,v3.1.0,,scheduled_etl,ELIGIBLE_SCHEDULED,B,UNKNOWN,1,1,0,0,c29601abff2252a553ef12c5ed843ea705f9956f,h3.1-v1
2025-10-08,v1,DAILY_PRIMARY,earliest_eligible_scheduled,fdc852982e918c0ad805cfbc751a503d3fdf8754,644ac9f3b00ab4e326bfa8bdedde0e241cb1fdc8,2025-10-08T11:19:36.365Z,59,Hold & Wait,123019.99,v3.1.0,,scheduled_etl,ELIGIBLE_SCHEDULED,B,UNKNOWN,1,1,0,0,c29601abff2252a553ef12c5ed843ea705f9956f,h3.1-v1
2025-10-09,v1,DAILY_PRIMARY,earliest_eligible_scheduled,d747f76aaadad65ae41dcbd22308ded112d5967c,26d731f909a23ed258f863e659bf14e8827c26c3,2025-10-09T11:20:01.988Z,59,Hold & Wait,122434,v3.1.0,,scheduled_etl,ELIGIBLE_SCHEDULED,B,UNKNOWN,1,1,0,0,c29601abff2252a553ef12c5ed843ea705f9956f,h3.1-v1
2025-10-10,v1,DAILY_PRIMARY,earliest_eligible_scheduled,005a33084b7854ac0db1c7a264e96dfb581815ee,a6a2e7854978759ca011bd78f18c9b87b65864ca,2025-10-10T11:20:13.758Z,58,Hold & Wait,121612.71,v3.1.0,,scheduled_etl,ELIGIBLE_SCHEDULED,B,UNKNOWN,1,1,0,0,c29601abff2252a553ef12c5ed843ea705f9956f,h3.1-v1
2025-10-11,v1,DAILY_PRIMARY,earliest_eligible_scheduled,68ca25b86705d0e0884ff896336818e0aa86b356,6825e3cdf7938393de5112dc3080d1e64d2ffcb2,2025-10-11T11:17:48.227Z,56,Hold & Wait,111864.05,v3.1.0,,scheduled_etl,ELIGIBLE_SCHEDULED,B,UNKNOWN,1,1,0,0,c29601abff2252a553ef12c5ed843ea705f9956f,h3.1-v1
2025-10-12,v1,DAILY_PRIMARY,earliest_eligible_scheduled,d40784592fecc6a543c339880e2230f161bb0636,f6b1848919137b5ca76fcb0e0bb80ee43cecfa21,2025-10-12T11:17:44.155Z,57,Hold & Wait,111758.02,v3.1.0,,scheduled_etl,ELIGIBLE_SCHEDULED,B,UNKNOWN,1,1,0,0,c29601abff2252a553ef12c5ed843ea705f9956f,h3.1-v1
2025-10-13,v1,DAILY_PRIMARY,earliest_eligible_scheduled,d2a26b8f2e8e86f8b55cda89e9d9ff7434eb68d8,e51a518d032d97742e3786aa076af48cd74229ef,2025-10-13T11:21:37.524Z,60,Hold & Wait,114511.98,v3.1.0,,scheduled_etl,ELIGIBLE_SCHEDULED,B,UNKNOWN,1,1,0,0,c29601abff2252a553ef12c5ed843ea705f9956f,h3.1-v1
2025-10-14,v1,DAILY_PRIMARY,earliest_eligible_scheduled,f8de7d2d1822f92a3d25637c8dc94ee7403f50c6,67049177b4dbf76022ce6b47cbae729bc55ba430,2025-10-14T11:19:33.324Z,58,Hold & Wait,111372.71,v3.1.0,,scheduled_etl,ELIGIBLE_SCHEDULED,B,UNKNOWN,1,1,0,0,c29601abff2252a553ef12c5ed843ea705f9956f,h3.1-v1
2025-10-15,v1,DAILY_PRIMARY,earliest_eligible_scheduled,a8c84486a83ec200ec59f2b3607ef2c310b6e633,7458993c6a77aec8504cd65e273f95f7b4485485,2025-10-15T11:20:16.862Z,61,Hold & Wait,111971.21,v3.1.0,,scheduled_etl,ELIGIBLE_SCHEDULED,B,UNKNOWN,1,1,0,0,c29601abff2252a553ef12c5ed843ea705f9956f,h3.1-v1
2025-10-16,v1,DAILY_PRIMARY,earliest_eligible_scheduled,8ed903048fe2b6603969fe0c7f2528c523f1da77,778cbd1213cf8cfb0ccfce436bfd2cfaa51c35f7,2025-10-16T11:20:38.708Z,63,Hold & Wait,111350.01,v3.1.0,,scheduled_etl,ELIGIBLE_SCHEDULED,B,UNKNOWN,1,1,0,0,c29601abff2252a553ef12c5ed843ea705f9956f,h3.1-v1
2025-10-17,v1,DAILY_PRIMARY,earliest_eligible_scheduled,884526a24c868466a541a2c055705fe9ee16c92b,33668089c2791fa58cc18f62fee4056f9c4ab35d,2025-10-17T11:19:36.339Z,59,Hold & Wait,105986.05,v3.1.0,,scheduled_etl,ELIGIBLE_SCHEDULED,B,UNKNOWN,1,1,0,0,c29601abff2252a553ef12c5ed843ea705f9956f,h3.1-v1
2025-10-18,v1,DAILY_PRIMARY,earliest_eligible_scheduled,708899c787d0bef583a2d8386a0f0b991a73361b,7d7d814142b84e917fe8ac43813c717ce8eb3793,2025-10-18T11:17:53.550Z,59,Hold & Wait,106964.02,v3.1.0,,scheduled_etl,ELIGIBLE_SCHEDULED,B,UNKNOWN,1,1,0,0,c29601abff2252a553ef12c5ed843ea705f9956f,h3.1-v1
2025-10-19,v1,DAILY_PRIMARY,earliest_eligible_scheduled,3bd71c61e3c5bb85e48fa4b25a80dd67e7054a97,21e77f36918fda97088f268861dcd14e3d2adea1,2025-10-19T11:17:39.905Z,60,Hold & Wait,108139.85,v3.1.0,,scheduled_etl,ELIGIBLE_SCHEDULED,B,UNKNOWN,1,1,0,0,c29601abff2252a553ef12c5ed843ea705f9956f,h3.1-v1
2025-10-20,v1,DAILY_PRIMARY,earliest_eligible_scheduled,6746b1e1b892f7a7f5ad0541aaa77d3ac4531565,02796b835e96f627466b81ddf415529a2f8af01f,2025-10-20T11:21:02.429Z,61,Hold & Wait,110795.56,v3.1.0,,scheduled_etl,ELIGIBLE_SCHEDULED,B,UNKNOWN,1,1,0,0,c29601abff2252a553ef12c5ed843ea705f9956f,h3.1-v1
2025-10-21,v1,DAILY_PRIMARY,earliest_eligible_scheduled,dbbd9be825593982d875d41bb30d5d267edd543f,3fa06ba467926974fbea96a1ec327c0afe74d686,2025-10-21T11:20:13.778Z,62,Hold & Wait,108513.92,v3.1.0,,scheduled_etl,ELIGIBLE_SCHEDULED,B,UNKNOWN,1,1,0,0,c29601abff2252a553ef12c5ed843ea705f9956f,h3.1-v1
2025-10-22,v1,DAILY_PRIMARY,earliest_eligible_scheduled,169fbd4799d5b51f11625cfba6082c95e2da20b8,6464ee833dfc58305f6694b6864d3d2b47a92860,2025-10-22T11:21:23.725Z,61,Hold & Wait,108209.74,v3.1.0,,scheduled_etl,ELIGIBLE_SCHEDULED,B,UNKNOWN,1,1,0,0,c29601abff2252a553ef12c5ed843ea705f9956f,h3.1-v1
2025-10-23,v1,DAILY_PRIMARY,earliest_eligible_scheduled,1210ee292ecc6824dd646230fae1d8a41796b0be,699695ec28e9a98ec1f8b8b9287478a3d54eb73b,2025-10-23T11:21:00.895Z,61,Hold & Wait,109460.15,v3.1.0,,scheduled_etl,ELIGIBLE_SCHEDULED,B,UNKNOWN,1,1,0,0,c29601abff2252a553ef12c5ed843ea705f9956f,h3.1-v1
2025-10-24,v1,DAILY_PRIMARY,earliest_eligible_scheduled,35287bd3b274fb53bc505ec75f358436d908b394,42772751a5136b4d4263f5b11f050cd844a33533,2025-10-24T11:21:27.050Z,60,Hold & Wait,111174,v3.1.0,,scheduled_etl,ELIGIBLE_SCHEDULED,B,UNKNOWN,1,1,0,0,c29601abff2252a553ef12c5ed843ea705f9956f,h3.1-v1
2025-10-25,v1,DAILY_PRIMARY,earliest_eligible_scheduled,23451afee350087c86eb675fa3ff06495c5b17ca,43cb664bf03a6208949817f6f26fa544e3c1683d,2025-10-25T11:17:47.911Z,60,Hold & Wait,111583.3,v3.1.0,,scheduled_etl,ELIGIBLE_SCHEDULED,B,UNKNOWN,1,1,0,0,c29601abff2252a553ef12c5ed843ea705f9956f,h3.1-v1
2025-10-26,v1,DAILY_PRIMARY,earliest_eligible_scheduled,7ac9f190a6c0e745a706b5fb462a61c7e0474433,04a775aa97041a42681bdf3206458c190df7c83d,2025-10-26T11:18:06.632Z,60,Hold & Wait,112623.71,v3.1.0,,scheduled_etl,ELIGIBLE_SCHEDULED,B,UNKNOWN,1,1,0,0,c29601abff2252a553ef12c5ed843ea705f9956f,h3.1-v1
2025-10-27,v1,DAILY_PRIMARY,earliest_eligible_scheduled,5fa982f81cbd342b11bedec49d5f7e38036b0b77,271aaa5266a7604cd90a8752d5cce049d60700a2,2025-10-27T11:21:30.968Z,60,Hold & Wait,115167.99,v3.1.0,,scheduled_etl,ELIGIBLE_SCHEDULED,B,UNKNOWN,1,1,0,0,c29601abff2252a553ef12c5ed843ea705f9956f,h3.1-v1
2025-10-28,v1,DAILY_PRIMARY,earliest_eligible_scheduled,2eb8215ddb08f943ddfe5d0a008c1397c0c05c99,01abb8c4e9b3c8701db482dec34049061c6f5a63,2025-10-28T11:20:06.335Z,58,Hold & Wait,114582,v3.1.0,,scheduled_etl,ELIGIBLE_SCHEDULED,B,UNKNOWN,1,1,0,0,c29601abff2252a553ef12c5ed843ea705f9956f,h3.1-v1
2025-10-29,v1,DAILY_PRIMARY,earliest_eligible_scheduled,301c6abe51a4fb896a1659aa6ceb00c842ce8300,5c4535b2a8cc43ca52c74e66bba630b899c8cb09,2025-10-29T11:21:36.749Z,55,Hold & Wait,113122.86,v3.1.0,,scheduled_etl,ELIGIBLE_SCHEDULED,B,UNKNOWN,3,1,0,0,c29601abff2252a553ef12c5ed843ea705f9956f,h3.1-v1
2025-10-30,v1,DAILY_PRIMARY,earliest_eligible_scheduled,3e2c090977ac781e1d04e53fe2a81b6681a5b68c,8324833c96638abd460fd7c8cbfd146b8787d2d7,2025-10-30T11:20:37.122Z,55,Hold & Wait,109967.66,v3.1.0,,scheduled_etl,ELIGIBLE_SCHEDULED,B,UNKNOWN,1,1,0,0,c29601abff2252a553ef12c5ed843ea705f9956f,h3.1-v1
2025-10-31,v1,DAILY_PRIMARY,earliest_eligible_scheduled,91b7aa644b5d9e7557b6b33c197c2c1df5cf8418,3345c26f51ffcfc64021fde450d8f5d3324108d0,2025-10-31T11:20:02.237Z,56,Hold & Wait,109618.2,v3.1.0,,scheduled_etl,ELIGIBLE_SCHEDULED,B,UNKNOWN,1,1,0,0,c29601abff2252a553ef12c5ed843ea705f9956f,h3.1-v1
2025-11-01,v1,DAILY_PRIMARY,earliest_eligible_scheduled,16aa91c6b8b83cf3266efd431b9fc86e6afab7c9,3780db7a62fc96d2e4b044c502f72851887d1ac9,2025-11-01T11:18:20.013Z,58,Hold & Wait,110119.99,v3.1.0,,scheduled_etl,ELIGIBLE_SCHEDULED,B,UNKNOWN,1,1,0,0,c29601abff2252a553ef12c5ed843ea705f9956f,h3.1-v1
2025-11-02,v1,DAILY_PRIMARY,earliest_eligible_scheduled,2323b3fd8fbaf9d9dccdad0abcf5b3c9d2346e3d,56a3f38b9a09086304696e007eca2dd2b87d7519,2025-11-02T11:17:43.209Z,58,Hold & Wait,110705.99,v3.1.0,,scheduled_etl,ELIGIBLE_SCHEDULED,B,UNKNOWN,1,1,0,0,c29601abff2252a553ef12c5ed843ea705f9956f,h3.1-v1
2025-11-03,v1,DAILY_PRIMARY,earliest_eligible_scheduled,f4ec215a663ca4c28ad7223924ad55da4453b6af,bfd413c5f17c0bf238cd7380d26f30ceed80d090,2025-11-03T11:21:06.725Z,58,Hold & Wait,107675.72,v3.1.0,,scheduled_etl,ELIGIBLE_SCHEDULED,B,UNKNOWN,1,1,0,0,c29601abff2252a553ef12c5ed843ea705f9956f,h3.1-v1
2025-11-04,v1,DAILY_PRIMARY,earliest_eligible_scheduled,7be7a7d02c3792b8106373c7355705c2d77b3120,ecbae65daf2ed679bb6b0fb8f76628eed27b96ae,2025-11-04T11:22:52.134Z,57,Hold & Wait,104337.43,v3.1.0,,scheduled_etl,ELIGIBLE_SCHEDULED,B,UNKNOWN,1,1,0,0,c29601abff2252a553ef12c5ed843ea705f9956f,h3.1-v1
2025-11-05,v1,DAILY_PRIMARY,earliest_eligible_scheduled,1ea1425d4702c3af15dbfceb3b3385cd950e4b6d,bdbfcb23fc8af1cfb1023520ccd8a62c26355c57,2025-11-05T11:22:24.360Z,55,Hold & Wait,101543.83,v3.1.0,,scheduled_etl,ELIGIBLE_SCHEDULED,B,UNKNOWN,1,1,0,0,c29601abff2252a553ef12c5ed843ea705f9956f,h3.1-v1
2025-11-06,v1,DAILY_PRIMARY,earliest_eligible_scheduled,50cd77d5e75a9fd074874b77ab8837c97ce6ebba,65562b230f19720d20ebd255843a88a11f266b3a,2025-11-06T11:22:09.102Z,56,Hold & Wait,103147.77,v3.1.0,,scheduled_etl,ELIGIBLE_SCHEDULED,B,UNKNOWN,1,1,0,0,c29601abff2252a553ef12c5ed843ea705f9956f,h3.1-v1
2025-11-07,v1,DAILY_PRIMARY,earliest_eligible_scheduled,bcb883b0fe7713e0320e13f47c659f13fde92b1d,6b7a32f4ff599938ba137b541b8df8dab0400e3e,2025-11-07T11:20:25.879Z,59,Hold & Wait,99992.96,v3.1.0,,scheduled_etl,ELIGIBLE_SCHEDULED,B,UNKNOWN,1,1,0,0,c29601abff2252a553ef12c5ed843ea705f9956f,h3.1-v1
2025-11-08,v1,DAILY_PRIMARY,earliest_eligible_scheduled,bf248bb3a563b2a1dca9837c9b0ae18de1c088b7,7ef96abdf52cd33c24de2a5f62be46379932bef5,2025-11-08T11:18:19.465Z,58,Hold & Wait,102540.42,v3.1.0,,scheduled_etl,ELIGIBLE_SCHEDULED,B,UNKNOWN,1,1,0,0,c29601abff2252a553ef12c5ed843ea705f9956f,h3.1-v1
2025-11-09,v1,DAILY_PRIMARY,earliest_eligible_scheduled,09996e5616a6d95ae5837a925bdb850a531392af,78292aa17faef521754aebe76eac5216e728d4e4,2025-11-09T11:18:20.529Z,60,Hold & Wait,102150.31,v3.1.0,,scheduled_etl,ELIGIBLE_SCHEDULED,B,UNKNOWN,1,1,0,0,c29601abff2252a553ef12c5ed843ea705f9956f,h3.1-v1
2025-11-10,v1,DAILY_PRIMARY,earliest_eligible_scheduled,c6ef0c2c5039e7f3b8f16933304c47571b9c0a88,25c86965a194d007451dea58230d3cf2fad8e70e,2025-11-10T11:21:45.002Z,58,Hold & Wait,106020.78,v3.1.0,,scheduled_etl,ELIGIBLE_SCHEDULED,B,UNKNOWN,1,1,0,0,c29601abff2252a553ef12c5ed843ea705f9956f,h3.1-v1
2025-11-11,v1,DAILY_PRIMARY,earliest_eligible_scheduled,7a54de05a68dae9fa8bacc3e01781e244765feef,9cd640c50daf45460d328203fd92f97fa1ac4d28,2025-11-11T11:22:05.864Z,62,Hold & Wait,105307.19,v3.1.0,,scheduled_etl,ELIGIBLE_SCHEDULED,B,UNKNOWN,1,1,0,0,c29601abff2252a553ef12c5ed843ea705f9956f,h3.1-v1
2025-11-12,v1,DAILY_PRIMARY,earliest_eligible_scheduled,4f5ef1f5f381611c775b93998ca5c581dd141848,fe28d5c09ad51798b652d4d3e3c4dd91355c2a53,2025-11-12T11:22:10.971Z,58,Hold & Wait,105081.47,v3.1.0,,scheduled_etl,ELIGIBLE_SCHEDULED,B,UNKNOWN,1,1,0,0,c29601abff2252a553ef12c5ed843ea705f9956f,h3.1-v1
2025-11-13,v1,DAILY_PRIMARY,earliest_eligible_scheduled,be7cf391dbac451c96467cbcbae5a900e6cc76d6,38c8f20bd5af4d5068821693411d452e8f9e0422,2025-11-13T11:22:41.762Z,56,Hold & Wait,102889.95,v3.1.0,,scheduled_etl,ELIGIBLE_SCHEDULED,B,UNKNOWN,1,1,0,0,c29601abff2252a553ef12c5ed843ea705f9956f,h3.1-v1
2025-11-14,v1,DAILY_PRIMARY,earliest_eligible_scheduled,e98a9c66dabeb3b09c02d663802425669fa30227,30fd33250cd27eda8ee3e298b50504aaf396b399,2025-11-14T11:21:35.648Z,56,Hold & Wait,96365.84,v3.1.0,,scheduled_etl,ELIGIBLE_SCHEDULED,B,UNKNOWN,1,1,0,0,c29601abff2252a553ef12c5ed843ea705f9956f,h3.1-v1
2025-11-15,v1,DAILY_PRIMARY,earliest_eligible_scheduled,1ba270f7ad7f1c6f6e4176027aa74486a9d28a6b,f24bbd4056163dad6493ceb011c1af81cfd7b9b7,2025-11-15T11:18:35.920Z,57,Hold & Wait,95665.21,v3.1.0,,scheduled_etl,ELIGIBLE_SCHEDULED,B,UNKNOWN,1,1,0,0,c29601abff2252a553ef12c5ed843ea705f9956f,h3.1-v1
2025-11-16,v1,DAILY_PRIMARY,earliest_eligible_scheduled,894d298c75b4b32b3a3242cfe016d78611149f27,0f23d5a084e934f115f55e77c4650af4fc374716,2025-11-16T11:18:57.072Z,59,Hold & Wait,95900,v3.1.0,,scheduled_etl,ELIGIBLE_SCHEDULED,B,UNKNOWN,1,1,0,0,c29601abff2252a553ef12c5ed843ea705f9956f,h3.1-v1
2025-11-17,v1,DAILY_PRIMARY,earliest_eligible_scheduled,176a97dba7cf55834ad3afb03d59d8d9eb268ab6,c0212b33910a26f9d2aa54cb0cd95cf982889941,2025-11-17T11:22:01.391Z,56,Hold & Wait,95628.76,v3.1.0,,scheduled_etl,ELIGIBLE_SCHEDULED,B,UNKNOWN,1,1,0,0,c29601abff2252a553ef12c5ed843ea705f9956f,h3.1-v1
2025-11-18,v1,DAILY_PRIMARY,earliest_eligible_scheduled,90fc7989e553fdf4934c2be395be851ad44cce22,f26cd377cc923fdb936655300c6af2ec6be05fec,2025-11-18T11:23:28.285Z,55,Hold & Wait,91378.37,v3.1.0,,scheduled_etl,ELIGIBLE_SCHEDULED,B,UNKNOWN,1,1,0,0,c29601abff2252a553ef12c5ed843ea705f9956f,h3.1-v1
2025-11-19,v1,DAILY_PRIMARY,earliest_eligible_scheduled,ae855b0ae9f85198cc2c50cc8d223905da623f46,28cb76736ab7e0c3a4636db9d154e7a196a31447,2025-11-19T11:22:00.610Z,56,Hold & Wait,91654.31,v3.1.0,,scheduled_etl,ELIGIBLE_SCHEDULED,B,UNKNOWN,1,1,0,0,c29601abff2252a553ef12c5ed843ea705f9956f,h3.1-v1
2025-11-20,v1,DAILY_PRIMARY,earliest_eligible_scheduled,2647b97a6ab765a5cb2e1100833851409ec70a84,26ff7f131362bc33b18f02cde3398457d6800ca7,2025-11-20T11:21:59.912Z,55,Hold & Wait,91687.13,v3.1.0,,scheduled_etl,ELIGIBLE_SCHEDULED,B,UNKNOWN,1,1,0,0,c29601abff2252a553ef12c5ed843ea705f9956f,h3.1-v1
2025-11-21,v1,DAILY_PRIMARY,earliest_eligible_scheduled,8d93c9a386a171135252e99f13f6e23914ee5779,b10a24d6349ab5abdc78042e6ec3e3fb5095acea,2025-11-21T11:21:06.311Z,52,Hold & Wait,82931.8,v3.1.0,,scheduled_etl,ELIGIBLE_SCHEDULED,B,UNKNOWN,1,1,0,0,c29601abff2252a553ef12c5ed843ea705f9956f,h3.1-v1
2025-11-22,v1,DAILY_PRIMARY,earliest_eligible_scheduled,235f3b6a4fabc822c8d90103cfa53788a2cd767a,52e2ccb167c7fece33d4318ebe1d90d2c1ce4453,2025-11-22T11:18:17.940Z,53,Hold & Wait,83923.94,v3.1.0,,scheduled_etl,ELIGIBLE_SCHEDULED,B,UNKNOWN,1,1,0,0,c29601abff2252a553ef12c5ed843ea705f9956f,h3.1-v1
2025-11-23,v1,DAILY_PRIMARY,earliest_eligible_scheduled,2ac5f203ea49db41f3a17f848cb4028a170e051e,4a6e1296d709b5629d04d83d405573502da6a49e,2025-11-23T11:19:23.770Z,53,Hold & Wait,85930.3,v3.1.0,,scheduled_etl,ELIGIBLE_SCHEDULED,B,UNKNOWN,1,1,0,0,c29601abff2252a553ef12c5ed843ea705f9956f,h3.1-v1
2025-11-24,v1,DAILY_PRIMARY,earliest_eligible_scheduled,201f735dedfe596ccadd46b0e377d982871f5d7d,9217d1eea9d0269e49a68901bde02f5c68042436,2025-11-24T11:22:47.979Z,54,Hold & Wait,86042.17,v3.1.0,,scheduled_etl,ELIGIBLE_SCHEDULED,B,UNKNOWN,1,1,0,0,c29601abff2252a553ef12c5ed843ea705f9956f,h3.1-v1
2025-11-25,v1,DAILY_PRIMARY,earliest_eligible_scheduled,1e49ad954b58f9c7dc85e323a1cfb009e90821e7,3897c1e0bdb52dc4593c143cc2d3b2e9c0b616b6,2025-11-25T11:23:15.715Z,55,Hold & Wait,87290,v3.1.0,,scheduled_etl,ELIGIBLE_SCHEDULED,B,UNKNOWN,1,1,0,0,c29601abff2252a553ef12c5ed843ea705f9956f,h3.1-v1
2025-11-26,v1,DAILY_PRIMARY,earliest_eligible_scheduled,c5ff91ae69237aab98d3b855dd28ec8b5da164f2,e8f6ddde2039e0767ca94a0bc75e81f141b8dae2,2025-11-26T11:22:48.979Z,53,Hold & Wait,86902.27,v3.1.0,,scheduled_etl,ELIGIBLE_SCHEDULED,B,UNKNOWN,1,1,0,0,c29601abff2252a553ef12c5ed843ea705f9956f,h3.1-v1
2025-11-27,v1,DAILY_PRIMARY,earliest_eligible_scheduled,d34f7dc5c23cac03bb0d55cf1544a768dfe3be38,f2331c6513b3be6a89bafbf6c4a87bf2ed348fb5,2025-11-27T11:23:04.001Z,53,Hold & Wait,91405.86,v3.1.0,,scheduled_etl,ELIGIBLE_SCHEDULED,B,UNKNOWN,1,1,0,0,c29601abff2252a553ef12c5ed843ea705f9956f,h3.1-v1
2025-11-28,v1,DAILY_PRIMARY,earliest_eligible_scheduled,cb38884f439cfe0c5ed25fb81c0f977e11efc031,80c1c7839c14fc098aed7ca0f50e5fe26c0987f1,2025-11-28T11:22:32.159Z,57,Hold & Wait,91161.98,v3.1.0,,scheduled_etl,ELIGIBLE_SCHEDULED,B,UNKNOWN,1,1,0,0,c29601abff2252a553ef12c5ed843ea705f9956f,h3.1-v1
2025-11-29,v1,DAILY_PRIMARY,earliest_eligible_scheduled,d10c0486da9ecc78bcd2cc35eb3751f006cf30f8,fde1777dc71c606eefc735911403f3a815e9a6e8,2025-11-29T11:19:29.448Z,53,Hold & Wait,90590.39,v3.1.0,,scheduled_etl,ELIGIBLE_SCHEDULED,B,UNKNOWN,1,1,0,0,c29601abff2252a553ef12c5ed843ea705f9956f,h3.1-v1
2025-11-30,v1,DAILY_PRIMARY,earliest_eligible_scheduled,d5813a654294393bdee00974521a7e5b4fa2b802,63ff6cc462f1c17cdf0d7c914e7a26993469d4b9,2025-11-30T11:19:34.122Z,53,Hold & Wait,91280.29,v3.1.0,,scheduled_etl,ELIGIBLE_SCHEDULED,B,UNKNOWN,1,1,0,0,c29601abff2252a553ef12c5ed843ea705f9956f,h3.1-v1
2025-12-01,v1,DAILY_PRIMARY,earliest_eligible_scheduled,826e5e43b7ba6cc746c22e0156d8e184a7db2091,bd9adb09acc29a8fea7e55e595e0b0ed180cc479,2025-12-01T11:23:26.180Z,52,Hold & Wait,86426.99,v3.1.0,,scheduled_etl,ELIGIBLE_SCHEDULED,B,UNKNOWN,1,1,0,0,c29601abff2252a553ef12c5ed843ea705f9956f,h3.1-v1
2025-12-02,v1,DAILY_PRIMARY,earliest_eligible_scheduled,02085e574811618943ec37503a0cfc71ca029445,803d21a09c06837319377ab44d419a3299f45325,2025-12-02T11:24:49.076Z,49,High Risk,87173.34,v3.1.0,,scheduled_etl,ELIGIBLE_SCHEDULED,B,UNKNOWN,1,1,0,0,c29601abff2252a553ef12c5ed843ea705f9956f,h3.1-v1
2025-12-03,v1,DAILY_PRIMARY,earliest_eligible_scheduled,fa3ee75847b6912f47754b3ecc796e70d23fba38,25e249f55aeb0d8fe613b16565a18ec0fdc7171f,2025-12-03T11:24:12.999Z,55,Hold & Wait,92998.72,v3.1.0,,scheduled_etl,ELIGIBLE_SCHEDULED,B,UNKNOWN,1,1,0,0,c29601abff2252a553ef12c5ed843ea705f9956f,h3.1-v1
2025-12-04,v1,DAILY_PRIMARY,earliest_eligible_scheduled,42082549e9d7898f70cda8c80f448ffdd76554c6,df3264f386972fcb9dbad83710b411b682b62fd8,2025-12-04T11:24:45.772Z,52,Hold & Wait,93162.74,v3.1.0,,scheduled_etl,ELIGIBLE_SCHEDULED,B,UNKNOWN,1,1,0,0,c29601abff2252a553ef12c5ed843ea705f9956f,h3.1-v1
2025-12-05,v1,DAILY_PRIMARY,earliest_eligible_scheduled,17adf7b2956cb11376d81b6ec986256dac0f18cd,6bf0e7d54c9172a07f078ee9469879d4247a165e,2025-12-05T11:23:47.298Z,49,High Risk,91465.21,v3.1.0,,scheduled_etl,ELIGIBLE_SCHEDULED,B,UNKNOWN,1,1,0,0,c29601abff2252a553ef12c5ed843ea705f9956f,h3.1-v1
2025-12-06,v1,DAILY_PRIMARY,earliest_eligible_scheduled,087b7ced88ed3a873a5c831ba54b54a460e4b21d,7e6227aec44dcec53db43ad0b632a19bea00a2f9,2025-12-06T11:19:44.317Z,53,Hold & Wait,89589.6,v3.1.0,,scheduled_etl,ELIGIBLE_SCHEDULED,B,UNKNOWN,1,1,0,0,c29601abff2252a553ef12c5ed843ea705f9956f,h3.1-v1
2025-12-07,v1,DAILY_PRIMARY,earliest_eligible_scheduled,67ebadf7c7f47fd0c45507f43fbc21f53e24df2a,602e416a9b2f3aac85ab5c779f1a2677ada08119,2025-12-07T11:19:43.702Z,53,Hold & Wait,89284.38,v3.1.0,,scheduled_etl,ELIGIBLE_SCHEDULED,B,UNKNOWN,1,1,0,0,c29601abff2252a553ef12c5ed843ea705f9956f,h3.1-v1
2025-12-08,v1,DAILY_PRIMARY,earliest_eligible_scheduled,cad6f6bfc7a481ab5381e8c683877edc507f0556,ae00f992df88ac62b32c530642848c2bed62b072,2025-12-08T11:24:13.335Z,53,Hold & Wait,92133.99,v3.1.0,,scheduled_etl,ELIGIBLE_SCHEDULED,B,UNKNOWN,1,1,0,0,c29601abff2252a553ef12c5ed843ea705f9956f,h3.1-v1
2025-12-09,v1,DAILY_PRIMARY,earliest_eligible_scheduled,a4ad32368f1fd06957c824324b1903cc59fbaf74,55dca7aa546b2ea01105708e5c6a010262d50d14,2025-12-09T11:24:38.645Z,51,Hold & Wait,90224.66,v3.1.0,,scheduled_etl,ELIGIBLE_SCHEDULED,B,UNKNOWN,1,1,0,0,c29601abff2252a553ef12c5ed843ea705f9956f,h3.1-v1
2025-12-10,v1,DAILY_PRIMARY,earliest_eligible_scheduled,bfe56d404b588f4b6c0a37a381b6f13a1be463eb,ec1b931b8dcc6612f59eb07b7423108732418061,2025-12-10T11:24:13.762Z,51,Hold & Wait,92296.32,v3.1.0,,scheduled_etl,ELIGIBLE_SCHEDULED,B,UNKNOWN,1,1,0,0,c29601abff2252a553ef12c5ed843ea705f9956f,h3.1-v1
2025-12-11,v1,DAILY_PRIMARY,earliest_eligible_scheduled,e23e6caf46dad69dd367fcecd3310acc539b0587,6082a0f7b5a684f58aef79b220d8339f41b632d3,2025-12-11T16:24:40.519Z,50,Hold & Wait,89661.92,v1.1,,scheduled_etl,ELIGIBLE_SCHEDULED,B,UNKNOWN,3,3,0,0,c29601abff2252a553ef12c5ed843ea705f9956f,h3.1-v1
2025-12-12,v1,DAILY_PRIMARY,earliest_eligible_scheduled,66fd5cdaa2c0063e1e507fb32e71086bc704caf3,ebdd6a50e365f9a378f0c201c14c14110f555f21,2025-12-12T11:26:34.630Z,50,Hold & Wait,92347.52,v1.1,,scheduled_etl,ELIGIBLE_SCHEDULED,B,UNKNOWN,1,1,0,0,c29601abff2252a553ef12c5ed843ea705f9956f,h3.1-v1
2025-12-13,v1,DAILY_PRIMARY,earliest_eligible_scheduled,41ce693adb5da39678424f5a1090d4aee3e7d454,a62231b65d7f5b969c99a4b1f0fcdc31f4309783,2025-12-13T11:21:21.776Z,49,High Risk,90515.63,v1.1,,scheduled_etl,ELIGIBLE_SCHEDULED,B,UNKNOWN,1,1,0,0,c29601abff2252a553ef12c5ed843ea705f9956f,h3.1-v1
2025-12-14,v1,DAILY_PRIMARY,earliest_eligible_scheduled,81f4297e8dc44b7870c01b420abd3b564dd1ce33,7b927e3db9fe8af0e59cb34143867730938964d0,2025-12-14T11:22:01.783Z,49,High Risk,89691.33,v1.1,,scheduled_etl,ELIGIBLE_SCHEDULED,B,UNKNOWN,1,1,0,0,c29601abff2252a553ef12c5ed843ea705f9956f,h3.1-v1
2025-12-15,v1,DAILY_PRIMARY,earliest_eligible_scheduled,9668e81224e518866a44859c0c0b17908ab23d15,1ea7692daecd80608b8580ba492de5d23ed311c7,2025-12-15T03:38:53.726Z,49,Moderate Buying,89254.01,v1.1,,scheduled_etl,ELIGIBLE_SCHEDULED,B,UNKNOWN,2,2,0,0,c29601abff2252a553ef12c5ed843ea705f9956f,h3.1-v1
2025-12-16,v1,DAILY_PRIMARY,earliest_eligible_scheduled,e7571b3c24971496874b3d87e323f58e1d71718e,9a60cfc4ccdea8d94b78fc686d8ff52852f5f40a,2025-12-16T11:26:26.574Z,48,Moderate Buying,87060.43,v1.1,,scheduled_etl,ELIGIBLE_SCHEDULED,B,UNKNOWN,1,1,0,0,c29601abff2252a553ef12c5ed843ea705f9956f,h3.1-v1
2025-12-17,v1,DAILY_PRIMARY,earliest_eligible_scheduled,79e40355649208efda6616a267507fd99c3a0c54,e88d209a115b8ed38d9418b26ce780939578a990,2025-12-17T11:26:59.878Z,48,Moderate Buying,86771.03,v1.1,,scheduled_etl,ELIGIBLE_SCHEDULED,B,UNKNOWN,1,1,0,0,c29601abff2252a553ef12c5ed843ea705f9956f,h3.1-v1
2025-12-18,v1,DAILY_PRIMARY,earliest_eligible_scheduled,daba2f077f6c2807745c80de96319250e803e2cc,3618d104026fa3de08d5238911a83ee4e52b79c5,2025-12-18T11:25:08.164Z,46,Moderate Buying,87096.78,v1.1,,scheduled_etl,ELIGIBLE_SCHEDULED,B,UNKNOWN,1,1,0,0,c29601abff2252a553ef12c5ed843ea705f9956f,h3.1-v1
2025-12-19,v1,DAILY_PRIMARY,earliest_eligible_scheduled,cc532d0daf760a5cff724c0243cf3350ed3d1d7b,0610156e3bcdc2989c6621e4eae662091d175e5a,2025-12-19T11:24:37.793Z,43,Moderate Buying,88189.82,v1.1,,scheduled_etl,ELIGIBLE_SCHEDULED,B,UNKNOWN,1,1,0,0,c29601abff2252a553ef12c5ed843ea705f9956f,h3.1-v1
2025-12-20,v1,DAILY_PRIMARY,earliest_eligible_scheduled,3398047ed1f1fc8178b2b784c6468c92d0d38133,dba4c18a43bd55f6b1faebfb93f2c8a05fc3e538,2025-12-20T11:21:20.240Z,46,Moderate Buying,88110,v1.1,,scheduled_etl,ELIGIBLE_SCHEDULED,B,UNKNOWN,1,1,0,0,c29601abff2252a553ef12c5ed843ea705f9956f,h3.1-v1
2025-12-21,v1,DAILY_PRIMARY,earliest_eligible_scheduled,65e2f9fc25db0b5265973adc933ea375702a901c,ad5f14ce8b3628bab9ed89699ba1f6a02fbd16f0,2025-12-21T11:22:02.385Z,46,Moderate Buying,88608.85,v1.1,,scheduled_etl,ELIGIBLE_SCHEDULED,B,UNKNOWN,1,1,0,0,c29601abff2252a553ef12c5ed843ea705f9956f,h3.1-v1
2025-12-22,v1,DAILY_PRIMARY,earliest_eligible_scheduled,222b2f11c69802d177f2db96b8f1616f539176c0,d81dbe7a5185f9fe28981b24f2b609f8e15fcc55,2025-12-22T11:24:51.723Z,43,Moderate Buying,89690.01,v1.1,,scheduled_etl,ELIGIBLE_SCHEDULED,B,UNKNOWN,1,1,0,0,c29601abff2252a553ef12c5ed843ea705f9956f,h3.1-v1
2025-12-23,v1,DAILY_PRIMARY,earliest_eligible_scheduled,02fedaa9659ab96b8bb0c0518f1077dff2163796,bfe6a2b2ec702e93fe776d4a30b9783d3ae87920,2025-12-23T11:25:40.822Z,44,Moderate Buying,87756.26,v1.1,,scheduled_etl,ELIGIBLE_SCHEDULED,B,UNKNOWN,1,1,0,0,c29601abff2252a553ef12c5ed843ea705f9956f,h3.1-v1
2025-12-24,v1,DAILY_PRIMARY,earliest_eligible_scheduled,bc4b7fff1467eff00603c8d4f09f0642dee03f26,5378f2876dbc2dc48fa9d92511bd1ba2e0508ca5,2025-12-24T14:55:58.019Z,44,Moderate Buying,87019.73,v1.1,,scheduled_etl,ELIGIBLE_SCHEDULED,B,UNKNOWN,1,1,0,0,c29601abff2252a553ef12c5ed843ea705f9956f,h3.1-v1
2025-12-25,v1,DAILY_PRIMARY,earliest_eligible_scheduled,fbd05bd9c2c8b44f60eb05859d7fa13560fa31bd,7b2b08b00d45d6470c256e862a12adf56eb4b252,2025-12-25T11:23:43.940Z,43,Moderate Buying,87436.4,v1.1,,scheduled_etl,ELIGIBLE_SCHEDULED,B,UNKNOWN,1,1,0,0,c29601abff2252a553ef12c5ed843ea705f9956f,h3.1-v1
2025-12-26,v1,DAILY_PRIMARY,earliest_eligible_scheduled,5f72fd2068b44548a1976a77eeaa4dd504693197,f819ab969f618f7c514f9b1d185b8a1be6b51e7c,2025-12-26T11:24:38.292Z,42,Moderate Buying,88555.84,v1.1,,scheduled_etl,ELIGIBLE_SCHEDULED,B,UNKNOWN,1,1,0,0,c29601abff2252a553ef12c5ed843ea705f9956f,h3.1-v1
2025-12-27,v1,DAILY_PRIMARY,earliest_eligible_scheduled,332b4ecdf3e0cf6df082aa79a9d2af93d0580e0d,46e2b22c95d3bc594f7f4acead93a6d1b1ccce43,2025-12-27T11:21:51.513Z,44,Moderate Buying,87488.01,v1.1,,scheduled_etl,ELIGIBLE_SCHEDULED,B,UNKNOWN,1,1,0,0,c29601abff2252a553ef12c5ed843ea705f9956f,h3.1-v1
2025-12-28,v1,DAILY_PRIMARY,earliest_eligible_scheduled,5cebc59f189e55442c009c066846c7ff21b661e5,3a5fe74deb5e41722e83c88a3b1661aed7bc21ac,2025-12-28T11:22:44.210Z,44,Moderate Buying,87844.63,v1.1,,scheduled_etl,ELIGIBLE_SCHEDULED,B,UNKNOWN,1,1,0,0,c29601abff2252a553ef12c5ed843ea705f9956f,h3.1-v1
2025-12-29,v1,DAILY_PRIMARY,earliest_eligible_scheduled,ad76d0f49925150ff8c169c1f77678b8e2581ffd,701b29e5d5f201f27ca734e3678977197892b506,2025-12-29T11:26:04.045Z,44,Moderate Buying,87630.89,v1.1,,scheduled_etl,ELIGIBLE_SCHEDULED,B,UNKNOWN,1,1,0,0,c29601abff2252a553ef12c5ed843ea705f9956f,h3.1-v1
2025-12-30,v1,DAILY_PRIMARY,earliest_eligible_scheduled,bdafce6046f14868ce274b0272ae0d9d56bf208c,d15d79d8160a88d9f5b30e087082d9f877eac0ea,2025-12-30T11:26:01.189Z,42,Moderate Buying,87849.69,v1.1,,scheduled_etl,ELIGIBLE_SCHEDULED,B,UNKNOWN,1,1,0,0,c29601abff2252a553ef12c5ed843ea705f9956f,h3.1-v1
2025-12-31,v1,DAILY_PRIMARY,earliest_eligible_scheduled,7506c2b1bf2ac96f7548bd342bf8e38f1f959fbf,42cf77e5b9c25ef0ecc5a913dffd8448d4eb8ae3,2025-12-31T11:25:06.456Z,41,Moderate Buying,88770.17,v1.1,,scheduled_etl,ELIGIBLE_SCHEDULED,B,UNKNOWN,1,1,0,0,c29601abff2252a553ef12c5ed843ea705f9956f,h3.1-v1
2026-01-01,v1,DAILY_PRIMARY,earliest_eligible_scheduled,4f98127b854175c5e5a161945dd9f17c6c98511c,692b31c764932018185d8fbf41f878ede5ed9a97,2026-01-01T11:24:36.877Z,43,Moderate Buying,87797.5,v1.1,,scheduled_etl,ELIGIBLE_SCHEDULED,B,UNKNOWN,1,1,0,0,c29601abff2252a553ef12c5ed843ea705f9956f,h3.1-v1
2026-01-02,v1,DAILY_PRIMARY,earliest_eligible_scheduled,0dd5e80db99e8a08d716b41a54974bbcaa01a3a1,e1d6edfcdeb45d48921c7aa8029a6385351c80e6,2026-01-02T11:24:34.050Z,43,Moderate Buying,89436.01,v1.1,,scheduled_etl,ELIGIBLE_SCHEDULED,B,UNKNOWN,1,1,0,0,c29601abff2252a553ef12c5ed843ea705f9956f,h3.1-v1
2026-01-03,v1,DAILY_PRIMARY,earliest_eligible_scheduled,4b1d255f2f8d1428b4c5de9dba0a579488e71206,6cf7cf1d898b8e64bd0cb5bbbd1ef07bdf534f05,2026-01-03T11:22:37.705Z,41,Moderate Buying,89700.45,v1.1,,scheduled_etl,ELIGIBLE_SCHEDULED,B,UNKNOWN,1,1,0,0,c29601abff2252a553ef12c5ed843ea705f9956f,h3.1-v1
2026-01-04,v1,DAILY_PRIMARY,earliest_eligible_scheduled,ae752e91a4cb744cd1b19c5e76269a4d687ca3fb,b2d7d609d43a2efe867e7514bb3280cfac3bd963,2026-01-04T11:22:20.198Z,41,Moderate Buying,91354.02,v1.1,,scheduled_etl,ELIGIBLE_SCHEDULED,B,UNKNOWN,1,1,0,0,c29601abff2252a553ef12c5ed843ea705f9956f,h3.1-v1
2026-01-05,v1,DAILY_PRIMARY,earliest_eligible_scheduled,f1b0c32bf51ccbe4da14fa2fe04f061b2a807140,751dda55b8339cf53fe83406d5dfcc2bdf9926f8,2026-01-05T11:26:34.426Z,43,Moderate Buying,93103.73,v1.1,,scheduled_etl,ELIGIBLE_SCHEDULED,B,UNKNOWN,1,1,0,0,c29601abff2252a553ef12c5ed843ea705f9956f,h3.1-v1
2026-01-06,v1,DAILY_PRIMARY,earliest_eligible_scheduled,e70040217b294eba893cca98f308f475ff890a6e,d86556fe6c70a34f0e92782a6628d06e645d6559,2026-01-06T11:26:00.150Z,43,Moderate Buying,93741.36,v1.1,,scheduled_etl,ELIGIBLE_SCHEDULED,B,UNKNOWN,1,1,0,0,c29601abff2252a553ef12c5ed843ea705f9956f,h3.1-v1
2026-01-07,v1,DAILY_PRIMARY,earliest_eligible_scheduled,8ed973b4e48f938de396494d737bfa8d09096650,0906494f3069465748eb067aaa6ef23f9ada62b8,2026-01-07T11:27:17.160Z,43,Moderate Buying,92111.66,v1.1,,scheduled_etl,ELIGIBLE_SCHEDULED,B,UNKNOWN,1,1,0,0,c29601abff2252a553ef12c5ed843ea705f9956f,h3.1-v1
2026-01-08,v1,DAILY_PRIMARY,earliest_eligible_scheduled,802f29748aa2039c3919dd6c130fb2e22d8ff43d,f16a8554c9cd48bb4468ab34c580a8eb30102f41,2026-01-08T11:27:22.743Z,40,Moderate Buying,90036.1,v1.1,,scheduled_etl,ELIGIBLE_SCHEDULED,B,UNKNOWN,1,1,0,0,c29601abff2252a553ef12c5ed843ea705f9956f,h3.1-v1
2026-01-09,v1,DAILY_PRIMARY,earliest_eligible_scheduled,81f8b02df1f6a20ca74dac53d391eca5de5e3e9a,537238dd54cc9c2272843c881020a2b79a4edd82,2026-01-09T11:25:56.436Z,42,Moderate Buying,90437.17,v1.1,,scheduled_etl,ELIGIBLE_SCHEDULED,B,UNKNOWN,1,1,0,0,c29601abff2252a553ef12c5ed843ea705f9956f,h3.1-v1
2026-01-10,v1,DAILY_PRIMARY,earliest_eligible_scheduled,c162d99e2ab31943dc068745cf8e9259118b68ef,14a40597f571835a4769fa372bbd6554dfc50486,2026-01-10T11:23:08.421Z,45,Moderate Buying,90667.48,v1.1,,scheduled_etl,ELIGIBLE_SCHEDULED,B,UNKNOWN,1,1,0,0,c29601abff2252a553ef12c5ed843ea705f9956f,h3.1-v1
2026-01-11,v1,DAILY_PRIMARY,earliest_eligible_scheduled,49cc7908abf7eb8b1d987797b3657138d9f930fd,bc1ec0748677c567814e4e396002a20d7cf8555e,2026-01-11T11:23:15.171Z,44,Moderate Buying,90572.02,v1.1,,scheduled_etl,ELIGIBLE_SCHEDULED,B,UNKNOWN,1,1,0,0,c29601abff2252a553ef12c5ed843ea705f9956f,h3.1-v1
2026-01-12,v1,DAILY_PRIMARY,earliest_eligible_scheduled,34c7e4a58cbe061fe69e68bb8b43ac03baac9984,54e1e31e26f5f19e5b08e6c787761fc4970a92ac,2026-01-12T11:27:33.805Z,44,Moderate Buying,90655.5,v1.1,,scheduled_etl,ELIGIBLE_SCHEDULED,B,UNKNOWN,1,1,0,0,c29601abff2252a553ef12c5ed843ea705f9956f,h3.1-v1
2026-01-13,v1,DAILY_PRIMARY,earliest_eligible_scheduled,2293f37a175fb4e265097e9fbf30d251dba049a0,7715f6099edc4cd84f9622aa093f9529da0596cc,2026-01-13T11:27:48.903Z,43,Moderate Buying,92115.16,v1.1,,scheduled_etl,ELIGIBLE_SCHEDULED,B,UNKNOWN,2,2,0,0,c29601abff2252a553ef12c5ed843ea705f9956f,h3.1-v1
2026-01-14,v1,NO_DAILY_PRIMARY,no_committed_candidate,,,,,,,,,,,,UNKNOWN,0,0,0,0,c29601abff2252a553ef12c5ed843ea705f9956f,h3.1-v1
2026-01-15,v1,DAILY_PRIMARY,earliest_eligible_scheduled,0644a2fe545c8951a80940f7fa18214a7c18b511,011d3c990e9370bfde78ad1b5ad1de6b2207b58a,2026-01-15T11:27:16.633Z,44,Moderate Buying,96769.63,v1.1,,scheduled_etl,ELIGIBLE_SCHEDULED,B,UNKNOWN,1,1,0,0,c29601abff2252a553ef12c5ed843ea705f9956f,h3.1-v1
2026-01-16,v1,DAILY_PRIMARY,earliest_eligible_scheduled,f2521173ea9ac4bf284a53137149feabe1ded9e2,54ddb244c1498578e705992dbf7e917fbf6db603,2026-01-16T11:26:30.040Z,45,Moderate Buying,95295.64,v1.1,,scheduled_etl,ELIGIBLE_SCHEDULED,B,UNKNOWN,1,1,0,0,c29601abff2252a553ef12c5ed843ea705f9956f,h3.1-v1
2026-01-17,v1,DAILY_PRIMARY,earliest_eligible_scheduled,14dc0975d3cac4d82e24de79211827d527a18575,b2f7d9e54339f7f3c186ed446155ad40cc853aab,2026-01-17T11:22:47.578Z,47,Moderate Buying,95137.7,v1.1,,scheduled_etl,ELIGIBLE_SCHEDULED,B,UNKNOWN,1,1,0,0,c29601abff2252a553ef12c5ed843ea705f9956f,h3.1-v1
2026-01-18,v1,DAILY_PRIMARY,earliest_eligible_scheduled,739b65126ac0a3138c80f207e4eab053af7900b1,84b0075c8431464d9ef644c01993c2fa80663c23,2026-01-18T11:22:12.844Z,48,Moderate Buying,95084.3,v1.1,,scheduled_etl,ELIGIBLE_SCHEDULED,B,UNKNOWN,1,1,0,0,c29601abff2252a553ef12c5ed843ea705f9956f,h3.1-v1
2026-01-19,v1,DAILY_PRIMARY,earliest_eligible_scheduled,25c7cf0b999c9df0ac12707608941dad2cbdf430,093636cff4dc4e418805499809f5279b4eb914be,2026-01-19T11:28:14.272Z,49,Moderate Buying,93064.04,v1.1,,scheduled_etl,ELIGIBLE_SCHEDULED,B,UNKNOWN,1,1,0,0,c29601abff2252a553ef12c5ed843ea705f9956f,h3.1-v1
2026-01-20,v1,DAILY_PRIMARY,earliest_eligible_scheduled,37e830a9d421f22bddb55f9df279b75f61b048c3,fdc22623bf743ae8f1283490fab87c1278796f39,2026-01-20T11:29:45.648Z,49,Moderate Buying,91336.69,v1.1,,scheduled_etl,ELIGIBLE_SCHEDULED,B,UNKNOWN,1,1,0,0,c29601abff2252a553ef12c5ed843ea705f9956f,h3.1-v1
2026-01-21,v1,DAILY_PRIMARY,earliest_eligible_scheduled,4f6871b3083320606fb985f5321590413f572159,b298d4e77648cfe4b2fda8f5c2dd34ea0691804e,2026-01-21T11:30:56.543Z,49,Moderate Buying,89217.7,v1.1,,scheduled_etl,ELIGIBLE_SCHEDULED,B,UNKNOWN,1,1,0,0,c29601abff2252a553ef12c5ed843ea705f9956f,h3.1-v1
2026-01-22,v1,DAILY_PRIMARY,earliest_eligible_scheduled,1db580e9a00eceb2ec1dbab64a91eeb4e7220023,717ac03cc62437c52a0e4cff309fccf23f3e4fb4,2026-01-22T11:29:28.784Z,51,Hold & Wait,89874.01,v1.1,,scheduled_etl,ELIGIBLE_SCHEDULED,B,UNKNOWN,1,1,0,0,c29601abff2252a553ef12c5ed843ea705f9956f,h3.1-v1
2026-01-23,v1,DAILY_PRIMARY,earliest_eligible_scheduled,e09f99e488133d254bf803b0732b271a10b2d77c,2d3cdc886f061bcfc4881f4f81a6a316e7a4f96a,2026-01-23T11:27:53.459Z,56,Hold & Wait,89155.46,v1.1,,scheduled_etl,ELIGIBLE_SCHEDULED,B,UNKNOWN,1,1,0,0,c29601abff2252a553ef12c5ed843ea705f9956f,h3.1-v1
2026-01-24,v1,DAILY_PRIMARY,earliest_eligible_scheduled,7d4625b0bafc741c624d1fea047ec34bd653132a,f0f06e6fc72e7c65588ee8772f67c159ab32a3e6,2026-01-24T11:23:55.332Z,54,Hold & Wait,89493.93,v1.1,,scheduled_etl,ELIGIBLE_SCHEDULED,B,UNKNOWN,1,1,0,0,c29601abff2252a553ef12c5ed843ea705f9956f,h3.1-v1
2026-01-25,v1,DAILY_PRIMARY,earliest_eligible_scheduled,7f6c6e42c827afb4fd0941e2499449f326a3b684,7770c655c6b3095710546b797d3af7b1beb7b69c,2026-01-25T11:24:01.489Z,54,Hold & Wait,88511.99,v1.1,,scheduled_etl,ELIGIBLE_SCHEDULED,B,UNKNOWN,1,1,0,0,c29601abff2252a553ef12c5ed843ea705f9956f,h3.1-v1
2026-01-26,v1,DAILY_PRIMARY,earliest_eligible_scheduled,6651845ec2789e22a6731666c16537f0670faac1,83b1a2b5b2d2a99594353434d2d082ace7fba46d,2026-01-26T11:27:38.154Z,53,Hold & Wait,87786.09,v1.1,,scheduled_etl,ELIGIBLE_SCHEDULED,B,UNKNOWN,1,1,0,0,c29601abff2252a553ef12c5ed843ea705f9956f,h3.1-v1
2026-01-27,v1,DAILY_PRIMARY,earliest_eligible_scheduled,77e113401e0e5196eb948ebbe516381379200c1d,a675e8fe36a73f893bbd02d07abea367446e9747,2026-01-27T11:29:35.096Z,52,Hold & Wait,87737.46,v1.1,,scheduled_etl,ELIGIBLE_SCHEDULED,B,UNKNOWN,1,1,0,0,c29601abff2252a553ef12c5ed843ea705f9956f,h3.1-v1
2026-01-28,v1,DAILY_PRIMARY,earliest_eligible_scheduled,ebc1772c6f0dc7491d5c0d79bfee129c2e22c06c,a12f0b51c9369809c07e503a3e23d547cc7a462f,2026-01-28T11:29:35.860Z,51,Hold & Wait,89288.26,v1.1,,scheduled_etl,ELIGIBLE_SCHEDULED,B,UNKNOWN,1,1,0,0,c29601abff2252a553ef12c5ed843ea705f9956f,h3.1-v1
2026-01-29,v1,DAILY_PRIMARY,earliest_eligible_scheduled,d5335a95eb31ceae3eb87c113de684f5072a1418,6be09b5806bf162cdd7bc92300e4692c1f2b0de4,2026-01-29T11:37:07.842Z,53,Hold & Wait,87723.83,v1.1,,scheduled_etl,ELIGIBLE_SCHEDULED,B,UNKNOWN,1,1,0,0,c29601abff2252a553ef12c5ed843ea705f9956f,h3.1-v1
2026-01-30,v1,DAILY_PRIMARY,earliest_eligible_scheduled,a258fca7e6a8d6b6d6033d0800f02e891e446692,74c8623d313bf0c26074013fa3d4d2347ff60519,2026-01-30T11:35:17.007Z,52,Hold & Wait,82671.31,v1.1,,scheduled_etl,ELIGIBLE_SCHEDULED,B,UNKNOWN,1,1,0,0,c29601abff2252a553ef12c5ed843ea705f9956f,h3.1-v1
2026-01-31,v1,DAILY_PRIMARY,earliest_eligible_scheduled,170da21ea339a507c9600deabe1ad1de168ed974,607eb45145353af93318bfc5e5f865db093ac268,2026-01-31T11:27:08.557Z,55,Hold & Wait,82914.89,v1.1,,scheduled_etl,ELIGIBLE_SCHEDULED,B,UNKNOWN,1,1,0,0,c29601abff2252a553ef12c5ed843ea705f9956f,h3.1-v1
2026-02-01,v1,DAILY_PRIMARY,earliest_eligible_scheduled,5eae897413e361a533100adb46823dd9645518e6,75385da293ece79a812974ed56b16c137b3b61df,2026-02-01T11:28:15.191Z,55,Hold & Wait,78375.24,v1.1,,scheduled_etl,ELIGIBLE_SCHEDULED,B,UNKNOWN,1,1,0,0,c29601abff2252a553ef12c5ed843ea705f9956f,h3.1-v1
2026-02-02,v1,DAILY_PRIMARY,earliest_eligible_scheduled,a5870e30b11a0d153d9194016fd1dbf65d3ca524,c288e50df6742df4d718db61d2f9c363a29ad12e,2026-02-02T11:40:27.758Z,55,Hold & Wait,77818.86,v1.1,,scheduled_etl,ELIGIBLE_SCHEDULED,B,UNKNOWN,1,1,0,0,c29601abff2252a553ef12c5ed843ea705f9956f,h3.1-v1
2026-02-03,v1,DAILY_PRIMARY,earliest_eligible_scheduled,5b0e93df7fd1f2f1635286a2b506e5d3e9c01dc6,4a93c795be27931f4cfccd8ce577d06cf407cdf9,2026-02-03T11:40:02.610Z,52,Hold & Wait,78163.39,v1.1,,scheduled_etl,ELIGIBLE_SCHEDULED,B,UNKNOWN,1,1,0,0,c29601abff2252a553ef12c5ed843ea705f9956f,h3.1-v1
2026-02-04,v1,DAILY_PRIMARY,earliest_eligible_scheduled,de9c8f650116d43305d5dc279ed5e4e1d3d7bd9f,370084e7a66cecd7267402d3fd87a4aeff536b55,2026-02-04T11:39:12.823Z,52,Hold & Wait,75979.72,v1.1,,scheduled_etl,ELIGIBLE_SCHEDULED,B,UNKNOWN,1,1,0,0,c29601abff2252a553ef12c5ed843ea705f9956f,h3.1-v1
2026-02-05,v1,DAILY_PRIMARY,earliest_eligible_scheduled,a953a1c9708da879990caaf8bad283469ffb2025,9b2b0d7b5056b26bf4767b506c94232932f239d3,2026-02-05T11:40:35.054Z,51,Hold & Wait,70448.32,v1.1,,scheduled_etl,ELIGIBLE_SCHEDULED,B,UNKNOWN,1,1,0,0,c29601abff2252a553ef12c5ed843ea705f9956f,h3.1-v1
2026-02-06,v1,DAILY_PRIMARY,earliest_eligible_scheduled,b98698473dc800eafab66ad52d48bd5b91baa5ac,2dbbe9af968f83f0529762afea872bbaf8ac5a97,2026-02-06T11:39:38.725Z,54,Hold & Wait,66018.07,v1.1,,scheduled_etl,ELIGIBLE_SCHEDULED,B,UNKNOWN,1,1,0,0,c29601abff2252a553ef12c5ed843ea705f9956f,h3.1-v1
2026-02-07,v1,DAILY_PRIMARY,earliest_eligible_scheduled,a3156df39af22b49ab63a27a1035ec4f0deb100b,3962d4981135e89f4b3f5cce04f3c4c46a0ecd4e,2026-02-07T11:28:49.378Z,58,Hold & Wait,67920,v1.1,,scheduled_etl,ELIGIBLE_SCHEDULED,B,UNKNOWN,1,1,0,0,c29601abff2252a553ef12c5ed843ea705f9956f,h3.1-v1
2026-02-08,v1,DAILY_PRIMARY,earliest_eligible_scheduled,a6906c60a719ab257abb10c91d0e9be3d1b96651,686e1c07452726e29c3fafc7e8f6e01de576c781,2026-02-08T11:29:34.426Z,58,Hold & Wait,70680,v1.1,,scheduled_etl,ELIGIBLE_SCHEDULED,B,UNKNOWN,1,1,0,0,c29601abff2252a553ef12c5ed843ea705f9956f,h3.1-v1
2026-02-09,v1,DAILY_PRIMARY,earliest_eligible_scheduled,0dd9d6e651c2ff8784b0d6af2d85e00bb45c080c,65b19b5070c4d3087d679f8cde640b2f2d684404,2026-02-09T11:52:36.652Z,57,Hold & Wait,68784.97,v1.1,,scheduled_etl,ELIGIBLE_SCHEDULED,B,UNKNOWN,1,1,0,0,c29601abff2252a553ef12c5ed843ea705f9956f,h3.1-v1
2026-02-10,v1,DAILY_PRIMARY,earliest_eligible_scheduled,0f81227a4cc8eb3f81a2992b2dad94950563bd85,72dc35ef302c6e2e3bc53d4d9931d6ba391a576d,2026-02-10T11:55:11.084Z,55,Hold & Wait,68493.77,v1.1,,scheduled_etl,ELIGIBLE_SCHEDULED,B,UNKNOWN,1,1,0,0,c29601abff2252a553ef12c5ed843ea705f9956f,h3.1-v1
2026-02-11,v1,DAILY_PRIMARY,earliest_eligible_scheduled,8e0d764f96a6a5b342997e6bc19f41d1140542ba,34d808b764de2f9be3421769ca106b756018070f,2026-02-11T11:50:37.986Z,55,Hold & Wait,66958.94,v1.1,,scheduled_etl,ELIGIBLE_SCHEDULED,B,UNKNOWN,1,1,0,0,c29601abff2252a553ef12c5ed843ea705f9956f,h3.1-v1
2026-02-12,v1,DAILY_PRIMARY,earliest_eligible_scheduled,2c893920faf201a37d8bec438da07c7dc46160f1,4ed1350bd2ca8deb5703b7c3e3b3dfff5bc20276,2026-02-12T11:45:18.628Z,55,Hold & Wait,68048.44,v1.1,,scheduled_etl,ELIGIBLE_SCHEDULED,B,UNKNOWN,1,1,0,0,c29601abff2252a553ef12c5ed843ea705f9956f,h3.1-v1
2026-02-13,v1,DAILY_PRIMARY,earliest_eligible_scheduled,6d928f682ff0755e92b1cf0c200efcf937eb554c,d3d920775cc089973f379effc3be1fe1ff3e14df,2026-02-13T11:37:10.922Z,55,Hold & Wait,66802.01,v1.1,,scheduled_etl,ELIGIBLE_SCHEDULED,B,UNKNOWN,1,1,0,0,c29601abff2252a553ef12c5ed843ea705f9956f,h3.1-v1
2026-02-14,v1,DAILY_PRIMARY,earliest_eligible_scheduled,14c50e00dbb43a1466282ed835e7b08835b5d377,8a0472c60c3322cd4198cef0bb4bab27c8afdc1b,2026-02-14T11:29:00.705Z,52,Hold & Wait,70180.23,v1.1,,scheduled_etl,ELIGIBLE_SCHEDULED,B,UNKNOWN,1,1,0,0,c29601abff2252a553ef12c5ed843ea705f9956f,h3.1-v1
2026-02-15,v1,DAILY_PRIMARY,earliest_eligible_scheduled,7f8184c2cabc23f03a052952d0b844243822b720,a229052ac0d76d9fdd807b3415be7a0ca78e4650,2026-02-15T11:29:43.881Z,52,Hold & Wait,70338.6,v1.1,,scheduled_etl,ELIGIBLE_SCHEDULED,B,UNKNOWN,1,1,0,0,c29601abff2252a553ef12c5ed843ea705f9956f,h3.1-v1
2026-02-16,v1,DAILY_PRIMARY,earliest_eligible_scheduled,b87f360bb19ebc86b22210926e5c2b0633fbb405,56a50ab08717dfaf1061bf9602036cce8bfae35c,2026-02-16T11:44:23.197Z,51,Hold & Wait,68525.51,v1.1,,scheduled_etl,ELIGIBLE_SCHEDULED,B,UNKNOWN,1,1,0,0,c29601abff2252a553ef12c5ed843ea705f9956f,h3.1-v1
2026-02-17,v1,DAILY_PRIMARY,earliest_eligible_scheduled,a55faec1974e0e5730a69adabc49534bc4425a59,14ed61d02b9beca9a9a409ed095228634faea27d,2026-02-17T11:44:22.074Z,50,Hold & Wait,67757.14,v1.1,,scheduled_etl,ELIGIBLE_SCHEDULED,B,UNKNOWN,1,1,0,0,c29601abff2252a553ef12c5ed843ea705f9956f,h3.1-v1
2026-02-18,v1,DAILY_PRIMARY,earliest_eligible_scheduled,eda30ce27687fd4916ed3af716aaeea4ec27cdb3,180e7ebbe2578402949b82bbfd5206232d88cf85,2026-02-18T11:43:45.338Z,49,Moderate Buying,67516.3,v1.1,,scheduled_etl,ELIGIBLE_SCHEDULED,B,UNKNOWN,1,1,0,0,c29601abff2252a553ef12c5ed843ea705f9956f,h3.1-v1
2026-02-19,v1,DAILY_PRIMARY,earliest_eligible_scheduled,b0b9c6ef3a5b071b3750c7bc432636ed04224d65,2555a478e9f86b9a4b4b7a36aeaf0e5622e25426,2026-02-19T11:43:16.203Z,51,Hold & Wait,66686.56,v1.1,,scheduled_etl,ELIGIBLE_SCHEDULED,B,UNKNOWN,1,1,0,0,c29601abff2252a553ef12c5ed843ea705f9956f,h3.1-v1
2026-02-20,v1,DAILY_PRIMARY,earliest_eligible_scheduled,c770b29f020925a54d54960796f9ee9a6fec7a91,4d5b1e018b0060a47a5b0fccde1f63e07eb36224,2026-02-20T11:38:27.983Z,48,Moderate Buying,67712.97,v1.1,,scheduled_etl,ELIGIBLE_SCHEDULED,B,UNKNOWN,1,1,0,0,c29601abff2252a553ef12c5ed843ea705f9956f,h3.1-v1
2026-02-21,v1,DAILY_PRIMARY,earliest_eligible_scheduled,ffd3cc8bdf90c35a5fb062147303a566c6e98c31,bdca20607609fe890b16f7472ed0448b03ec7138,2026-02-21T11:28:37.169Z,48,Moderate Buying,68161.11,v1.1,,scheduled_etl,ELIGIBLE_SCHEDULED,B,UNKNOWN,1,1,0,0,c29601abff2252a553ef12c5ed843ea705f9956f,h3.1-v1
2026-02-22,v1,DAILY_PRIMARY,earliest_eligible_scheduled,f5c491960c48ef14aa200a74b408cde7bd6bbdd8,38905ae9aefa42256740537f259d5408b0f66e74,2026-02-22T11:28:29.826Z,48,Moderate Buying,68205.12,v1.1,,scheduled_etl,ELIGIBLE_SCHEDULED,B,UNKNOWN,1,1,0,0,c29601abff2252a553ef12c5ed843ea705f9956f,h3.1-v1
2026-02-23,v1,DAILY_PRIMARY,earliest_eligible_scheduled,be27e5adbf768dd2e2602fab67bece887ca7c689,d156d5ce6da98cc230d38bc6ce547efc952cc357,2026-02-23T11:43:50.609Z,50,Hold & Wait,66140.35,v1.1,,scheduled_etl,ELIGIBLE_SCHEDULED,B,UNKNOWN,1,1,0,0,c29601abff2252a553ef12c5ed843ea705f9956f,h3.1-v1
2026-02-24,v1,DAILY_PRIMARY,earliest_eligible_scheduled,dbce51fdc9ff9327abe631bb08fe90c25610ab96,afb5140d1f1e75ff4a159f17a7aa8cf464e3d86a,2026-02-24T11:44:54.951Z,51,Hold & Wait,63189.98,v1.1,,scheduled_etl,ELIGIBLE_SCHEDULED,B,UNKNOWN,1,1,0,0,c29601abff2252a553ef12c5ed843ea705f9956f,h3.1-v1
2026-02-25,v1,DAILY_PRIMARY,earliest_eligible_scheduled,cbfb2d124806baeea6c4d103d8b53f60f2c90d5c,9c4ba8d508a8e84af08b8e340a83657dfaf3ac0f,2026-02-25T11:44:14.494Z,49,Moderate Buying,65405.59,v1.1,,scheduled_etl,ELIGIBLE_SCHEDULED,B,UNKNOWN,1,1,0,0,c29601abff2252a553ef12c5ed843ea705f9956f,h3.1-v1
2026-02-26,v1,DAILY_PRIMARY,earliest_eligible_scheduled,efd1a15e8f03549127bd4cd88e0cded93926f7c7,665acecb6195da03cb24b662f41c2c1292e0b130,2026-02-26T11:44:20.553Z,51,Hold & Wait,68118.43,v1.1,,scheduled_etl,ELIGIBLE_SCHEDULED,B,UNKNOWN,1,1,0,0,c29601abff2252a553ef12c5ed843ea705f9956f,h3.1-v1
2026-02-27,v1,DAILY_PRIMARY,earliest_eligible_scheduled,03b6c89e8c5dd6f417569ffc01e19c5ae215e3f7,4a865529bc22e65d99456d956e9d1636be08f5eb,2026-02-27T11:38:29.551Z,51,Hold & Wait,66253.38,v1.1,,scheduled_etl,ELIGIBLE_SCHEDULED,B,UNKNOWN,1,1,0,0,c29601abff2252a553ef12c5ed843ea705f9956f,h3.1-v1
2026-02-28,v1,DAILY_PRIMARY,earliest_eligible_scheduled,7fdade36ddebed1e9a49c2186b5456d4b16001d9,b6a882fa96dfc2ea97eab1505846a7ad9cfb4209,2026-02-28T11:26:23.540Z,52,Hold & Wait,64121.52,v1.1,,scheduled_etl,ELIGIBLE_SCHEDULED,B,UNKNOWN,1,1,0,0,c29601abff2252a553ef12c5ed843ea705f9956f,h3.1-v1
2026-03-01,v1,DAILY_PRIMARY,earliest_eligible_scheduled,8ba60ce9a40fe4007f5e7d99ef0ab7b9ddc3cd88,73f38037872f41a8fd1c666718fda0d1f2bf110d,2026-03-01T11:27:26.028Z,54,Hold & Wait,66581.51,v1.1,,scheduled_etl,ELIGIBLE_SCHEDULED,B,UNKNOWN,1,1,0,0,c29601abff2252a553ef12c5ed843ea705f9956f,h3.1-v1
2026-03-02,v1,DAILY_PRIMARY,earliest_eligible_scheduled,cab65356a9d3af0ca915f300dfea968fa2e82f0d,92a8f45ca10aefc38169fa36f7cc048a897df92c,2026-03-02T11:35:58.421Z,55,Hold & Wait,66129.73,v1.1,,scheduled_etl,ELIGIBLE_SCHEDULED,B,UNKNOWN,1,1,0,0,c29601abff2252a553ef12c5ed843ea705f9956f,h3.1-v1
2026-03-03,v1,DAILY_PRIMARY,earliest_eligible_scheduled,95269f5446835339d855c9aadcd18d503afa1c79,5e2b20edcb82e4923ab9ebb5b874b4e73b9facfe,2026-03-03T11:39:18.059Z,56,Hold & Wait,67014,v1.1,,scheduled_etl,ELIGIBLE_SCHEDULED,B,UNKNOWN,1,1,0,0,c29601abff2252a553ef12c5ed843ea705f9956f,h3.1-v1
2026-03-04,v1,DAILY_PRIMARY,earliest_eligible_scheduled,9ef6e636d5e4c06b564c6e50da86a14ed1ee4991,b2d2c3e39bcb406f916cbe12e010438b0ab2f361,2026-03-04T11:37:17.361Z,56,Hold & Wait,71063,v1.1,,scheduled_etl,ELIGIBLE_SCHEDULED,B,UNKNOWN,1,1,0,0,c29601abff2252a553ef12c5ed843ea705f9956f,h3.1-v1
2026-03-05,v1,DAILY_PRIMARY,earliest_eligible_scheduled,f98eb6b1afc666fd406823f1fba0206b6d061c1d,4ee21e69bb7a0a1495f3121b1bbf8c988afca967,2026-03-05T11:39:48.566Z,59,Hold & Wait,72906.89,v1.1,,scheduled_etl,ELIGIBLE_SCHEDULED,B,UNKNOWN,1,1,0,0,c29601abff2252a553ef12c5ed843ea705f9956f,h3.1-v1
2026-03-06,v1,NO_DAILY_PRIMARY,no_committed_candidate,,,,,,,,,,,,UNKNOWN,0,0,0,0,c29601abff2252a553ef12c5ed843ea705f9956f,h3.1-v1
2026-03-07,v1,DAILY_PRIMARY,earliest_eligible_scheduled,ab870bafa8f1210d6952772eb9b6d196c094519d,27d42dab7fe1cd146fc43a23e6e01f07ded27ca7,2026-03-07T11:27:09.776Z,53,Hold & Wait,68150.18,v1.1,,scheduled_etl,ELIGIBLE_SCHEDULED,B,UNKNOWN,1,1,0,0,c29601abff2252a553ef12c5ed843ea705f9956f,h3.1-v1
2026-03-08,v1,DAILY_PRIMARY,earliest_eligible_scheduled,90f9243262468da0bd946e01590d47c0da0d0cc4,09ff567b16373ded95cd1742f559abe13b9988c3,2026-03-08T11:28:09.047Z,56,Hold & Wait,67678.06,v1.1,,scheduled_etl,ELIGIBLE_SCHEDULED,B,UNKNOWN,1,1,0,0,c29601abff2252a553ef12c5ed843ea705f9956f,h3.1-v1
2026-03-09,v1,DAILY_PRIMARY,earliest_eligible_scheduled,56f8ee1f700f34eb101b307a66a0e2336386d7f6,1e3fcd6d1e51d4a8d7b2f0fd52d8e98f15b0143e,2026-03-09T11:38:53.644Z,57,Hold & Wait,67650,v1.1,,scheduled_etl,ELIGIBLE_SCHEDULED,B,UNKNOWN,1,1,0,0,c29601abff2252a553ef12c5ed843ea705f9956f,h3.1-v1
2026-03-10,v1,DAILY_PRIMARY,earliest_eligible_scheduled,f0cb61adb665ece11d2ed499e59a0b1dab69d52b,665eb1a5ce926e454675ee8aafcd873fe70e248a,2026-03-10T11:38:44.498Z,52,Hold & Wait,70620.48,v1.1,,scheduled_etl,ELIGIBLE_SCHEDULED,B,UNKNOWN,1,1,0,0,c29601abff2252a553ef12c5ed843ea705f9956f,h3.1-v1
2026-03-11,v1,DAILY_PRIMARY,earliest_eligible_scheduled,d0ca1f7a916e10881bca5d1242dc813ef9114ea1,db9e38b49fcf26ca1b9024dfe366627f2fc9d294,2026-03-11T11:39:16.966Z,57,Hold & Wait,69512,v1.1,,scheduled_etl,ELIGIBLE_SCHEDULED,B,UNKNOWN,1,1,0,0,c29601abff2252a553ef12c5ed843ea705f9956f,h3.1-v1
2026-03-12,v1,DAILY_PRIMARY,earliest_eligible_scheduled,48418b162babb097e24cd08af948ef973bf8b26c,8f93f0641d630dc680bb51743ba9a92442801fa3,2026-03-12T11:36:52.002Z,56,Hold & Wait,70555.99,v1.1,,scheduled_etl,ELIGIBLE_SCHEDULED,B,UNKNOWN,1,1,0,0,c29601abff2252a553ef12c5ed843ea705f9956f,h3.1-v1
2026-03-13,v1,DAILY_PRIMARY,earliest_eligible_scheduled,0f28fa16f7479c51c4f82ff05e66396e851a6033,157360a40935a036bbf76590ba12a811f6004d82,2026-03-13T11:37:20.675Z,53,Hold & Wait,72347.78,v1.1,,scheduled_etl,ELIGIBLE_SCHEDULED,B,UNKNOWN,1,1,0,0,c29601abff2252a553ef12c5ed843ea705f9956f,h3.1-v1
2026-03-14,v1,DAILY_PRIMARY,earliest_eligible_scheduled,f4bf18c99c070d2c994110ddb1174de5a08def0f,54b042fa410d43eed02d6243c44ab0925e1b1073,2026-03-14T11:30:38.668Z,56,Hold & Wait,70719.48,v1.1,,scheduled_etl,ELIGIBLE_SCHEDULED,B,UNKNOWN,1,1,0,0,c29601abff2252a553ef12c5ed843ea705f9956f,h3.1-v1
2026-03-15,v1,DAILY_PRIMARY,earliest_eligible_scheduled,f58220352b2c618734df20c1a64a46f75b8d04b7,e7169b772bd5a514c1657bd881eeee2af9656b69,2026-03-15T11:33:17.598Z,58,Hold & Wait,71740.65,v1.1,,scheduled_etl,ELIGIBLE_SCHEDULED,B,UNKNOWN,1,1,0,0,c29601abff2252a553ef12c5ed843ea705f9956f,h3.1-v1
2026-03-16,v1,DAILY_PRIMARY,earliest_eligible_scheduled,b8b3baea747c48e62de1f3ea928d629fbfaba0ee,9f51d8f4f6c8c6c887d672c98f3a050755449587,2026-03-16T11:52:46.189Z,58,Hold & Wait,73605.53,v1.1,,scheduled_etl,ELIGIBLE_SCHEDULED,B,UNKNOWN,1,1,0,0,c29601abff2252a553ef12c5ed843ea705f9956f,h3.1-v1
2026-03-17,v1,DAILY_PRIMARY,earliest_eligible_scheduled,0c04564813ef3b696863b1c616287347be902a1b,1145685a9a6ad535317f9187abcc418323c02144,2026-03-17T11:48:22.224Z,55,Hold & Wait,74114.13,v1.1,,scheduled_etl,ELIGIBLE_SCHEDULED,B,UNKNOWN,1,1,0,0,c29601abff2252a553ef12c5ed843ea705f9956f,h3.1-v1
2026-03-18,v1,DAILY_PRIMARY,earliest_eligible_scheduled,fef0f6d2588eb15e4c182aac99fdb2d029e4cdd1,fa732908d4f707097e3e952809375830d5a791b2,2026-03-18T11:51:31.358Z,51,Hold & Wait,73086.85,v1.1,,scheduled_etl,ELIGIBLE_SCHEDULED,B,UNKNOWN,1,1,0,0,c29601abff2252a553ef12c5ed843ea705f9956f,h3.1-v1
2026-03-19,v1,DAILY_PRIMARY,earliest_eligible_scheduled,13eb76987ded7d54a0956a942cbdc1aabc11cd70,f171f9f541933389b28c2b12d1b68b67ff4000a0,2026-03-19T11:41:25.362Z,54,Hold & Wait,70048.24,v1.1,,scheduled_etl,ELIGIBLE_SCHEDULED,B,UNKNOWN,1,1,0,0,c29601abff2252a553ef12c5ed843ea705f9956f,h3.1-v1
2026-03-20,v1,DAILY_PRIMARY,earliest_eligible_scheduled,6afc2c728cc9c352be244011f3872b024bc8258d,3fc7926748d733039eecf765549e0db8b2dfcfa7,2026-03-20T11:37:34.712Z,50,Hold & Wait,70679.21,v1.1,,scheduled_etl,ELIGIBLE_SCHEDULED,B,UNKNOWN,1,1,0,0,c29601abff2252a553ef12c5ed843ea705f9956f,h3.1-v1
2026-03-21,v1,DAILY_PRIMARY,earliest_eligible_scheduled,2bc7811899c22eb9a3d6ad793dc8ad3fc1a3a6ed,d733c0fb830ce07a7e906904b8a288b73dabc8fd,2026-03-21T11:29:50.532Z,50,Hold & Wait,70599.42,v1.1,,scheduled_etl,ELIGIBLE_SCHEDULED,B,UNKNOWN,1,1,0,0,c29601abff2252a553ef12c5ed843ea705f9956f,h3.1-v1
2026-03-22,v1,DAILY_PRIMARY,earliest_eligible_scheduled,f2d9f8cfffb36cd8e6afda0317a3390bbaa9131d,b9605f343e2c4ebb0ef790c0f80fca0f105013f6,2026-03-22T11:30:25.379Z,50,Hold & Wait,68411.71,v1.1,,scheduled_etl,ELIGIBLE_SCHEDULED,B,UNKNOWN,1,1,0,0,c29601abff2252a553ef12c5ed843ea705f9956f,h3.1-v1
2026-03-23,v1,DAILY_PRIMARY,earliest_eligible_scheduled,82aa6a90ae0f7d443c1803060ec053cc42f718ed,6ffce9f46e1f726dd9385d4c34779191ab3affcc,2026-03-23T11:49:52.823Z,50,Hold & Wait,70242.6,v1.1,,scheduled_etl,ELIGIBLE_SCHEDULED,B,UNKNOWN,1,1,0,0,c29601abff2252a553ef12c5ed843ea705f9956f,h3.1-v1
2026-03-24,v1,DAILY_PRIMARY,earliest_eligible_scheduled,02fa4f8d6f92a4a8923ef9e0b258539faa8fd8aa,9884815c488d9af090a0004279342320f225c91e,2026-03-24T11:50:13.804Z,46,Moderate Buying,71297.6,v1.1,,scheduled_etl,ELIGIBLE_SCHEDULED,B,UNKNOWN,1,1,0,0,c29601abff2252a553ef12c5ed843ea705f9956f,h3.1-v1
2026-03-25,v1,DAILY_PRIMARY,earliest_eligible_scheduled,e729a533c5a9a76d2022bd4fa126466d73505824,2e480e6398c427c1fe9f32a017e21c89530d80bd,2026-03-25T11:47:55.469Z,50,Hold & Wait,71800.51,v1.1,,scheduled_etl,ELIGIBLE_SCHEDULED,B,UNKNOWN,2,1,0,0,c29601abff2252a553ef12c5ed843ea705f9956f,h3.1-v1
2026-03-26,v1,DAILY_PRIMARY,earliest_eligible_scheduled,745c2223c5603e5981f2bfd78058cb43634db599,81035753b22df3f9c087bcc259e6be9b435b4866,2026-03-26T11:54:54.675Z,55,Hold & Wait,69321.14,v1.1,,scheduled_etl,ELIGIBLE_SCHEDULED,B,UNKNOWN,1,1,0,0,c29601abff2252a553ef12c5ed843ea705f9956f,h3.1-v1
2026-03-27,v1,DAILY_PRIMARY,earliest_eligible_scheduled,99d4199228cd8dc280d65e54e8b49b6d32af4ce5,2a7c695bf2438ed16423ee6ca778492ccef20669,2026-03-27T11:47:14.451Z,60,Hold & Wait,66692.69,v1.1,,scheduled_etl,ELIGIBLE_SCHEDULED,B,UNKNOWN,1,1,0,0,c29601abff2252a553ef12c5ed843ea705f9956f,h3.1-v1
2026-03-28,v1,DAILY_PRIMARY,earliest_eligible_scheduled,578519eb3b98bb9a30c2749387cfedb3e026737b,8f23ae8312b6085fc96df52818395d77e7952be8,2026-03-28T11:35:13.687Z,55,Hold & Wait,66272,v1.1,,scheduled_etl,ELIGIBLE_SCHEDULED,B,UNKNOWN,1,1,0,0,c29601abff2252a553ef12c5ed843ea705f9956f,h3.1-v1
2026-03-29,v1,NO_DAILY_PRIMARY,no_committed_candidate,,,,,,,,,,,,UNKNOWN,0,0,0,0,c29601abff2252a553ef12c5ed843ea705f9956f,h3.1-v1
2026-03-30,v1,NO_DAILY_PRIMARY,no_committed_candidate,,,,,,,,,,,,UNKNOWN,0,0,0,0,c29601abff2252a553ef12c5ed843ea705f9956f,h3.1-v1
2026-03-31,v1,DAILY_PRIMARY,earliest_eligible_scheduled,d6312269a38db11da92d5b125176b7e14cd10fd9,4fea4aec349e6313ac7dc8a0ef26bb2d5d3f1109,2026-03-31T11:54:39.642Z,56,Hold & Wait,66523.58,v1.1,,scheduled_etl,ELIGIBLE_SCHEDULED,B,UNKNOWN,1,1,0,0,c29601abff2252a553ef12c5ed843ea705f9956f,h3.1-v1
2026-04-01,v1,DAILY_PRIMARY,earliest_eligible_scheduled,b732c5ff4b27d2c99206e6d86c404bc0bddd6aa6,ffe5945b8197ee49be9a9fded26680528b26571a,2026-04-01T11:56:36.701Z,61,Hold & Wait,68703.71,v1.1,,scheduled_etl,ELIGIBLE_SCHEDULED,B,UNKNOWN,1,1,0,0,c29601abff2252a553ef12c5ed843ea705f9956f,h3.1-v1
2026-04-02,v1,DAILY_PRIMARY,earliest_eligible_scheduled,06bb979d0135e91050848ec39f9efae2036602a1,5c5e38826e21223c988a74de0e80ecce02976c24,2026-04-02T11:52:06.998Z,58,Hold & Wait,66335.01,v1.1,,scheduled_etl,ELIGIBLE_SCHEDULED,B,UNKNOWN,1,1,0,0,c29601abff2252a553ef12c5ed843ea705f9956f,h3.1-v1
2026-04-03,v1,DAILY_PRIMARY,earliest_eligible_scheduled,98afb36f80636253b2392313d2b4364bad0a8dc5,b80747b670a170d63a5e2d79bb53796fd5163347,2026-04-03T11:42:12.843Z,62,Hold & Wait,66979.08,v1.1,,scheduled_etl,ELIGIBLE_SCHEDULED,B,UNKNOWN,1,1,0,0,c29601abff2252a553ef12c5ed843ea705f9956f,h3.1-v1
2026-04-04,v1,NO_DAILY_PRIMARY,no_committed_candidate,,,,,,,,,,,,UNKNOWN,0,0,0,0,c29601abff2252a553ef12c5ed843ea705f9956f,h3.1-v1
2026-04-05,v1,NO_DAILY_PRIMARY,no_committed_candidate,,,,,,,,,,,,UNKNOWN,0,0,0,0,c29601abff2252a553ef12c5ed843ea705f9956f,h3.1-v1
2026-04-06,v1,NO_DAILY_PRIMARY,no_committed_candidate,,,,,,,,,,,,UNKNOWN,0,0,0,0,c29601abff2252a553ef12c5ed843ea705f9956f,h3.1-v1
2026-04-07,v1,DAILY_PRIMARY,earliest_eligible_scheduled,063f1a8f2aa1c1ccfd917027ba6795ec0be14f2c,2c9741f344c97f5e97286ab69b485a6d96ed0cf7,2026-04-07T11:57:05.407Z,58,Hold & Wait,68343.78,v1.1,,scheduled_etl,ELIGIBLE_SCHEDULED,B,UNKNOWN,1,1,0,0,c29601abff2252a553ef12c5ed843ea705f9956f,h3.1-v1
2026-04-08,v1,DAILY_PRIMARY,earliest_eligible_scheduled,dc6db82f8c89464a34ede61146493ed41fb27eff,45d9581c8cca3644fee85641639eab9e04450e27,2026-04-08T11:58:40.888Z,63,Hold & Wait,71713.17,v1.1,,scheduled_etl,ELIGIBLE_SCHEDULED,B,UNKNOWN,1,1,0,0,c29601abff2252a553ef12c5ed843ea705f9956f,h3.1-v1
2026-04-09,v1,DAILY_PRIMARY,earliest_eligible_scheduled,a4ca31d384f02c78ade21f351274bcbfb40d4d84,b8b8c3997e71b81bde4a7c0f835e2b38f7e3f72c,2026-04-09T11:58:30.562Z,58,Hold & Wait,71156.16,v1.1,,scheduled_etl,ELIGIBLE_SCHEDULED,B,UNKNOWN,1,1,0,0,c29601abff2252a553ef12c5ed843ea705f9956f,h3.1-v1
2026-04-10,v1,DAILY_PRIMARY,earliest_eligible_scheduled,80826f6074f40db3e75d0cf02a9740bfd5e907e4,1eb47357f003049bb6bd91e89600669bdec772eb,2026-04-10T11:53:43.249Z,62,Hold & Wait,72240.26,v1.1,,scheduled_etl,ELIGIBLE_SCHEDULED,B,UNKNOWN,1,1,0,0,c29601abff2252a553ef12c5ed843ea705f9956f,h3.1-v1
2026-04-11,v1,DAILY_PRIMARY,earliest_eligible_scheduled,d5c651ca0c979820ba95de82a0b4357f326c92e0,8c277f773b4df9a53e2cfeb056cec10ec4bfe7b0,2026-04-11T11:37:11.720Z,60,Hold & Wait,72874.69,v1.1,,scheduled_etl,ELIGIBLE_SCHEDULED,B,UNKNOWN,1,1,0,0,c29601abff2252a553ef12c5ed843ea705f9956f,h3.1-v1
2026-04-12,v1,NO_DAILY_PRIMARY,no_committed_candidate,,,,,,,,,,,,UNKNOWN,0,0,0,0,c29601abff2252a553ef12c5ed843ea705f9956f,h3.1-v1
2026-04-13,v1,DAILY_PRIMARY,earliest_eligible_scheduled,e35fb5d25f928965f189243db4bfcdfdb90bcafe,06d454acc445520d473cf151bf69358aefb2cfb9,2026-04-13T12:07:51.892Z,58,Hold & Wait,70896.98,v1.1,,scheduled_etl,ELIGIBLE_SCHEDULED,B,UNKNOWN,1,1,0,0,c29601abff2252a553ef12c5ed843ea705f9956f,h3.1-v1
2026-04-14,v1,DAILY_PRIMARY,earliest_eligible_scheduled,7aacfb8666b078bc2681d43f55d4213acc38a20d,5818b3b948b422e2a9f614db9943a8b89582a08c,2026-04-14T12:39:11.955Z,60,Hold & Wait,74347.65,v1.1,,scheduled_etl,ELIGIBLE_SCHEDULED,B,UNKNOWN,1,1,0,0,c29601abff2252a553ef12c5ed843ea705f9956f,h3.1-v1
2026-04-15,v1,DAILY_PRIMARY,earliest_eligible_scheduled,b85e003ed1f6f4e3e56e84bd8b40d8a844282687,2236de110dfbc8e03eaf44a491f08ace89d8bfb7,2026-04-15T11:59:40.385Z,59,Hold & Wait,74218.25,v1.1,,scheduled_etl,ELIGIBLE_SCHEDULED,B,UNKNOWN,1,1,0,0,c29601abff2252a553ef12c5ed843ea705f9956f,h3.1-v1
2026-04-16,v1,DAILY_PRIMARY,earliest_eligible_scheduled,3f6620d93d9efc0a28c07854887f160795a531ea,ef6ca3dc4a3b13db8169fba3be09561dac05ec23,2026-04-16T12:02:44.471Z,52,Hold & Wait,74678.22,v1.1,,scheduled_etl,ELIGIBLE_SCHEDULED,B,UNKNOWN,1,1,0,0,c29601abff2252a553ef12c5ed843ea705f9956f,h3.1-v1
2026-04-17,v1,DAILY_PRIMARY,earliest_eligible_scheduled,a68b4ff89fda1478454ceede05ac4dce2819ad1a,e4b6819ae8ce3952d299c85ba3a524ceb0fe0df3,2026-04-17T11:56:35.442Z,56,Hold & Wait,75569,v1.1,,scheduled_etl,ELIGIBLE_SCHEDULED,B,UNKNOWN,1,1,0,0,c29601abff2252a553ef12c5ed843ea705f9956f,h3.1-v1
2026-04-18,v1,DAILY_PRIMARY,earliest_eligible_scheduled,39869271e3c082737d236e7aaab7ae7a1db1175f,7ce988a7b7eab69e109701c382ad5fcf5dff7ba1,2026-04-18T11:40:28.666Z,56,Hold & Wait,75975,v1.1,,scheduled_etl,ELIGIBLE_SCHEDULED,B,UNKNOWN,1,1,0,0,c29601abff2252a553ef12c5ed843ea705f9956f,h3.1-v1
2026-04-19,v1,DAILY_PRIMARY,earliest_eligible_scheduled,ebf761e7f52aa427419998c824b5b0c462fe0060,6d7afdf61b52f3c5f9b924801919e9fdab271695,2026-04-19T18:04:31.994Z,55,Hold & Wait,74849.89,v1.1,,scheduled_etl,ELIGIBLE_SCHEDULED,B,UNKNOWN,1,1,0,0,c29601abff2252a553ef12c5ed843ea705f9956f,h3.1-v1
2026-04-20,v1,DAILY_PRIMARY,earliest_eligible_scheduled,5e75e3564d2606f073957bbb690cb0f07717a609,660ccfdb16911871367f041c0fef8df18456122a,2026-04-20T12:08:53.835Z,55,Hold & Wait,75301.86,v1.1,,scheduled_etl,ELIGIBLE_SCHEDULED,B,UNKNOWN,1,1,0,0,c29601abff2252a553ef12c5ed843ea705f9956f,h3.1-v1
2026-04-21,v1,DAILY_PRIMARY,earliest_eligible_scheduled,c373863c9ea9c0814b2d2810a21d9a70a6aae75d,635bd0910dccb5ad91253acfb3b8fc8aab9c367f,2026-04-21T12:03:12.096Z,57,Hold & Wait,76513.1,v1.1,,scheduled_etl,ELIGIBLE_SCHEDULED,B,UNKNOWN,1,1,0,0,c29601abff2252a553ef12c5ed843ea705f9956f,h3.1-v1
2026-04-22,v1,DAILY_PRIMARY,earliest_eligible_scheduled,68493787c0503e19e3fe642b6051b3f23caf130a,0d66c0b828622ffebf94bc2d51d383b5cd2e6df7,2026-04-22T12:02:42.923Z,57,Hold & Wait,78288.85,v1.1,,scheduled_etl,ELIGIBLE_SCHEDULED,B,UNKNOWN,1,1,0,0,c29601abff2252a553ef12c5ed843ea705f9956f,h3.1-v1
2026-04-23,v1,DAILY_PRIMARY,earliest_eligible_scheduled,7e374da92a0140b538379cbff03d4b4f07a32dc7,ad7be3246b9829609041d58f463f40bdd52e01c2,2026-04-23T12:02:44.931Z,58,Hold & Wait,77778.64,v1.1,,scheduled_etl,ELIGIBLE_SCHEDULED,B,UNKNOWN,1,1,0,0,c29601abff2252a553ef12c5ed843ea705f9956f,h3.1-v1
2026-04-24,v1,DAILY_PRIMARY,earliest_eligible_scheduled,6d37de82930aabbffb1ff4e4e3a47d8d988849bc,790fd9c3aa5b4013ab626244c036907a5440c5c4,2026-04-24T12:01:47.949Z,58,Hold & Wait,78263.97,v1.1,,scheduled_etl,ELIGIBLE_SCHEDULED,B,UNKNOWN,1,1,0,0,c29601abff2252a553ef12c5ed843ea705f9956f,h3.1-v1
2026-04-25,v1,DAILY_PRIMARY,earliest_eligible_scheduled,367f2d14750d40168d52c2f6dc65111326108f84,1095549297b6289acd1a71e1c08f43340df7cd4d,2026-04-25T11:43:17.042Z,52,Hold & Wait,77698.05,v1.1,,scheduled_etl,ELIGIBLE_SCHEDULED,B,UNKNOWN,1,1,0,0,c29601abff2252a553ef12c5ed843ea705f9956f,h3.1-v1
2026-04-26,v1,DAILY_PRIMARY,earliest_eligible_scheduled,6737a94cea5a17d440ebdf7009479ea89e417dde,55178238f6ed9e5735d954cc525499ecd8aaf437,2026-04-26T11:44:30.598Z,60,Hold & Wait,78103.36,v1.1,,scheduled_etl,ELIGIBLE_SCHEDULED,B,UNKNOWN,1,1,0,0,c29601abff2252a553ef12c5ed843ea705f9956f,h3.1-v1
2026-04-27,v1,DAILY_PRIMARY,earliest_eligible_scheduled,87254fa3d33b4022d79a4573476b0f8ade1fe3c7,4e21b0b0a90c66d125fabf902d1c7133fb6818e7,2026-04-27T12:22:38.011Z,60,Hold & Wait,77849.8,v1.1,,scheduled_etl,ELIGIBLE_SCHEDULED,B,UNKNOWN,1,1,0,0,c29601abff2252a553ef12c5ed843ea705f9956f,h3.1-v1
2026-04-28,v1,DAILY_PRIMARY,earliest_eligible_scheduled,a497e15640692abea608e06c92ccced2651a993a,ef117d32322e7a6dd9d2efe43eaf642ed7e009f2,2026-04-28T12:26:21.567Z,51,Hold & Wait,76217.69,v1.1,,scheduled_etl,ELIGIBLE_SCHEDULED,B,UNKNOWN,1,1,0,0,c29601abff2252a553ef12c5ed843ea705f9956f,h3.1-v1
2026-04-29,v1,DAILY_PRIMARY,earliest_eligible_scheduled,bf1b92c932aca2bc6db4c578cb893c547c029e49,cd858b50c5d4e667a0e26d988801108e5d7d46cb,2026-04-29T12:20:34.918Z,60,Hold & Wait,77355.39,v1.1,,scheduled_etl,ELIGIBLE_SCHEDULED,B,UNKNOWN,1,1,0,0,c29601abff2252a553ef12c5ed843ea705f9956f,h3.1-v1
2026-04-30,v1,DAILY_PRIMARY,earliest_eligible_scheduled,85db28d5a19acbf670d92267a8fca63186d878c9,b27ccb7682fb328c406394b1b6ec58b2fd23d4a3,2026-04-30T12:18:23.942Z,53,Hold & Wait,76181.62,v1.1,,scheduled_etl,ELIGIBLE_SCHEDULED,B,UNKNOWN,1,1,0,0,c29601abff2252a553ef12c5ed843ea705f9956f,h3.1-v1
2026-05-01,v1,DAILY_PRIMARY,earliest_eligible_scheduled,f836cbb5fdeb47ca299cdab58d3a6af53b76faa1,f8c4222248b0a937e5573dc89658a9e1a140eadc,2026-05-01T12:03:19.941Z,61,Hold & Wait,77435.79,v1.1,,scheduled_etl,ELIGIBLE_SCHEDULED,B,UNKNOWN,1,1,0,0,c29601abff2252a553ef12c5ed843ea705f9956f,h3.1-v1
2026-05-02,v1,DAILY_PRIMARY,earliest_eligible_scheduled,af65f610708de34797d418be09cdc394f67488ec,e5c3a15a0a7d1bd5d610624df03c7474b5b1eda8,2026-05-02T11:51:59.868Z,62,Hold & Wait,78102,v1.1,,scheduled_etl,ELIGIBLE_SCHEDULED,B,UNKNOWN,1,1,0,0,c29601abff2252a553ef12c5ed843ea705f9956f,h3.1-v1
2026-05-03,v1,DAILY_PRIMARY,earliest_eligible_scheduled,92287c2fd1cca366ac732efd36e644be045021df,8b0e47adb60c10ef690948153d7f2a984d26f630,2026-05-03T11:50:53.866Z,54,Hold & Wait,78794.01,v1.1,,scheduled_etl,ELIGIBLE_SCHEDULED,B,UNKNOWN,1,1,0,0,c29601abff2252a553ef12c5ed843ea705f9956f,h3.1-v1
2026-05-04,v1,DAILY_PRIMARY,earliest_eligible_scheduled,3c3046b81c757a7a1ab68256625dd44f1d0e0ee6,2fd494f8a85ac873292d6a22b13ad29e0db5bf44,2026-05-04T12:23:12.943Z,53,Hold & Wait,78956.51,v1.1,,scheduled_etl,ELIGIBLE_SCHEDULED,B,UNKNOWN,1,1,0,0,c29601abff2252a553ef12c5ed843ea705f9956f,h3.1-v1
2026-05-05,v1,DAILY_PRIMARY,earliest_eligible_scheduled,d55274557b3ed1fea7bd9fa62e1bbef879872b4b,db1d9921e0fe5b1c2f8d64c5f548883ed67f302c,2026-05-05T12:07:36.276Z,61,Hold & Wait,81009.95,v1.1,,scheduled_etl,ELIGIBLE_SCHEDULED,B,UNKNOWN,1,1,0,0,c29601abff2252a553ef12c5ed843ea705f9956f,h3.1-v1
2026-05-06,v1,DAILY_PRIMARY,earliest_eligible_scheduled,977140dc0debbc6f7ee50560d558f17885f4fd8d,8fac5ed70775af0a7d96d689d30f5672c4525c57,2026-05-06T12:58:35.906Z,51,Hold & Wait,82276.36,v1.1,,scheduled_etl,ELIGIBLE_SCHEDULED,B,UNKNOWN,1,1,0,0,c29601abff2252a553ef12c5ed843ea705f9956f,h3.1-v1
2026-05-07,v1,DAILY_PRIMARY,earliest_eligible_scheduled,ea29e5c6f64489deec5836e7524a492ae2244ba1,da4616f39d3ccbeb2ec05b1f96c99db7204da395,2026-05-07T13:00:09.674Z,47,Moderate Buying,81171.99,v1.1,,scheduled_etl,ELIGIBLE_SCHEDULED,B,UNKNOWN,8,8,0,0,c29601abff2252a553ef12c5ed843ea705f9956f,h3.1-v1
2026-05-08,v1,DAILY_PRIMARY,earliest_eligible_scheduled,7aeee427df69540d67649dd1104222427a2208bf,1c2e8bc570523135c2c1d08ff673625554658258,2026-05-08T15:47:56.343Z,47,Moderate Buying,79933.79,v1.1,,scheduled_etl,ELIGIBLE_SCHEDULED,B,UNKNOWN,1,1,0,0,c29601abff2252a553ef12c5ed843ea705f9956f,h3.1-v1
2026-05-09,v1,DAILY_PRIMARY,earliest_eligible_scheduled,126f9980e35ecf8a4511213a779166b947612dc7,cbe9a4fa77d50b88a4870131cebae7cb3e457ec7,2026-05-09T11:55:39.006Z,49,Moderate Buying,80330.73,v1.1,,scheduled_etl,ELIGIBLE_SCHEDULED,B,UNKNOWN,1,1,0,0,c29601abff2252a553ef12c5ed843ea705f9956f,h3.1-v1
2026-05-10,v1,DAILY_PRIMARY,earliest_eligible_scheduled,38f800fc53f934d82c6fe0b59de06db9fd96faff,2bca48bd80f2766d0c0e0c3726d29a53dd6ea614,2026-05-10T11:58:01.675Z,51,Hold & Wait,80815.93,v1.1,,scheduled_etl,ELIGIBLE_SCHEDULED,B,UNKNOWN,1,1,0,0,c29601abff2252a553ef12c5ed843ea705f9956f,h3.1-v1
2026-05-11,v1,DAILY_PRIMARY,earliest_eligible_scheduled,194c20550576fcb303afa66b5450071513383280,80619cf7f5ecd1a53dd99d8f40e87f28292b1db8,2026-05-11T13:50:25.705Z,52,Hold & Wait,80985.83,v1.1,,scheduled_etl,ELIGIBLE_SCHEDULED,B,UNKNOWN,1,1,0,0,c29601abff2252a553ef12c5ed843ea705f9956f,h3.1-v1
2026-05-12,v1,DAILY_PRIMARY,earliest_eligible_scheduled,94607419d842d88ec59cbea6dd5d25819b956a0a,f47621e34ed4a139b6b441ce38067f528dced44a,2026-05-12T13:08:47.851Z,54,Hold & Wait,80885.23,v1.1,,scheduled_etl,ELIGIBLE_SCHEDULED,B,UNKNOWN,1,1,0,0,c29601abff2252a553ef12c5ed843ea705f9956f,h3.1-v1
2026-05-13,v1,DAILY_PRIMARY,earliest_eligible_scheduled,a8ef8376188abb532beed8680e25e237edee91b1,42b38dec08670bc5a1a4165908d9b0a8f0384bf7,2026-05-13T13:21:31.784Z,56,Hold & Wait,80260.12,v1.1,,scheduled_etl,ELIGIBLE_SCHEDULED,B,UNKNOWN,1,1,0,0,c29601abff2252a553ef12c5ed843ea705f9956f,h3.1-v1
2026-05-14,v1,DAILY_PRIMARY,earliest_eligible_scheduled,41f2d198a492997f13aaf11ce3c756c685f3aa38,559e1c9dbf94fbc8719ad40d25fb80dcf04abe81,2026-05-14T12:57:44.285Z,56,Hold & Wait,79726,v1.1,,scheduled_etl,ELIGIBLE_SCHEDULED,B,UNKNOWN,1,1,0,0,c29601abff2252a553ef12c5ed843ea705f9956f,h3.1-v1
2026-05-15,v1,DAILY_PRIMARY,earliest_eligible_scheduled,9784ad6426b88b5526058c1d062fae4da747c271,c904b8a475706ae9847a2329aebc08b0aca1ffe4,2026-05-15T12:59:11.461Z,56,Hold & Wait,80370.39,v1.1,,scheduled_etl,ELIGIBLE_SCHEDULED,B,UNKNOWN,1,1,0,0,c29601abff2252a553ef12c5ed843ea705f9956f,h3.1-v1
2026-05-16,v1,DAILY_PRIMARY,earliest_eligible_scheduled,ee1e50230dea420f54b5b53a2fe83ff4c5cd971d,168052e455e156fbfa14599a1a1c6b6dd71e37d7,2026-05-16T11:56:31.013Z,56,Hold & Wait,78064.2,v1.1,,scheduled_etl,ELIGIBLE_SCHEDULED,B,UNKNOWN,1,1,0,0,c29601abff2252a553ef12c5ed843ea705f9956f,h3.1-v1
2026-05-17,v1,DAILY_PRIMARY,earliest_eligible_scheduled,283eca3fb47ceabfdbde3de0847d631609b31738,655abbceaaa82c9dfaba348648d0a4f270a4318b,2026-05-17T12:02:39.090Z,57,Hold & Wait,78387.15,v1.1,,scheduled_etl,ELIGIBLE_SCHEDULED,B,UNKNOWN,1,1,0,0,c29601abff2252a553ef12c5ed843ea705f9956f,h3.1-v1
2026-05-18,v1,DAILY_PRIMARY,earliest_eligible_scheduled,7476f7ab2c37338b1b339121e3ef384b5f372739,8819d7917aa575765346beff793deb4624b31691,2026-05-18T14:34:15.352Z,58,Hold & Wait,76427.99,v1.1,,scheduled_etl,ELIGIBLE_SCHEDULED,B,UNKNOWN,1,1,0,0,c29601abff2252a553ef12c5ed843ea705f9956f,h3.1-v1
2026-05-19,v1,DAILY_PRIMARY,earliest_eligible_scheduled,af3e6d196ec4e7803c849d56ec998a95847aa2c7,191b93cc77b34d97ad9337e1e59a76760e4e40bf,2026-05-19T13:57:09.956Z,62,Hold & Wait,76907.25,v1.1,,scheduled_etl,ELIGIBLE_SCHEDULED,B,UNKNOWN,1,1,0,0,c29601abff2252a553ef12c5ed843ea705f9956f,h3.1-v1
2026-05-20,v1,DAILY_PRIMARY,earliest_eligible_scheduled,7a03f5fc5eee7fc9d2f9f218aeefde7db303eb42,fae4b4fe9622ca3b25103476a69bb4decb937388,2026-05-20T13:44:20.731Z,62,Hold & Wait,76937.96,v1.1,,scheduled_etl,ELIGIBLE_SCHEDULED,B,UNKNOWN,1,1,0,0,c29601abff2252a553ef12c5ed843ea705f9956f,h3.1-v1
2026-05-21,v1,DAILY_PRIMARY,earliest_eligible_scheduled,f113f46a601932e8184998026d2d324762c6e004,3161ef9e407ccf0acc80a4a16b08b2239a1ad73b,2026-05-21T14:16:17.672Z,61,Hold & Wait,77006.99,v1.1,,scheduled_etl,ELIGIBLE_SCHEDULED,B,UNKNOWN,1,1,0,0,c29601abff2252a553ef12c5ed843ea705f9956f,h3.1-v1
2026-05-22,v1,DAILY_PRIMARY,earliest_eligible_scheduled,6d24c15d289d6fc9618a83d94350f9a2e2414959,dd6af4ac0ea508e7074e6f390039232ae34f573a,2026-05-22T13:34:16.313Z,60,Hold & Wait,77187.76,v1.1,,scheduled_etl,ELIGIBLE_SCHEDULED,B,UNKNOWN,1,1,0,0,c29601abff2252a553ef12c5ed843ea705f9956f,h3.1-v1
2026-05-23,v1,DAILY_PRIMARY,earliest_eligible_scheduled,2d6c3bbb1d13be7da9688199d41c775dc4fdf184,040a5f0c2b5823989f1332a3bfb922c9d8a02815,2026-05-23T12:03:14.447Z,58,Hold & Wait,74702.59,v1.1,,scheduled_etl,ELIGIBLE_SCHEDULED,B,UNKNOWN,1,1,0,0,c29601abff2252a553ef12c5ed843ea705f9956f,h3.1-v1
2026-05-24,v1,DAILY_PRIMARY,earliest_eligible_scheduled,9b92502ff96e63da4059c37fcc2c7e2d89248c2c,f7c4f67cf233aaffd44802ecd2c6295ace1c8ad4,2026-05-24T12:04:40.538Z,58,Hold & Wait,77159.36,v1.1,,scheduled_etl,ELIGIBLE_SCHEDULED,B,UNKNOWN,1,1,0,0,c29601abff2252a553ef12c5ed843ea705f9956f,h3.1-v1
2026-05-25,v1,NO_DAILY_PRIMARY,no_committed_candidate,,,,,,,,,,,,UNKNOWN,0,0,0,0,c29601abff2252a553ef12c5ed843ea705f9956f,h3.1-v1
2026-05-26,v1,DAILY_PRIMARY,earliest_eligible_scheduled,a78c4e34f1b984e08448c97d50cf39318c1719f3,b333e3221c872d1835058d5c6ce793c366dd6a74,2026-05-26T13:57:24.837Z,57,Hold & Wait,77242.39,v1.1,,scheduled_etl,ELIGIBLE_SCHEDULED,B,UNKNOWN,1,1,0,0,c29601abff2252a553ef12c5ed843ea705f9956f,h3.1-v1
2026-05-27,v1,DAILY_PRIMARY,earliest_eligible_scheduled,8e3471166822119b7d78fe90b1de1b6d87b60815,7b88b7fb82cdf7c9df96efc2db209b2c00f84d9a,2026-05-27T14:30:46.512Z,57,Hold & Wait,74694.95,v1.1,,scheduled_etl,ELIGIBLE_SCHEDULED,B,UNKNOWN,1,1,0,0,c29601abff2252a553ef12c5ed843ea705f9956f,h3.1-v1
2026-05-28,v1,DAILY_PRIMARY,earliest_eligible_scheduled,c9a92c4777b61ab69267ed948d7a3fba83af40f2,fb6df29dab40f1ce6102135e50d18d8b501977cf,2026-05-28T14:40:42.128Z,55,Hold & Wait,72818.68,v1.1,,scheduled_etl,ELIGIBLE_SCHEDULED,B,UNKNOWN,1,1,0,0,c29601abff2252a553ef12c5ed843ea705f9956f,h3.1-v1
2026-05-29,v1,DAILY_PRIMARY,earliest_eligible_scheduled,3c41ebd3d92ff6b6e9648953a2c4a421035087be,6b02b3b5c89afe73f223758aa64fa4750ce8bc1d,2026-05-29T14:11:58.353Z,55,Hold & Wait,72834.91,v1.1,,scheduled_etl,ELIGIBLE_SCHEDULED,B,UNKNOWN,1,1,0,0,c29601abff2252a553ef12c5ed843ea705f9956f,h3.1-v1
2026-05-30,v1,DAILY_PRIMARY,earliest_eligible_scheduled,19482a0e38b6db393161bc99392833c7a63fb9ee,a39ebe027954166bd5a27f6804101de6052c3f1a,2026-05-30T12:07:29.319Z,54,Hold & Wait,73499.55,v1.1,,scheduled_etl,ELIGIBLE_SCHEDULED,B,UNKNOWN,1,1,0,0,c29601abff2252a553ef12c5ed843ea705f9956f,h3.1-v1
2026-05-31,v1,DAILY_PRIMARY,earliest_eligible_scheduled,22d217f7d0f61e0822332c158a9b0a8be95a4a7a,5ffe778a07caa16f78bea957ac108d18e5584793,2026-05-31T12:15:10.284Z,55,Hold & Wait,73799.94,v1.1,,scheduled_etl,ELIGIBLE_SCHEDULED,B,UNKNOWN,1,1,0,0,c29601abff2252a553ef12c5ed843ea705f9956f,h3.1-v1
2026-06-01,v1,NO_DAILY_PRIMARY,no_committed_candidate,,,,,,,,,,,,UNKNOWN,0,0,0,0,c29601abff2252a553ef12c5ed843ea705f9956f,h3.1-v1
2026-06-02,v1,DAILY_PRIMARY,earliest_eligible_scheduled,052caf7e576dbed2e8ae3a987675a1fe221e30d0,7eab77b851618173441b941460427aecc4b33791,2026-06-02T16:14:47.872Z,57,Hold & Wait,67775.7,v1.1,,scheduled_etl,ELIGIBLE_SCHEDULED,B,UNKNOWN,1,1,0,0,c29601abff2252a553ef12c5ed843ea705f9956f,h3.1-v1
2026-06-03,v1,DAILY_PRIMARY,earliest_eligible_scheduled,3a087fbe563e6168df9930d68a28af8abb425229,89ea64de84500ccb81fa285e132bbf836a47aeb8,2026-06-03T15:49:54.228Z,57,Hold & Wait,66100.92,v1.1,,scheduled_etl,ELIGIBLE_SCHEDULED,B,UNKNOWN,1,1,0,0,c29601abff2252a553ef12c5ed843ea705f9956f,h3.1-v1
2026-06-04,v1,DAILY_PRIMARY,earliest_eligible_scheduled,907005e1a8c4eb9f78bb9cfa159f1aa6d89a03da,9652d2599d6e890754a98502534ff348a0b293a6,2026-06-04T14:07:18.662Z,57,Hold & Wait,64104.72,v1.1,,scheduled_etl,ELIGIBLE_SCHEDULED,B,UNKNOWN,1,1,0,0,c29601abff2252a553ef12c5ed843ea705f9956f,h3.1-v1
2026-06-05,v1,DAILY_PRIMARY,earliest_eligible_scheduled,2a5ce7130202f663e54277212f24fd010f4a670a,3da679bb5bc36b1b4a0eb9fa47bc58706d8e240f,2026-06-05T13:55:03.758Z,56,Hold & Wait,61060.32,v1.1,,scheduled_etl,ELIGIBLE_SCHEDULED,B,UNKNOWN,1,1,0,0,c29601abff2252a553ef12c5ed843ea705f9956f,h3.1-v1
2026-06-06,v1,DAILY_PRIMARY,earliest_eligible_scheduled,acc0a9424c18571050320f502e22c0447c25a1ad,192e5161c4d9547bd23cc08d9e60394e66e5ad64,2026-06-06T12:10:29.091Z,58,Hold & Wait,61056,v1.1,,scheduled_etl,ELIGIBLE_SCHEDULED,B,UNKNOWN,1,1,0,0,c29601abff2252a553ef12c5ed843ea705f9956f,h3.1-v1
2026-06-07,v1,DAILY_PRIMARY,earliest_eligible_scheduled,030d4cfcaa58bb9f0cb2e279fe5ec9a4d9b8ed1e,728d27d742b19aab6a4a22386ca18e133a534a12,2026-06-07T12:24:26.089Z,58,Hold & Wait,61991.93,v1.1,,scheduled_etl,ELIGIBLE_SCHEDULED,B,UNKNOWN,1,1,0,0,c29601abff2252a553ef12c5ed843ea705f9956f,h3.1-v1
2026-06-08,v1,DAILY_PRIMARY,earliest_eligible_scheduled,f3d3f2ad182d8c7c5456dbbc559fa66043aef02c,61c120879725de6d1bc914259ce30201b0717e36,2026-06-08T14:51:11.473Z,60,Hold & Wait,63854.39,v1.1,,scheduled_etl,ELIGIBLE_SCHEDULED,B,UNKNOWN,1,1,0,0,c29601abff2252a553ef12c5ed843ea705f9956f,h3.1-v1
2026-06-09,v1,DAILY_PRIMARY,earliest_eligible_scheduled,d45476ab27ee696d0e0c5fbbed3db772c3db0462,9934fc9aca43f10397c2673493c833a680b99671,2026-06-09T13:46:42.888Z,61,Hold & Wait,62377.78,v1.1,,scheduled_etl,ELIGIBLE_SCHEDULED,B,UNKNOWN,1,1,0,0,c29601abff2252a553ef12c5ed843ea705f9956f,h3.1-v1
2026-06-10,v1,DAILY_PRIMARY,earliest_eligible_scheduled,354239c871ec57983c1cc2004476c83526593cc4,48c8ca17c10569c9d301d77bd660e4827c601c05,2026-06-10T14:04:48.919Z,62,Hold & Wait,62118.5,v1.1,,scheduled_etl,ELIGIBLE_SCHEDULED,B,UNKNOWN,2,2,0,0,c29601abff2252a553ef12c5ed843ea705f9956f,h3.1-v1
2026-06-11,v1,DAILY_PRIMARY,earliest_eligible_scheduled,dd14e52fcadc94825b408c497141fa30ce37b239,ea442d9e9f3d1c1589b618fab645d1ecc801f853,2026-06-11T14:43:44.619Z,62,Hold & Wait,62810.75,v1.1,,scheduled_etl,ELIGIBLE_SCHEDULED,B,UNKNOWN,1,1,0,0,c29601abff2252a553ef12c5ed843ea705f9956f,h3.1-v1
2026-06-12,v1,DAILY_PRIMARY,earliest_eligible_scheduled,b7095deab742640eab0977b4c1e4612b96649a46,1dba207eb360b3df353901752a60866df3ebdff1,2026-06-12T14:12:25.912Z,60,Hold & Wait,63354.96,v1.1,,scheduled_etl,ELIGIBLE_SCHEDULED,B,UNKNOWN,1,1,0,0,c29601abff2252a553ef12c5ed843ea705f9956f,h3.1-v1
2026-06-13,v1,DAILY_PRIMARY,earliest_eligible_scheduled,94bf2f660d7949f06893c2471b04553f0cf9b766,02787e6f8b399eddd43a3bd16acc9ce410da1b28,2026-06-13T12:54:05.297Z,60,Hold & Wait,64045.62,v1.1,,scheduled_etl,ELIGIBLE_SCHEDULED,B,UNKNOWN,1,1,0,0,c29601abff2252a553ef12c5ed843ea705f9956f,h3.1-v1
2026-06-14,v1,DAILY_PRIMARY,earliest_eligible_scheduled,1660484c0044955ab109e285d50d5a7f9315d5f0,013be594022ce0a20ba9e3cdc58ba34e258ede77,2026-06-14T13:01:52.216Z,59,Hold & Wait,64294.23,v1.1,,scheduled_etl,ELIGIBLE_SCHEDULED,B,UNKNOWN,1,1,0,0,c29601abff2252a553ef12c5ed843ea705f9956f,h3.1-v1
2026-06-15,v1,DAILY_PRIMARY,earliest_eligible_scheduled,c053ca8c33e4ffb9654ecb55253d23a4f9e8ca6c,e699a4ed89ecd7fa8d645764d738dd3678b2bcb2,2026-06-15T16:20:14.508Z,59,Hold & Wait,67089.09,v1.1,,scheduled_etl,ELIGIBLE_SCHEDULED,B,UNKNOWN,1,1,0,0,c29601abff2252a553ef12c5ed843ea705f9956f,h3.1-v1
2026-06-16,v1,DAILY_PRIMARY,earliest_eligible_scheduled,aed85f8eeb1316d5642ec06bee5aca6be6a2fa84,e10d7083a7efa6befec202680fb736f30c02327a,2026-06-16T16:01:24.168Z,57,Hold & Wait,65837.01,v1.1,,scheduled_etl,ELIGIBLE_SCHEDULED,B,UNKNOWN,1,1,0,0,c29601abff2252a553ef12c5ed843ea705f9956f,h3.1-v1
2026-06-17,v1,DAILY_PRIMARY,earliest_eligible_scheduled,a1b5d8023ab9c38c5f9ef5cca6be8dc89858eda1,113e97ec7d417a00a4c2631a9f7486a96b832a47,2026-06-17T14:28:13.690Z,55,Hold & Wait,65117.98,v1.1,,scheduled_etl,ELIGIBLE_SCHEDULED,B,UNKNOWN,1,1,0,0,c29601abff2252a553ef12c5ed843ea705f9956f,h3.1-v1
2026-06-18,v1,DAILY_PRIMARY,earliest_eligible_scheduled,3f64c8a4f5bfbf55113e04a6f762384ad2393aae,8078c9af7079e2d12418cef83528df9e2f06d160,2026-06-18T14:14:49.315Z,55,Hold & Wait,63679.99,v1.1,,scheduled_etl,ELIGIBLE_SCHEDULED,B,UNKNOWN,1,1,0,0,c29601abff2252a553ef12c5ed843ea705f9956f,h3.1-v1
2026-06-19,v1,DAILY_PRIMARY,earliest_eligible_scheduled,661d551b0722e08aab71cd216487a20f8d6f9fc1,2ec5b24cb09f1a168a1ab87e127d716af612e314,2026-06-19T14:15:14.758Z,56,Hold & Wait,63012.85,v1.1,,scheduled_etl,ELIGIBLE_SCHEDULED,B,UNKNOWN,1,1,0,0,c29601abff2252a553ef12c5ed843ea705f9956f,h3.1-v1
2026-06-20,v1,NO_DAILY_PRIMARY,no_committed_candidate,,,,,,,,,,,,UNKNOWN,0,0,0,0,c29601abff2252a553ef12c5ed843ea705f9956f,h3.1-v1
2026-06-21,v1,DAILY_PRIMARY,earliest_eligible_scheduled,ab0dd0798b6739d880d16c96e68e0733275e0697,9a0bb189ec6d1a8f88afec38f346b4fb0ec87c9e,2026-06-21T14:55:25.525Z,58,Hold & Wait,64006.2,v1.1,,scheduled_etl,ELIGIBLE_SCHEDULED,B,UNKNOWN,1,1,0,0,c29601abff2252a553ef12c5ed843ea705f9956f,h3.1-v1
2026-06-22,v1,DAILY_PRIMARY,earliest_eligible_scheduled,b5eda7f17ba2eb4c153163dfd874287933098561,d76f8a6b1c82eea4475aea2ff595c708589ecffa,2026-06-22T15:58:04.659Z,58,Hold & Wait,64691.58,v1.1,,scheduled_etl,ELIGIBLE_SCHEDULED,B,UNKNOWN,1,1,0,0,c29601abff2252a553ef12c5ed843ea705f9956f,h3.1-v1
2026-06-23,v1,DAILY_PRIMARY,earliest_eligible_scheduled,2b144e089d1f245ace7f161c1b8bfaad4833dac3,d733a4f7fb7955d1f858d800a2be9e5941076603,2026-06-23T13:44:57.648Z,56,Hold & Wait,62266.47,v1.1,,scheduled_etl,ELIGIBLE_SCHEDULED,B,UNKNOWN,1,1,0,0,c29601abff2252a553ef12c5ed843ea705f9956f,h3.1-v1
2026-06-24,v1,DAILY_PRIMARY,earliest_eligible_scheduled,d1f3ac1b35ba82f1ac5d195b4cd9d3010bb9047a,1a10f316b607d2e0cdf09110cf6c70c157a54145,2026-06-24T13:26:19.613Z,57,Hold & Wait,61737.7,v1.1,,scheduled_etl,ELIGIBLE_SCHEDULED,B,UNKNOWN,1,1,0,0,c29601abff2252a553ef12c5ed843ea705f9956f,h3.1-v1
2026-06-25,v1,DAILY_PRIMARY,earliest_eligible_scheduled,881126947e4aa207342e7ade47c6cc6512a4a662,211195448b2187ffdccbd2c94c65801376777465,2026-06-25T13:23:25.374Z,58,Hold & Wait,61142.15,v1.1,,scheduled_etl,ELIGIBLE_SCHEDULED,B,UNKNOWN,1,1,0,0,c29601abff2252a553ef12c5ed843ea705f9956f,h3.1-v1
2026-06-26,v1,DAILY_PRIMARY,earliest_eligible_scheduled,76f6fd5b0d94d757a1c24f2765d47389eabd4568,fd8a21350374dfdab2a4be01ceacdd8cb110ecad,2026-06-26T13:15:38.871Z,57,Hold & Wait,59070.23,v1.1,,scheduled_etl,ELIGIBLE_SCHEDULED,B,UNKNOWN,1,1,0,0,c29601abff2252a553ef12c5ed843ea705f9956f,h3.1-v1
2026-06-27,v1,DAILY_PRIMARY,earliest_eligible_scheduled,447c555211f6008387ed7c170a64965c57559d5a,7d3eb669195c4515ab74d99a9ac568c8e79446f5,2026-06-27T12:12:00.406Z,59,Hold & Wait,60217.77,v1.1,,scheduled_etl,ELIGIBLE_SCHEDULED,B,UNKNOWN,1,1,0,0,c29601abff2252a553ef12c5ed843ea705f9956f,h3.1-v1
2026-06-28,v1,DAILY_PRIMARY,earliest_eligible_scheduled,7a6c43ee02f8a56298e1b6e021f2f306d036a87f,4729fa5fb6f4607ee953daac956fb6331fae966b,2026-06-28T12:19:20.892Z,61,Hold & Wait,60122.55,v1.1,,scheduled_etl,ELIGIBLE_SCHEDULED,B,UNKNOWN,1,1,0,0,c29601abff2252a553ef12c5ed843ea705f9956f,h3.1-v1
2026-06-29,v1,DAILY_PRIMARY,earliest_eligible_scheduled,8343718d1b89b3284ec4f7d9bd6c46d0315787cb,7bb844553077614bfd85e16bd344abd61fcd0587,2026-06-29T14:50:25.460Z,61,Hold & Wait,59148.67,v1.1,,scheduled_etl,ELIGIBLE_SCHEDULED,B,UNKNOWN,1,1,0,0,c29601abff2252a553ef12c5ed843ea705f9956f,h3.1-v1
2026-06-30,v1,DAILY_PRIMARY,earliest_eligible_scheduled,90f6fd012ae33450cef2b931aee524fb23055299,62759c967cfae90992a6064ffab42cd7762a4f0d,2026-06-30T13:11:15.728Z,59,Hold & Wait,58507.9,v1.1,,scheduled_etl,ELIGIBLE_SCHEDULED,B,UNKNOWN,1,1,0,0,c29601abff2252a553ef12c5ed843ea705f9956f,h3.1-v1
2026-07-01,v1,DAILY_PRIMARY,earliest_eligible_scheduled,3a5d806bba33adc9f08fef76fc782fc9a67db214,ab88441c175765e019807a5fbce9c640b7b45dc8,2026-07-01T13:36:06.684Z,58,Hold & Wait,58706.56,v1.1,,scheduled_etl,ELIGIBLE_SCHEDULED,B,UNKNOWN,1,1,0,0,c29601abff2252a553ef12c5ed843ea705f9956f,h3.1-v1
2026-07-02,v1,DAILY_PRIMARY,earliest_eligible_scheduled,f48b7580875027275a040c232764e24f8bb77a39,77bde051b80fa0ef18eb47c1905494b2a016150f,2026-07-02T13:01:33.296Z,56,Hold & Wait,61497.04,v1.1,,scheduled_etl,ELIGIBLE_SCHEDULED,B,UNKNOWN,1,1,0,0,c29601abff2252a553ef12c5ed843ea705f9956f,h3.1-v1
2026-07-03,v1,DAILY_PRIMARY,earliest_eligible_scheduled,408609b5cb0f72fc7d9f70c0fc29df583bde7df1,439843d25e5aa746cb48040b960643d9f153223c,2026-07-03T13:00:58.701Z,56,Hold & Wait,61904.83,v1.1,,scheduled_etl,ELIGIBLE_SCHEDULED,B,UNKNOWN,1,1,0,0,c29601abff2252a553ef12c5ed843ea705f9956f,h3.1-v1
2026-07-04,v1,DAILY_PRIMARY,earliest_eligible_scheduled,059c3b1220fc618435215e2c305901f484769dad,ff4f34c294f4b6e0d8a2be67542b186bfcf93e8e,2026-07-04T12:10:29.891Z,58,Hold & Wait,62499.74,v1.1,,scheduled_etl,ELIGIBLE_SCHEDULED,B,UNKNOWN,1,1,0,0,c29601abff2252a553ef12c5ed843ea705f9956f,h3.1-v1
2026-07-05,v1,DAILY_PRIMARY,earliest_eligible_scheduled,10ce71a393973ce9ac021c48ba73352f0c7cfab9,37221b653533789493e8eedfad291fb741aa5c81,2026-07-05T12:21:29.762Z,57,Hold & Wait,62587.12,v1.1,,scheduled_etl,ELIGIBLE_SCHEDULED,B,UNKNOWN,1,1,0,0,c29601abff2252a553ef12c5ed843ea705f9956f,h3.1-v1
2026-07-06,v1,DAILY_PRIMARY,earliest_eligible_scheduled,f090ab4d0c8079f774033758819f6f0b9e88dd42,3e87d3bc9a9e2890d5925438bde00a20ced21d4a,2026-07-06T14:31:22.564Z,57,Hold & Wait,62046,v1.1,,scheduled_etl,ELIGIBLE_SCHEDULED,B,UNKNOWN,1,1,0,0,c29601abff2252a553ef12c5ed843ea705f9956f,h3.1-v1
2026-07-07,v1,DAILY_PRIMARY,earliest_eligible_scheduled,2bfe4fd2db2367a3267bd79e657b8c78c0ce1925,6b90c64eeef4e48341ab40e33e71d4305f4b7f04,2026-07-07T13:23:55.928Z,57,Hold & Wait,63191.06,v1.1,,scheduled_etl,ELIGIBLE_SCHEDULED,B,UNKNOWN,1,1,0,0,c29601abff2252a553ef12c5ed843ea705f9956f,h3.1-v1
2026-07-08,v1,DAILY_PRIMARY,earliest_eligible_scheduled,c3e04b0d302e437d58f828539e522ceffa81ba34,b157ca7ef6f3d7ea5fcf507ec9cfcacff245c3d1,2026-07-08T12:25:14.925Z,55,Hold & Wait,62215.7,v1.1,,scheduled_etl,ELIGIBLE_SCHEDULED,B,UNKNOWN,1,1,0,0,c29601abff2252a553ef12c5ed843ea705f9956f,h3.1-v1
2026-07-09,v1,DAILY_PRIMARY,earliest_eligible_scheduled,39509981994ef8d012148818a13fe88530a8a3c4,3c5aaf7b3df4497ee005501a81773feb4b841bd9,2026-07-09T13:52:20.279Z,55,Hold & Wait,62891.89,v1.1,,scheduled_etl,ELIGIBLE_SCHEDULED,B,UNKNOWN,1,1,0,0,c29601abff2252a553ef12c5ed843ea705f9956f,h3.1-v1
2026-07-10,v1,DAILY_PRIMARY,earliest_eligible_scheduled,85c3530dfd4b07c98876c507ede059dc9135e312,d061cf748b0caf1a1b1b2aaeb9ce213841985305,2026-07-10T13:16:17.306Z,48,Moderate Buying,64191.59,v1.1,,scheduled_etl,ELIGIBLE_SCHEDULED,B,UNKNOWN,1,1,0,0,c29601abff2252a553ef12c5ed843ea705f9956f,h3.1-v1
2026-07-11,v1,DAILY_PRIMARY,earliest_eligible_scheduled,6c39b632dc5c26495c0c4e65ae1592688235ffeb,9b795a67ddec05290d0deb12e41e4823d90f2b5c,2026-07-11T11:56:53.556Z,49,Moderate Buying,64134.25,v1.1,,scheduled_etl,ELIGIBLE_SCHEDULED,B,UNKNOWN,1,1,0,0,c29601abff2252a553ef12c5ed843ea705f9956f,h3.1-v1
2026-07-12,v1,DAILY_PRIMARY,earliest_eligible_scheduled,73b71bbed38e0efa75fd3792c3d55ec0c952b79f,72fdd054e6653eca806eaf83d31510f6999ccb81,2026-07-12T12:04:04.165Z,49,Moderate Buying,63941.07,v1.1,,scheduled_etl,ELIGIBLE_SCHEDULED,B,UNKNOWN,1,1,0,0,c29601abff2252a553ef12c5ed843ea705f9956f,h3.1-v1
2026-07-13,v1,DAILY_PRIMARY,earliest_eligible_scheduled,bc40ee68e10976e2b0b68437a11681af27ab8054,b5e3274e24f59011dce2d41df7b017e9852abf3a,2026-07-13T13:28:21.243Z,50,Hold & Wait,62472.4,v1.1,,scheduled_etl,ELIGIBLE_SCHEDULED,B,UNKNOWN,1,1,0,0,c29601abff2252a553ef12c5ed843ea705f9956f,h3.1-v1
2026-07-14,v1,DAILY_PRIMARY,earliest_eligible_scheduled,3e08d375545483361132c278e971d8075b956601,2d15e76100e36a793db47b46c83c0524c22454b6,2026-07-14T12:19:15.350Z,56,Hold & Wait,62808.12,v1.1,,scheduled_etl,ELIGIBLE_SCHEDULED,B,UNKNOWN,1,1,0,0,c29601abff2252a553ef12c5ed843ea705f9956f,h3.1-v1
2026-07-15,v1,DAILY_PRIMARY,earliest_eligible_scheduled,fd8fd9e4a37f2bd1e1843d580c10b8a37aa04ec6,29ce3800d215e741238abdc486e8bf0b0d662013,2026-07-15T12:20:27.379Z,58,Hold & Wait,64657.56,v1.1,,scheduled_etl,ELIGIBLE_SCHEDULED,B,UNKNOWN,1,1,0,0,c29601abff2252a553ef12c5ed843ea705f9956f,h3.1-v1
2026-07-16,v1,DAILY_PRIMARY,earliest_eligible_scheduled,a816a3e0f705737637ed2fb69a873f5b63cb6dd9,0d670d3d14dd441554cebad637568a366d39b13a,2026-07-16T12:24:29.078Z,56,Hold & Wait,64111.98,v1.1,,scheduled_etl,ELIGIBLE_SCHEDULED,B,UNKNOWN,1,1,0,0,c29601abff2252a553ef12c5ed843ea705f9956f,h3.1-v1
2026-07-17,v1,DAILY_PRIMARY,earliest_eligible_scheduled,e32e271953d1237217e6905b1f5efb67200d6d22,3a8bbc141d9b477e6d40ad0ed9a83615bda9f09a,2026-07-17T12:14:47.318Z,56,Hold & Wait,63179.93,v1.1,,scheduled_etl,ELIGIBLE_SCHEDULED,B,UNKNOWN,1,1,0,0,c29601abff2252a553ef12c5ed843ea705f9956f,h3.1-v1
2026-07-18,v1,DAILY_PRIMARY,earliest_eligible_scheduled,fb327b4079664c5f7a9768bd4b9e7546a163e251,8a76c0331fe563fc075ce9dc847511f7d1e2d0de,2026-07-18T11:57:32.018Z,57,Hold & Wait,63977.65,v1.1,,scheduled_etl,ELIGIBLE_SCHEDULED,B,UNKNOWN,1,1,0,0,c29601abff2252a553ef12c5ed843ea705f9956f,h3.1-v1
2026-07-19,v1,DAILY_PRIMARY,earliest_eligible_scheduled,f184aad9ecf7d2d1507ba513eadf26611c8abdf4,75afbe138d47af4c5ebda4c2df11301db4486c79,2026-07-19T12:02:57.952Z,58,Hold & Wait,64400.01,v1.1,,scheduled_etl,ELIGIBLE_SCHEDULED,B,UNKNOWN,1,1,0,0,c29601abff2252a553ef12c5ed843ea705f9956f,h3.1-v1
2026-07-20,v1,DAILY_PRIMARY,earliest_eligible_scheduled,645ce2af0e82c790f37baa973914dd5faa747bb3,0979f592ba185574bd8d9e519acc7ce55c47d79b,2026-07-20T13:11:49.731Z,58,Hold & Wait,64656.19,v1.1,,scheduled_etl,ELIGIBLE_SCHEDULED,B,UNKNOWN,1,1,0,0,c29601abff2252a553ef12c5ed843ea705f9956f,h3.1-v1
2026-07-21,v1,DAILY_PRIMARY,earliest_eligible_scheduled,5fc6761fe6d3c19389730ac9312823d7c35f86e0,7f47e31a37da864f6afac717aa380d31b118250e,2026-07-21T12:26:19.986Z,58,Hold & Wait,66411.87,v1.1,,scheduled_etl,ELIGIBLE_SCHEDULED,B,UNKNOWN,1,1,0,0,c29601abff2252a553ef12c5ed843ea705f9956f,h3.1-v1
2026-07-22,v1,DAILY_PRIMARY,earliest_eligible_scheduled,bd25affbb8acc5fa118b0d32a7567fa2cf9da817,4f9a9fce296bb742985af389fe9a72bdca6f467e,2026-07-22T12:43:44.658Z,57,Hold & Wait,65778.89,v1.1,,scheduled_etl,ELIGIBLE_SCHEDULED,B,UNKNOWN,1,1,0,0,c29601abff2252a553ef12c5ed843ea705f9956f,h3.1-v1
2026-07-23,v1,DAILY_PRIMARY,earliest_eligible_scheduled,d4d01923b0881ccd709240ec68dc2e90f4e2c296,b094190e2fa16bb374b46fcc211bb5e4d50e7850,2026-07-23T12:27:15.244Z,55,Hold & Wait,65400.79,v1.1,,scheduled_etl,ELIGIBLE_SCHEDULED,B,UNKNOWN,1,1,0,0,c29601abff2252a553ef12c5ed843ea705f9956f,h3.1-v1
2026-07-24,v1,DAILY_PRIMARY,earliest_eligible_scheduled,09d150b9f531d42e38be611f2191758109070fc8,eb7d2aa3952c6d55d52e935ca1b7823f1a88f2bc,2026-07-24T12:23:49.291Z,58,Hold & Wait,64981.18,v1.1,,scheduled_etl,ELIGIBLE_SCHEDULED,B,UNKNOWN,1,1,0,0,c29601abff2252a553ef12c5ed843ea705f9956f,h3.1-v1
2026-07-25,v1,DAILY_PRIMARY,earliest_eligible_scheduled,24d068783f9ecba9c31351b13c0035fee7765dad,f0bafe1fd0b028797925f85dc8614179534ae66d,2026-07-25T12:05:59.564Z,58,Hold & Wait,64016.48,v1.1,,scheduled_etl,ELIGIBLE_SCHEDULED,B,UNKNOWN,1,1,0,0,c29601abff2252a553ef12c5ed843ea705f9956f,h3.1-v1
2026-07-26,v1,DAILY_PRIMARY,earliest_eligible_scheduled,0db153fd2f5d88523c97b417a0db050659e050d8,1990046dfb78cf68407ffbb1eeb15e0c24391e19,2026-07-26T12:09:13.021Z,59,Hold & Wait,64590.31,v1.1,,scheduled_etl,ELIGIBLE_SCHEDULED,B,UNKNOWN,1,1,0,0,c29601abff2252a553ef12c5ed843ea705f9956f,h3.1-v1
2026-07-27,v1,DAILY_PRIMARY,earliest_eligible_scheduled,3a9588fdc6601431ef2dffd1f0e10a7b9c2fe03c,740e87ecef7021afd7a431784901374cb0c905d3,2026-07-27T13:42:20.523Z,60,Hold & Wait,65497.99,v1.1,,scheduled_etl,ELIGIBLE_SCHEDULED,B,UNKNOWN,1,1,0,0,c29601abff2252a553ef12c5ed843ea705f9956f,h3.1-v1
2026-07-28,v1,DAILY_PRIMARY,earliest_eligible_scheduled,3daa33b541db06256d31bfb911eb6affa197f79d,4743ac76861ff94abf4754c1848553b89cad4918,2026-07-28T12:58:15.083Z,58,Hold & Wait,63468.71,v1.1,,scheduled_etl,ELIGIBLE_SCHEDULED,B,UNKNOWN,1,1,0,0,c29601abff2252a553ef12c5ed843ea705f9956f,h3.1-v1
2026-07-29,v1,DAILY_PRIMARY,earliest_eligible_scheduled,203f868413b5dec4bc2c166f979304f3695a6778,d16ab59d08dd39cf3ae08a31b43cc061c98148a1,2026-07-29T13:04:59.716Z,59,Hold & Wait,64159.35,v1.1,,scheduled_etl,ELIGIBLE_SCHEDULED,B,UNKNOWN,1,1,0,0,c29601abff2252a553ef12c5ed843ea705f9956f,h3.1-v1
2026-07-30,v1,DAILY_PRIMARY,earliest_eligible_scheduled,4e4ffb26a8f50dbad90e87baacbd0f76a352c363,ff7ee5cb637e6c78732448d5e3bf6491dbe40d75,2026-07-30T12:49:25.347Z,57,Hold & Wait,64790.76,v1.1,,scheduled_etl,ELIGIBLE_SCHEDULED,B,UNKNOWN,1,1,0,0,c29601abff2252a553ef12c5ed843ea705f9956f,h3.1-v1
2026-07-31,v1,DAILY_PRIMARY,earliest_eligible_scheduled,46d9f15fd80ffbad3a926bd5a9e754293d950867,466c53cb343bdc80e452ad036b1e88a9f29b68af,2026-07-31T13:00:44.992Z,56,Hold & Wait,63674.57,v1.1,,scheduled_etl,ELIGIBLE_SCHEDULED,B,UNKNOWN,1,1,0,0,c29601abff2252a553ef12c5ed843ea705f9956f,h3.1-v1
2026-08-01,v1,DAILY_PRIMARY,earliest_eligible_scheduled,91fb03f190c3286f5d25c23b92ec54b80f7c5147,4d76f9c2ed00827cf9f9c8c48dff513a0138b043,2026-08-01T12:05:37.972Z,56,Hold & Wait,63040.86,v1.1,,scheduled_etl,ELIGIBLE_SCHEDULED,B,UNKNOWN,1,1,0,0,c29601abff2252a553ef12c5ed843ea705f9956f,h3.1-v1
2026-08-02,v1,DAILY_PRIMARY,earliest_eligible_scheduled,1dbf77f8b2200bc43679764b04a5f2a6bbc2bce7,2d9dc161d187647a1bd9d47221195c80d77ebe1b,2026-08-02T12:07:47.285Z,53,Hold & Wait,63044.84,v1.1,,scheduled_etl,ELIGIBLE_SCHEDULED,B,UNKNOWN,1,1,0,0,c29601abff2252a553ef12c5ed843ea705f9956f,h3.1-v1
2026-08-03,v1,DAILY_PRIMARY,earliest_eligible_scheduled,188ed2c0759c4fa417ed0306dfb73bd8f496be71,eb8bd2b5458dbf7ef35faed5a20d9ddc9c8861fb,2026-08-03T13:44:53.588Z,53,Hold & Wait,62799.94,v1.1,,scheduled_etl,ELIGIBLE_SCHEDULED,B,UNKNOWN,1,1,0,0,c29601abff2252a553ef12c5ed843ea705f9956f,h3.1-v1
2026-08-04,v1,DAILY_PRIMARY,earliest_eligible_scheduled,1805e8f95cc0c0186b147c63c9dea7c0ce16d95a,271429374844d8a6aef744907fb625ea63919796,2026-08-04T13:06:11.041Z,54,Hold & Wait,63869.26,v1.1,,scheduled_etl,ELIGIBLE_SCHEDULED,B,UNKNOWN,1,1,0,0,c29601abff2252a553ef12c5ed843ea705f9956f,h3.1-v1
2026-08-05,v1,DAILY_PRIMARY,earliest_eligible_scheduled,7c006cb769a5491f37c2afdab71a418d557ef2e5,96849281f9a2fddba318394d5b23725e02b3560d,2026-08-05T12:59:02.632Z,54,Hold & Wait,64319.84,v1.1,,scheduled_etl,ELIGIBLE_SCHEDULED,B,UNKNOWN,1,1,0,0,c29601abff2252a553ef12c5ed843ea705f9956f,h3.1-v1
2026-08-06,v1,DAILY_PRIMARY,earliest_eligible_scheduled,092d094b828e3f62e46409337a88e8c37018c7ab,647bfd16fff03734e15ddf28bf5adab90a52164e,2026-08-06T13:00:18.038Z,51,Hold & Wait,64356.15,v1.1,,scheduled_etl,ELIGIBLE_SCHEDULED,B,UNKNOWN,1,1,0,0,c29601abff2252a553ef12c5ed843ea705f9956f,h3.1-v1
2026-08-07,v1,DAILY_PRIMARY,earliest_eligible_scheduled,522b305ee16516a337a70ae88687b6dabeee384e,2a6805f39b35cad3b78365329301d3b7e054715c,2026-08-07T11:50:35.273Z,51,Hold & Wait,64989.85,v1.1,,scheduled_etl,ELIGIBLE_SCHEDULED,B,UNKNOWN,1,1,0,0,c29601abff2252a553ef12c5ed843ea705f9956f,h3.1-v1
2026-08-08,v1,DAILY_PRIMARY,earliest_eligible_scheduled,af4146a98403e4fc6e0df2f288b5ab09c086e2ce,c6acf252fbd1649f1e950802ae78ae1405cd1bf7,2026-08-08T11:34:39.477Z,51,Hold & Wait,64939.48,v1.1,,scheduled_etl,ELIGIBLE_SCHEDULED,B,UNKNOWN,1,1,0,0,c29601abff2252a553ef12c5ed843ea705f9956f,h3.1-v1
2026-08-09,v1,DAILY_PRIMARY,earliest_eligible_scheduled,2331b89e73df632a67b848defa1fb4be4e3fa648,6a716e14b6b5b8c4b815e95f5988f2f05f46a4e8,2026-08-09T11:35:37.859Z,53,Hold & Wait,64935.49,v1.1,,scheduled_etl,ELIGIBLE_SCHEDULED,B,UNKNOWN,1,1,0,0,c29601abff2252a553ef12c5ed843ea705f9956f,h3.1-v1
2026-08-10,v1,DAILY_PRIMARY,earliest_eligible_scheduled,d6223ff888dd83604947e2cacb2835197b3adf0a,5f4bec7af4814e72d16ce267d5401e8212a25beb,2026-08-10T11:52:51.239Z,52,Hold & Wait,65021.85,v1.1,,scheduled_etl,ELIGIBLE_SCHEDULED,B,UNKNOWN,1,1,0,0,c29601abff2252a553ef12c5ed843ea705f9956f,h3.1-v1
2026-08-11,v1,DAILY_PRIMARY,earliest_eligible_scheduled,f5f3f9f302bf118c92507244a1c210a652aed36b,e25a506e35fa6fcad2418c72426a28c0588990b5,2026-08-11T11:49:40.211Z,49,Moderate Buying,64287.12,v1.1,,scheduled_etl,ELIGIBLE_SCHEDULED,B,UNKNOWN,1,1,0,0,c29601abff2252a553ef12c5ed843ea705f9956f,h3.1-v1
2026-08-12,v1,DAILY_PRIMARY,earliest_eligible_scheduled,dcf54e866f1976ead019b5a626f1b3b4cc9fbbaa,e2c83f2e839d834e49f949b555b68420258daf3f,2026-08-12T11:52:41.908Z,53,Hold & Wait,64182.45,v1.1,,scheduled_etl,ELIGIBLE_SCHEDULED,B,UNKNOWN,1,1,0,0,c29601abff2252a553ef12c5ed843ea705f9956f,h3.1-v1
2026-08-13,v1,DAILY_PRIMARY,earliest_eligible_scheduled,9ce337924110c40acb05e39e7dd36e6e2d8fdcdf,f2ff4615da2b7fccf49fa512c0bbf17e335715b1,2026-08-13T11:53:06.305Z,55,Hold & Wait,63401.96,v1.1,,scheduled_etl,ELIGIBLE_SCHEDULED,B,UNKNOWN,1,1,0,0,c29601abff2252a553ef12c5ed843ea705f9956f,h3.1-v1
2026-08-14,v1,DAILY_PRIMARY,earliest_eligible_scheduled,ff8722e0261b4a207c01b0cbbf8bb3fd71c93ffe,56ec0993797f35768f6faac8a66031ab16308e94,2026-08-14T11:49:54.875Z,55,Hold & Wait,62789.12,v1.1,,scheduled_etl,ELIGIBLE_SCHEDULED,B,UNKNOWN,1,1,0,0,c29601abff2252a553ef12c5ed843ea705f9956f,h3.1-v1
2026-08-15,v1,DAILY_PRIMARY,earliest_eligible_scheduled,5c972fa7571360dcae530cd79dea5772ca3c36a9,723eaac39923baabc35e4ad5e934f2efdd14945b,2026-08-15T11:25:38.367Z,54,Hold & Wait,62963.58,v1.1,,scheduled_etl,ELIGIBLE_SCHEDULED,B,UNKNOWN,1,1,0,0,c29601abff2252a553ef12c5ed843ea705f9956f,h3.1-v1
2026-08-16,v1,DAILY_PRIMARY,earliest_eligible_scheduled,462a96322e28e6f7c61fe0555cbfc7b0019ba8d8,0032a72942f70cf26a5dc7ca66a8161bfc0db909,2026-08-16T11:25:56.794Z,54,Hold & Wait,62918.32,v1.1,,scheduled_etl,ELIGIBLE_SCHEDULED,B,UNKNOWN,1,1,0,0,c29601abff2252a553ef12c5ed843ea705f9956f,h3.1-v1
2026-08-17,v1,DAILY_PRIMARY,verified_recovery,82db3c2c0525aaa6dc1aa16932eabe143d7dff45,db789cd9c59b474044d428bfdccbe07312798236,2026-08-17T15:44:32.381Z,47,Moderate Buying,64048.58,v1.1.1,integrity-2026-08,verified_recovery,ELIGIBLE_VERIFIED_RECOVERY,A,UNKNOWN,1,0,1,0,c29601abff2252a553ef12c5ed843ea705f9956f,h3.1-v1
2026-08-18,v1,DAILY_PRIMARY,earliest_eligible_scheduled,d16a1a140930888a590eaa5f0a56a1c9830971b7,3e0c07ff08a236e59ad60e12373ff02eb138c7fb,2026-08-18T11:30:48.147Z,47,Moderate Buying,64317.37,v1.1.1,integrity-2026-08,scheduled_etl,ELIGIBLE_SCHEDULED,A,UNKNOWN,1,1,0,0,c29601abff2252a553ef12c5ed843ea705f9956f,h3.1-v1
