date_utc,close_usd,source,ingested_at_utc
2024-08-17,59497.49,coinbase_historical,2026-08-17T15:43:11.045Z
2024-08-18,58437.9,coinbase_historical,2026-08-17T15:43:11.045Z
2024-08-19,59452.67,coinbase_historical,2026-08-17T15:43:11.045Z
2024-08-20,59017.59,coinbase_historical,2026-08-17T15:43:11.045Z
2024-08-21,61163.28,coinbase_historical,2026-08-17T15:43:11.045Z
2024-08-22,60383.29,coinbase_historical,2026-08-17T15:43:11.045Z
2024-08-23,64086.72,coinbase_historical,2026-08-17T15:43:11.045Z
2024-08-24,64179.63,coinbase_historical,2026-08-17T15:43:11.045Z
2024-08-25,64251.93,coinbase_historical,2026-08-17T15:43:11.045Z
2024-08-26,62840,coinbase_historical,2026-08-17T15:43:11.045Z
2024-08-27,59439.64,coinbase_historical,2026-08-17T15:43:11.045Z
2024-08-28,59045.88,coinbase_historical,2026-08-17T15:43:11.045Z
2024-08-29,59364.47,coinbase_historical,2026-08-17T15:43:11.045Z
2024-08-30,59112.77,coinbase_historical,2026-08-17T15:43:11.045Z
2024-08-31,58968.37,coinbase_historical,2026-08-17T15:43:11.045Z
2024-09-01,57299,coinbase_historical,2026-08-17T15:43:11.045Z
2024-09-02,59139.83,coinbase_historical,2026-08-17T15:43:11.045Z
2024-09-03,57468.84,coinbase_historical,2026-08-17T15:43:11.045Z
2024-09-04,57971,coinbase_historical,2026-08-17T15:43:11.045Z
2024-09-05,56156.82,coinbase_historical,2026-08-17T15:43:11.045Z
2024-09-06,53950.01,coinbase_historical,2026-08-17T15:43:11.045Z
2024-09-07,54156.33,coinbase_historical,2026-08-17T15:43:11.045Z
2024-09-08,54881.11,coinbase_historical,2026-08-17T15:43:11.045Z
2024-09-09,57053.9,coinbase_historical,2026-08-17T15:43:11.045Z
2024-09-10,57645.59,coinbase_historical,2026-08-17T15:43:11.045Z
2024-09-11,57352.79,coinbase_historical,2026-08-17T15:43:11.045Z
2024-09-12,58137.54,coinbase_historical,2026-08-17T15:43:11.045Z
2024-09-13,60543.35,coinbase_historical,2026-08-17T15:43:11.045Z
2024-09-14,60012.35,coinbase_historical,2026-08-17T15:43:11.045Z
2024-09-15,59122.33,coinbase_historical,2026-08-17T15:43:11.045Z
2024-09-16,58208.75,coinbase_historical,2026-08-17T15:43:11.045Z
2024-09-17,60312.6,coinbase_historical,2026-08-17T15:43:11.045Z
2024-09-18,61769.18,coinbase_historical,2026-08-17T15:43:11.045Z
2024-09-19,62960.14,coinbase_historical,2026-08-17T15:43:11.045Z
2024-09-20,63210.69,coinbase_historical,2026-08-17T15:43:11.045Z
2024-09-21,63362.74,coinbase_historical,2026-08-17T15:43:11.045Z
2024-09-22,63577.66,coinbase_historical,2026-08-17T15:43:11.045Z
2024-09-23,63338.87,coinbase_historical,2026-08-17T15:43:11.045Z
2024-09-24,64272.93,coinbase_historical,2026-08-17T15:43:11.045Z
2024-09-25,63130.89,coinbase_historical,2026-08-17T15:43:11.045Z
2024-09-26,65177.21,coinbase_historical,2026-08-17T15:43:11.045Z
2024-09-27,65789,coinbase_historical,2026-08-17T15:43:11.045Z
2024-09-28,65858.99,coinbase_historical,2026-08-17T15:43:11.045Z
2024-09-29,65600.01,coinbase_historical,2026-08-17T15:43:11.045Z
2024-09-30,63301.25,coinbase_historical,2026-08-17T15:43:11.045Z
2024-10-01,60790,coinbase_historical,2026-08-17T15:43:11.045Z
2024-10-02,60631.37,coinbase_historical,2026-08-17T15:43:11.045Z
2024-10-03,60744.99,coinbase_historical,2026-08-17T15:43:11.045Z
2024-10-04,62090.71,coinbase_historical,2026-08-17T15:43:11.045Z
2024-10-05,62051.29,coinbase_historical,2026-08-17T15:43:11.045Z
2024-10-06,62810.86,coinbase_historical,2026-08-17T15:43:11.045Z
2024-10-07,62200.28,coinbase_historical,2026-08-17T15:43:11.045Z
2024-10-08,62122.02,coinbase_historical,2026-08-17T15:43:11.045Z
2024-10-09,60578.28,coinbase_historical,2026-08-17T15:43:11.045Z
2024-10-10,60279.53,coinbase_historical,2026-08-17T15:43:11.045Z
2024-10-11,62518.75,coinbase_historical,2026-08-17T15:43:11.045Z
2024-10-12,63187.47,coinbase_historical,2026-08-17T15:43:11.045Z
2024-10-13,62845.3,coinbase_historical,2026-08-17T15:43:11.045Z
2024-10-14,66065.65,coinbase_historical,2026-08-17T15:43:11.045Z
2024-10-15,67056.6,coinbase_historical,2026-08-17T15:43:11.045Z
2024-10-16,67608.44,coinbase_historical,2026-08-17T15:43:11.045Z
2024-10-17,67402.33,coinbase_historical,2026-08-17T15:43:11.045Z
2024-10-18,68426.11,coinbase_historical,2026-08-17T15:43:11.045Z
2024-10-19,68363.73,coinbase_historical,2026-08-17T15:43:11.045Z
2024-10-20,69014.86,coinbase_historical,2026-08-17T15:43:11.045Z
2024-10-21,67346.15,coinbase_historical,2026-08-17T15:43:11.045Z
2024-10-22,67380.08,coinbase_historical,2026-08-17T15:43:11.045Z
2024-10-23,66601.11,coinbase_historical,2026-08-17T15:43:11.045Z
2024-10-24,68156.84,coinbase_historical,2026-08-17T15:43:11.045Z
2024-10-25,66564.51,coinbase_historical,2026-08-17T15:43:11.045Z
2024-10-26,67012.56,coinbase_historical,2026-08-17T15:43:11.045Z
2024-10-27,67943.19,coinbase_historical,2026-08-17T15:43:11.045Z
2024-10-28,69924.5,coinbase_historical,2026-08-17T15:43:11.045Z
2024-10-29,72724.35,coinbase_historical,2026-08-17T15:43:11.045Z
2024-10-30,72322.91,coinbase_historical,2026-08-17T15:43:11.045Z
2024-10-31,70197.83,coinbase_historical,2026-08-17T15:43:11.045Z
2024-11-01,69467.29,coinbase_historical,2026-08-17T15:43:11.045Z
2024-11-02,69358.94,coinbase_historical,2026-08-17T15:43:11.045Z
2024-11-03,68738.18,coinbase_historical,2026-08-17T15:43:11.045Z
2024-11-04,67807.48,coinbase_historical,2026-08-17T15:43:11.045Z
2024-11-05,69380.73,coinbase_historical,2026-08-17T15:43:11.045Z
2024-11-06,75646.55,coinbase_historical,2026-08-17T15:43:11.045Z
2024-11-07,75920,coinbase_historical,2026-08-17T15:43:11.045Z
2024-11-08,76566.73,coinbase_historical,2026-08-17T15:43:11.045Z
2024-11-09,76716.06,coinbase_historical,2026-08-17T15:43:11.045Z
2024-11-10,80428.92,coinbase_historical,2026-08-17T15:43:11.045Z
2024-11-11,88770.73,coinbase_historical,2026-08-17T15:43:11.045Z
2024-11-12,88035.43,coinbase_historical,2026-08-17T15:43:11.045Z
2024-11-13,90493.82,coinbase_historical,2026-08-17T15:43:11.045Z
2024-11-14,87340.4,coinbase_historical,2026-08-17T15:43:11.045Z
2024-11-15,91058.36,coinbase_historical,2026-08-17T15:43:11.045Z
2024-11-16,90636.24,coinbase_historical,2026-08-17T15:43:11.045Z
2024-11-17,89886.69,coinbase_historical,2026-08-17T15:43:11.045Z
2024-11-18,90520.3,coinbase_historical,2026-08-17T15:43:11.045Z
2024-11-19,92435.89,coinbase_historical,2026-08-17T15:43:11.045Z
2024-11-20,94393.15,coinbase_historical,2026-08-17T15:43:11.045Z
2024-11-21,98439.09,coinbase_historical,2026-08-17T15:43:11.045Z
2024-11-22,99024.03,coinbase_historical,2026-08-17T15:43:11.045Z
2024-11-23,97778.77,coinbase_historical,2026-08-17T15:43:11.045Z
2024-11-24,98028.18,coinbase_historical,2026-08-17T15:43:11.045Z
2024-11-25,93000.01,coinbase_historical,2026-08-17T15:43:11.045Z
2024-11-26,91929.54,coinbase_historical,2026-08-17T15:43:11.045Z
2024-11-27,95951.19,coinbase_historical,2026-08-17T15:43:11.045Z
2024-11-28,95665.53,coinbase_historical,2026-08-17T15:43:11.045Z
2024-11-29,97490.56,coinbase_historical,2026-08-17T15:43:11.045Z
2024-11-30,96465.42,coinbase_historical,2026-08-17T15:43:11.045Z
2024-12-01,97263.18,coinbase_historical,2026-08-17T15:43:11.045Z
2024-12-02,95862.89,coinbase_historical,2026-08-17T15:43:11.045Z
2024-12-03,95924.52,coinbase_historical,2026-08-17T15:43:11.045Z
2024-12-04,98746.24,coinbase_historical,2026-08-17T15:43:11.045Z
2024-12-05,97044.23,coinbase_historical,2026-08-17T15:43:11.045Z
2024-12-06,99891.35,coinbase_historical,2026-08-17T15:43:11.045Z
2024-12-07,99929.32,coinbase_historical,2026-08-17T15:43:11.045Z
2024-12-08,101174.99,coinbase_historical,2026-08-17T15:43:11.045Z
2024-12-09,97324.81,coinbase_historical,2026-08-17T15:43:11.045Z
2024-12-10,96660.76,coinbase_historical,2026-08-17T15:43:11.045Z
2024-12-11,101202.11,coinbase_historical,2026-08-17T15:43:11.045Z
2024-12-12,100030.47,coinbase_historical,2026-08-17T15:43:11.045Z
2024-12-13,101428.75,coinbase_historical,2026-08-17T15:43:11.045Z
2024-12-14,101399.99,coinbase_historical,2026-08-17T15:43:11.045Z
2024-12-15,104447.76,coinbase_historical,2026-08-17T15:43:11.045Z
2024-12-16,106099.81,coinbase_historical,2026-08-17T15:43:11.045Z
2024-12-17,106136.99,coinbase_historical,2026-08-17T15:43:11.045Z
2024-12-18,100150.73,coinbase_historical,2026-08-17T15:43:11.045Z
2024-12-19,97372.21,coinbase_historical,2026-08-17T15:43:11.045Z
2024-12-20,97765,coinbase_historical,2026-08-17T15:43:11.045Z
2024-12-21,97230.08,coinbase_historical,2026-08-17T15:43:11.045Z
2024-12-22,95087.75,coinbase_historical,2026-08-17T15:43:11.045Z
2024-12-23,94764.56,coinbase_historical,2026-08-17T15:43:11.045Z
2024-12-24,98594.47,coinbase_historical,2026-08-17T15:43:11.045Z
2024-12-25,99346.28,coinbase_historical,2026-08-17T15:43:11.045Z
2024-12-26,95669.49,coinbase_historical,2026-08-17T15:43:11.045Z
2024-12-27,94171.89,coinbase_historical,2026-08-17T15:43:11.045Z
2024-12-28,95130.82,coinbase_historical,2026-08-17T15:43:11.045Z
2024-12-29,93563.35,coinbase_historical,2026-08-17T15:43:11.045Z
2024-12-30,92620.71,coinbase_historical,2026-08-17T15:43:11.045Z
2024-12-31,93354.22,coinbase_historical,2026-08-17T15:43:11.045Z
2025-01-01,94383.59,coinbase_historical,2026-08-17T15:43:11.045Z
2025-01-02,96903.19,coinbase_historical,2026-08-17T15:43:11.045Z
2025-01-03,98136.51,coinbase_historical,2026-08-17T15:43:11.045Z
2025-01-04,98209.85,coinbase_historical,2026-08-17T15:43:11.045Z
2025-01-05,98345.33,coinbase_historical,2026-08-17T15:43:11.045Z
2025-01-06,102279.41,coinbase_historical,2026-08-17T15:43:11.045Z
2025-01-07,96941.98,coinbase_historical,2026-08-17T15:43:11.045Z
2025-01-08,95036.63,coinbase_historical,2026-08-17T15:43:11.045Z
2025-01-09,92547.44,coinbase_historical,2026-08-17T15:43:11.045Z
2025-01-10,94701.18,coinbase_historical,2026-08-17T15:43:11.045Z
2025-01-11,94565.02,coinbase_historical,2026-08-17T15:43:11.045Z
2025-01-12,94509.62,coinbase_historical,2026-08-17T15:43:11.045Z
2025-01-13,94506.45,coinbase_historical,2026-08-17T15:43:11.045Z
2025-01-14,96534.96,coinbase_historical,2026-08-17T15:43:11.045Z
2025-01-15,100510.23,coinbase_historical,2026-08-17T15:43:11.045Z
2025-01-16,99981.78,coinbase_historical,2026-08-17T15:43:11.045Z
2025-01-17,104107,coinbase_historical,2026-08-17T15:43:11.045Z
2025-01-18,104435,coinbase_historical,2026-08-17T15:43:11.045Z
2025-01-19,101211.13,coinbase_historical,2026-08-17T15:43:11.045Z
2025-01-20,102145.43,coinbase_historical,2026-08-17T15:43:11.045Z
2025-01-21,106159.26,coinbase_historical,2026-08-17T15:43:11.045Z
2025-01-22,103667.11,coinbase_historical,2026-08-17T15:43:11.045Z
2025-01-23,103926.36,coinbase_historical,2026-08-17T15:43:11.045Z
2025-01-24,104850.27,coinbase_historical,2026-08-17T15:43:11.045Z
2025-01-25,104733.56,coinbase_historical,2026-08-17T15:43:11.045Z
2025-01-26,102563,coinbase_historical,2026-08-17T15:43:11.045Z
2025-01-27,102062.42,coinbase_historical,2026-08-17T15:43:11.045Z
2025-01-28,101290,coinbase_historical,2026-08-17T15:43:11.045Z
2025-01-29,103747.25,coinbase_historical,2026-08-17T15:43:11.045Z
2025-01-30,104742.64,coinbase_historical,2026-08-17T15:43:11.045Z
2025-01-31,102411.26,coinbase_historical,2026-08-17T15:43:11.045Z
2025-02-01,100623.85,coinbase_historical,2026-08-17T15:43:11.045Z
2025-02-02,97676.52,coinbase_historical,2026-08-17T15:43:11.045Z
2025-02-03,101460.2,coinbase_historical,2026-08-17T15:43:11.045Z
2025-02-04,97795.05,coinbase_historical,2026-08-17T15:43:11.045Z
2025-02-05,96638.33,coinbase_historical,2026-08-17T15:43:11.045Z
2025-02-06,96564.62,coinbase_historical,2026-08-17T15:43:11.045Z
2025-02-07,96537.08,coinbase_historical,2026-08-17T15:43:11.045Z
2025-02-08,96476.25,coinbase_historical,2026-08-17T15:43:11.045Z
2025-02-09,96475.82,coinbase_historical,2026-08-17T15:43:11.045Z
2025-02-10,97444.41,coinbase_historical,2026-08-17T15:43:11.045Z
2025-02-11,95774.08,coinbase_historical,2026-08-17T15:43:11.045Z
2025-02-12,97862.53,coinbase_historical,2026-08-17T15:43:11.045Z
2025-02-13,96625.29,coinbase_historical,2026-08-17T15:43:11.045Z
2025-02-14,97509.03,coinbase_historical,2026-08-17T15:43:11.045Z
2025-02-15,97596.94,coinbase_historical,2026-08-17T15:43:11.045Z
2025-02-16,96119.88,coinbase_historical,2026-08-17T15:43:11.045Z
2025-02-17,95781.8,coinbase_historical,2026-08-17T15:43:11.045Z
2025-02-18,95607.4,coinbase_historical,2026-08-17T15:43:11.045Z
2025-02-19,96632.03,coinbase_historical,2026-08-17T15:43:11.045Z
2025-02-20,98347.2,coinbase_historical,2026-08-17T15:43:11.045Z
2025-02-21,96157.03,coinbase_historical,2026-08-17T15:43:11.045Z
2025-02-22,96582.12,coinbase_historical,2026-08-17T15:43:11.045Z
2025-02-23,96265.98,coinbase_historical,2026-08-17T15:43:11.045Z
2025-02-24,91510.82,coinbase_historical,2026-08-17T15:43:11.045Z
2025-02-25,88583.74,coinbase_historical,2026-08-17T15:43:11.045Z
2025-02-26,84111.78,coinbase_historical,2026-08-17T15:43:11.045Z
2025-02-27,84625.19,coinbase_historical,2026-08-17T15:43:11.045Z
2025-02-28,84297.73,coinbase_historical,2026-08-17T15:43:11.045Z
2025-03-01,86018.76,coinbase_historical,2026-08-17T15:43:11.045Z
2025-03-02,94265.48,coinbase_historical,2026-08-17T15:43:11.045Z
2025-03-03,86161.1,coinbase_historical,2026-08-17T15:43:11.045Z
2025-03-04,87249.96,coinbase_historical,2026-08-17T15:43:11.045Z
2025-03-05,90603.73,coinbase_historical,2026-08-17T15:43:11.045Z
2025-03-06,89921.85,coinbase_historical,2026-08-17T15:43:11.045Z
2025-03-07,86756.98,coinbase_historical,2026-08-17T15:43:11.045Z
2025-03-08,86206.69,coinbase_historical,2026-08-17T15:43:11.045Z
2025-03-09,80699.17,coinbase_historical,2026-08-17T15:43:11.045Z
2025-03-10,78544.71,coinbase_historical,2026-08-17T15:43:11.045Z
2025-03-11,82914.51,coinbase_historical,2026-08-17T15:43:11.045Z
2025-03-12,83659.43,coinbase_historical,2026-08-17T15:43:11.045Z
2025-03-13,81073.43,coinbase_historical,2026-08-17T15:43:11.045Z
2025-03-14,83980.49,coinbase_historical,2026-08-17T15:43:11.045Z
2025-03-15,84351.46,coinbase_historical,2026-08-17T15:43:11.045Z
2025-03-16,82562.57,coinbase_historical,2026-08-17T15:43:11.045Z
2025-03-17,84011.4,coinbase_historical,2026-08-17T15:43:11.045Z
2025-03-18,82698.76,coinbase_historical,2026-08-17T15:43:11.045Z
2025-03-19,86877.96,coinbase_historical,2026-08-17T15:43:11.045Z
2025-03-20,84183.42,coinbase_historical,2026-08-17T15:43:11.045Z
2025-03-21,84061.96,coinbase_historical,2026-08-17T15:43:11.045Z
2025-03-22,83852.03,coinbase_historical,2026-08-17T15:43:11.045Z
2025-03-23,86092.94,coinbase_historical,2026-08-17T15:43:11.045Z
2025-03-24,87523.62,coinbase_historical,2026-08-17T15:43:11.045Z
2025-03-25,87427.88,coinbase_historical,2026-08-17T15:43:11.045Z
2025-03-26,86926.01,coinbase_historical,2026-08-17T15:43:11.045Z
2025-03-27,87217.48,coinbase_historical,2026-08-17T15:43:11.045Z
2025-03-28,84381.8,coinbase_historical,2026-08-17T15:43:11.045Z
2025-03-29,82616.83,coinbase_historical,2026-08-17T15:43:11.045Z
2025-03-30,82379.98,coinbase_historical,2026-08-17T15:43:11.045Z
2025-03-31,82534.32,coinbase_historical,2026-08-17T15:43:11.045Z
2025-04-01,85170.37,coinbase_historical,2026-08-17T15:43:11.045Z
2025-04-02,82490.08,coinbase_historical,2026-08-17T15:43:11.045Z
2025-04-03,83174.33,coinbase_historical,2026-08-17T15:43:11.045Z
2025-04-04,83860.16,coinbase_historical,2026-08-17T15:43:11.045Z
2025-04-05,83498.25,coinbase_historical,2026-08-17T15:43:11.045Z
2025-04-06,78370.75,coinbase_historical,2026-08-17T15:43:11.045Z
2025-04-07,79140.01,coinbase_historical,2026-08-17T15:43:11.045Z
2025-04-08,76251.64,coinbase_historical,2026-08-17T15:43:11.045Z
2025-04-09,82594.75,coinbase_historical,2026-08-17T15:43:11.045Z
2025-04-10,79552.34,coinbase_historical,2026-08-17T15:43:11.045Z
2025-04-11,83380.47,coinbase_historical,2026-08-17T15:43:11.045Z
2025-04-12,85271.01,coinbase_historical,2026-08-17T15:43:11.045Z
2025-04-13,83733.07,coinbase_historical,2026-08-17T15:43:11.045Z
2025-04-14,84590.36,coinbase_historical,2026-08-17T15:43:11.045Z
2025-04-15,83629.78,coinbase_historical,2026-08-17T15:43:11.045Z
2025-04-16,84028.72,coinbase_historical,2026-08-17T15:43:11.045Z
2025-04-17,84961.97,coinbase_historical,2026-08-17T15:43:11.045Z
2025-04-18,84466.47,coinbase_historical,2026-08-17T15:43:11.045Z
2025-04-19,85074.99,coinbase_historical,2026-08-17T15:43:11.045Z
2025-04-20,85177.34,coinbase_historical,2026-08-17T15:43:11.045Z
2025-04-21,87522.07,coinbase_historical,2026-08-17T15:43:11.045Z
2025-04-22,93489.1,coinbase_historical,2026-08-17T15:43:11.045Z
2025-04-23,93740.92,coinbase_historical,2026-08-17T15:43:11.045Z
2025-04-24,94021.96,coinbase_historical,2026-08-17T15:43:11.045Z
2025-04-25,94708.79,coinbase_historical,2026-08-17T15:43:11.045Z
2025-04-26,94666.64,coinbase_historical,2026-08-17T15:43:11.045Z
2025-04-27,93780.57,coinbase_historical,2026-08-17T15:43:11.045Z
2025-04-28,95042.57,coinbase_historical,2026-08-17T15:43:11.045Z
2025-04-29,94271.09,coinbase_historical,2026-08-17T15:43:11.045Z
2025-04-30,94182.54,coinbase_historical,2026-08-17T15:43:11.045Z
2025-05-01,96524.98,coinbase_historical,2026-08-17T15:43:11.045Z
2025-05-02,96929.81,coinbase_historical,2026-08-17T15:43:11.045Z
2025-05-03,95861.33,coinbase_historical,2026-08-17T15:43:11.045Z
2025-05-04,94272.55,coinbase_historical,2026-08-17T15:43:11.045Z
2025-05-05,94733.99,coinbase_historical,2026-08-17T15:43:11.045Z
2025-05-06,96839.17,coinbase_historical,2026-08-17T15:43:11.045Z
2025-05-07,97058.32,coinbase_historical,2026-08-17T15:43:11.045Z
2025-05-08,103253.49,coinbase_historical,2026-08-17T15:43:11.045Z
2025-05-09,102986.96,coinbase_historical,2026-08-17T15:43:11.045Z
2025-05-10,104821.19,coinbase_historical,2026-08-17T15:43:11.045Z
2025-05-11,104137.62,coinbase_historical,2026-08-17T15:43:11.045Z
2025-05-12,102800.21,coinbase_historical,2026-08-17T15:43:11.045Z
2025-05-13,104131.06,coinbase_historical,2026-08-17T15:43:11.045Z
2025-05-14,103545.38,coinbase_historical,2026-08-17T15:43:11.045Z
2025-05-15,103786.43,coinbase_historical,2026-08-17T15:43:11.045Z
2025-05-16,103500.03,coinbase_historical,2026-08-17T15:43:11.045Z
2025-05-17,103161.07,coinbase_historical,2026-08-17T15:43:11.045Z
2025-05-18,106473.46,coinbase_historical,2026-08-17T15:43:11.045Z
2025-05-19,105616.18,coinbase_historical,2026-08-17T15:43:11.045Z
2025-05-20,106883.24,coinbase_historical,2026-08-17T15:43:11.045Z
2025-05-21,109699.54,coinbase_historical,2026-08-17T15:43:11.045Z
2025-05-22,111722.53,coinbase_historical,2026-08-17T15:43:11.045Z
2025-05-23,107329.61,coinbase_historical,2026-08-17T15:43:11.045Z
2025-05-24,107794.01,coinbase_historical,2026-08-17T15:43:11.045Z
2025-05-25,109048.68,coinbase_historical,2026-08-17T15:43:11.045Z
2025-05-26,109464.32,coinbase_historical,2026-08-17T15:43:11.045Z
2025-05-27,108978.46,coinbase_historical,2026-08-17T15:43:11.045Z
2025-05-28,107819.29,coinbase_historical,2026-08-17T15:43:11.045Z
2025-05-29,105572.58,coinbase_historical,2026-08-17T15:43:11.045Z
2025-05-30,104033.26,coinbase_historical,2026-08-17T15:43:11.045Z
2025-05-31,104645.87,coinbase_historical,2026-08-17T15:43:11.045Z
2025-06-01,105697.94,coinbase_historical,2026-08-17T15:43:11.045Z
2025-06-02,105904.94,coinbase_historical,2026-08-17T15:43:11.045Z
2025-06-03,105447.82,coinbase_historical,2026-08-17T15:43:11.045Z
2025-06-04,104753.38,coinbase_historical,2026-08-17T15:43:11.045Z
2025-06-05,101570.2,coinbase_historical,2026-08-17T15:43:11.045Z
2025-06-06,104397.99,coinbase_historical,2026-08-17T15:43:11.045Z
2025-06-07,105619.02,coinbase_historical,2026-08-17T15:43:11.045Z
2025-06-08,105784.4,coinbase_historical,2026-08-17T15:43:11.045Z
2025-06-09,110301.15,coinbase_historical,2026-08-17T15:43:11.045Z
2025-06-10,110300.24,coinbase_historical,2026-08-17T15:43:11.045Z
2025-06-11,108669.37,coinbase_historical,2026-08-17T15:43:11.045Z
2025-06-12,105721.05,coinbase_historical,2026-08-17T15:43:11.045Z
2025-06-13,106118.7,coinbase_historical,2026-08-17T15:43:11.045Z
2025-06-14,105465.42,coinbase_historical,2026-08-17T15:43:11.045Z
2025-06-15,105599.25,coinbase_historical,2026-08-17T15:43:11.045Z
2025-06-16,106853.38,coinbase_historical,2026-08-17T15:43:11.045Z
2025-06-17,104590.44,coinbase_historical,2026-08-17T15:43:11.045Z
2025-06-18,104915.6,coinbase_historical,2026-08-17T15:43:11.045Z
2025-06-19,104671.9,coinbase_historical,2026-08-17T15:43:11.045Z
2025-06-20,103317.8,coinbase_historical,2026-08-17T15:43:11.045Z
2025-06-21,102160.03,coinbase_historical,2026-08-17T15:43:11.045Z
2025-06-22,100996.87,coinbase_historical,2026-08-17T15:43:11.045Z
2025-06-23,105419.39,coinbase_historical,2026-08-17T15:43:11.045Z
2025-06-24,106141,coinbase_historical,2026-08-17T15:43:11.045Z
2025-06-25,107400.22,coinbase_historical,2026-08-17T15:43:11.045Z
2025-06-26,107029.64,coinbase_historical,2026-08-17T15:43:11.045Z
2025-06-27,107113.38,coinbase_historical,2026-08-17T15:43:11.045Z
2025-06-28,107352.2,coinbase_historical,2026-08-17T15:43:11.045Z
2025-06-29,108386.44,coinbase_historical,2026-08-17T15:43:11.045Z
2025-06-30,107173.21,coinbase_historical,2026-08-17T15:43:11.045Z
2025-07-01,105711.78,coinbase_historical,2026-08-17T15:43:11.045Z
2025-07-02,108888.32,coinbase_historical,2026-08-17T15:43:11.045Z
2025-07-03,109628.83,coinbase_historical,2026-08-17T15:43:11.045Z
2025-07-04,108028.6,coinbase_historical,2026-08-17T15:43:11.045Z
2025-07-05,108246.65,coinbase_historical,2026-08-17T15:43:11.045Z
2025-07-06,109217.98,coinbase_historical,2026-08-17T15:43:11.045Z
2025-07-07,108269.84,coinbase_historical,2026-08-17T15:43:11.045Z
2025-07-08,108958.04,coinbase_historical,2026-08-17T15:43:11.045Z
2025-07-09,111282.85,coinbase_historical,2026-08-17T15:43:11.045Z
2025-07-10,116031.3,coinbase_historical,2026-08-17T15:43:11.045Z
2025-07-11,117582.16,coinbase_historical,2026-08-17T15:43:11.045Z
2025-07-12,117472.65,coinbase_historical,2026-08-17T15:43:11.045Z
2025-07-13,119130.81,coinbase_historical,2026-08-17T15:43:11.045Z
2025-07-14,119863.71,coinbase_historical,2026-08-17T15:43:11.045Z
2025-07-15,117781.64,coinbase_historical,2026-08-17T15:43:11.045Z
2025-07-16,118681.68,coinbase_historical,2026-08-17T15:43:11.045Z
2025-07-17,119273.69,coinbase_historical,2026-08-17T15:43:11.045Z
2025-07-18,118023.05,coinbase_historical,2026-08-17T15:43:11.045Z
2025-07-19,117914.17,coinbase_historical,2026-08-17T15:43:11.045Z
2025-07-20,117312.7,coinbase_historical,2026-08-17T15:43:11.045Z
2025-07-21,117428.79,coinbase_historical,2026-08-17T15:43:11.045Z
2025-07-22,120026.42,coinbase_historical,2026-08-17T15:43:11.045Z
2025-07-23,118810.44,coinbase_historical,2026-08-17T15:43:11.045Z
2025-07-24,118397.04,coinbase_historical,2026-08-17T15:43:11.045Z
2025-07-25,117633.27,coinbase_historical,2026-08-17T15:43:11.045Z
2025-07-26,117969.63,coinbase_historical,2026-08-17T15:43:11.045Z
2025-07-27,119465.52,coinbase_historical,2026-08-17T15:43:11.045Z
2025-07-28,118070.59,coinbase_historical,2026-08-17T15:43:11.045Z
2025-07-29,117933.39,coinbase_historical,2026-08-17T15:43:11.045Z
2025-07-30,117830.15,coinbase_historical,2026-08-17T15:43:11.045Z
2025-07-31,115761.13,coinbase_historical,2026-08-17T15:43:11.045Z
2025-08-01,113248.73,coinbase_historical,2026-08-17T15:43:11.045Z
2025-08-02,112542.74,coinbase_historical,2026-08-17T15:43:11.045Z
2025-08-03,114215.73,coinbase_historical,2026-08-17T15:43:11.045Z
2025-08-04,115051.85,coinbase_historical,2026-08-17T15:43:11.045Z
2025-08-05,114112.95,coinbase_historical,2026-08-17T15:43:11.045Z
2025-08-06,115028.83,coinbase_historical,2026-08-17T15:43:11.045Z
2025-08-07,117515.49,coinbase_historical,2026-08-17T15:43:11.045Z
2025-08-08,116683.79,coinbase_historical,2026-08-17T15:43:11.045Z
2025-08-09,116492.51,coinbase_historical,2026-08-17T15:43:11.045Z
2025-08-10,119309.37,coinbase_historical,2026-08-17T15:43:11.045Z
2025-08-11,118701.84,coinbase_historical,2026-08-17T15:43:11.045Z
2025-08-12,120113.18,coinbase_historical,2026-08-17T15:43:11.045Z
2025-08-13,123365.63,coinbase_historical,2026-08-17T15:43:11.045Z
2025-08-14,118389.79,coinbase_historical,2026-08-17T15:43:11.045Z
2025-08-15,117436.96,coinbase_historical,2026-08-17T15:43:11.045Z
2025-08-16,117455.68,coinbase_historical,2026-08-17T15:43:11.045Z
2025-08-17,117488.6,coinbase_historical,2026-08-17T15:43:11.045Z
2025-08-18,116286.76,coinbase_historical,2026-08-17T15:43:11.045Z
2025-08-19,112856.19,coinbase_historical,2026-08-17T15:43:11.045Z
2025-08-20,114276,coinbase_historical,2026-08-17T15:43:11.045Z
2025-08-21,112480.3,coinbase_historical,2026-08-17T15:43:11.045Z
2025-08-22,116908.68,coinbase_historical,2026-08-17T15:43:11.045Z
2025-08-23,115383.87,coinbase_historical,2026-08-17T15:43:11.045Z
2025-08-24,113478,coinbase_historical,2026-08-17T15:43:11.045Z
2025-08-25,110127.74,coinbase_historical,2026-08-17T15:43:11.045Z
2025-08-26,111788.01,coinbase_historical,2026-08-17T15:43:11.045Z
2025-08-27,111253.21,coinbase_historical,2026-08-17T15:43:11.045Z
2025-08-28,112574.85,coinbase_historical,2026-08-17T15:43:11.045Z
2025-08-29,108378.32,coinbase_historical,2026-08-17T15:43:11.045Z
2025-08-30,108827.93,coinbase_historical,2026-08-17T15:43:11.045Z
2025-08-31,108247.95,coinbase_historical,2026-08-17T15:43:11.045Z
2025-09-01,109240.55,coinbase_historical,2026-08-17T15:43:11.045Z
2025-09-02,111247.94,coinbase_historical,2026-08-17T15:43:11.045Z
2025-09-03,111756.41,coinbase_historical,2026-08-17T15:43:11.045Z
2025-09-04,110720.79,coinbase_historical,2026-08-17T15:43:11.045Z
2025-09-05,110670.02,coinbase_historical,2026-08-17T15:43:11.045Z
2025-09-06,110212.6,coinbase_historical,2026-08-17T15:43:11.045Z
2025-09-07,111129.61,coinbase_historical,2026-08-17T15:43:11.045Z
2025-09-08,112072.57,coinbase_historical,2026-08-17T15:43:11.045Z
2025-09-09,111549.32,coinbase_historical,2026-08-17T15:43:11.045Z
2025-09-10,113983.97,coinbase_historical,2026-08-17T15:43:11.045Z
2025-09-11,115540,coinbase_historical,2026-08-17T15:43:11.045Z
2025-09-12,116106.03,coinbase_historical,2026-08-17T15:43:11.045Z
2025-09-13,115968.35,coinbase_historical,2026-08-17T15:43:11.045Z
2025-09-14,115314.13,coinbase_historical,2026-08-17T15:43:11.045Z
2025-09-15,115381.08,coinbase_historical,2026-08-17T15:43:11.045Z
2025-09-16,116832.56,coinbase_historical,2026-08-17T15:43:11.045Z
2025-09-17,116484.4,coinbase_historical,2026-08-17T15:43:11.045Z
2025-09-18,117117.99,coinbase_historical,2026-08-17T15:43:11.045Z
2025-09-19,115690.55,coinbase_historical,2026-08-17T15:43:11.045Z
2025-09-20,115752.4,coinbase_historical,2026-08-17T15:43:11.045Z
2025-09-21,115282.27,coinbase_historical,2026-08-17T15:43:11.045Z
2025-09-22,112736.59,coinbase_historical,2026-08-17T15:43:11.045Z
2025-09-23,112017.21,coinbase_historical,2026-08-17T15:43:11.045Z
2025-09-24,113348.17,coinbase_historical,2026-08-17T15:43:11.045Z
2025-09-25,109035.72,coinbase_historical,2026-08-17T15:43:11.045Z
2025-09-26,109697.29,coinbase_historical,2026-08-17T15:43:11.045Z
2025-09-27,109681.16,coinbase_historical,2026-08-17T15:43:11.045Z
2025-09-28,112197.67,coinbase_historical,2026-08-17T15:43:11.045Z
2025-09-29,114365.07,coinbase_historical,2026-08-17T15:43:11.045Z
2025-09-30,114067.71,coinbase_historical,2026-08-17T15:43:11.045Z
2025-10-01,118659.97,coinbase_historical,2026-08-17T15:43:11.045Z
2025-10-02,120621.32,coinbase_historical,2026-08-17T15:43:11.045Z
2025-10-03,122318.4,coinbase_historical,2026-08-17T15:43:11.045Z
2025-10-04,122458.56,coinbase_historical,2026-08-17T15:43:11.045Z
2025-10-05,123520.79,coinbase_historical,2026-08-17T15:43:11.045Z
2025-10-06,124720.09,coinbase_historical,2026-08-17T15:43:11.045Z
2025-10-07,121393.95,coinbase_historical,2026-08-17T15:43:11.045Z
2025-10-08,123343.25,coinbase_historical,2026-08-17T15:43:11.045Z
2025-10-09,121714.51,coinbase_historical,2026-08-17T15:43:11.045Z
2025-10-10,112980.28,coinbase_historical,2026-08-17T15:43:11.045Z
2025-10-11,110768.89,coinbase_historical,2026-08-17T15:43:11.045Z
2025-10-12,115067.98,coinbase_historical,2026-08-17T15:43:11.045Z
2025-10-13,115274.03,coinbase_historical,2026-08-17T15:43:11.045Z
2025-10-14,113068,coinbase_historical,2026-08-17T15:43:11.045Z
2025-10-15,110804.12,coinbase_historical,2026-08-17T15:43:11.045Z
2025-10-16,108198,coinbase_historical,2026-08-17T15:43:11.045Z
2025-10-17,106463.3,coinbase_historical,2026-08-17T15:43:11.045Z
2025-10-18,107208.91,coinbase_historical,2026-08-17T15:43:11.045Z
2025-10-19,108676.78,coinbase_historical,2026-08-17T15:43:11.045Z
2025-10-20,110568.06,coinbase_historical,2026-08-17T15:43:11.045Z
2025-10-21,108362.27,coinbase_historical,2026-08-17T15:43:11.045Z
2025-10-22,107585.98,coinbase_historical,2026-08-17T15:43:11.045Z
2025-10-23,110116.03,coinbase_historical,2026-08-17T15:43:11.045Z
2025-10-24,111042.13,coinbase_historical,2026-08-17T15:43:11.045Z
2025-10-25,111666.21,coinbase_historical,2026-08-17T15:43:11.045Z
2025-10-26,114548.09,coinbase_historical,2026-08-17T15:43:11.045Z
2025-10-27,114087.06,coinbase_historical,2026-08-17T15:43:11.045Z
2025-10-28,112906.75,coinbase_historical,2026-08-17T15:43:11.045Z
2025-10-29,110032.13,coinbase_historical,2026-08-17T15:43:11.045Z
2025-10-30,108308.18,coinbase_historical,2026-08-17T15:43:11.045Z
2025-10-31,109555.27,coinbase_historical,2026-08-17T15:43:11.045Z
2025-11-01,110052.25,coinbase_historical,2026-08-17T15:43:11.045Z
2025-11-02,110536.01,coinbase_historical,2026-08-17T15:43:11.045Z
2025-11-03,106557.98,coinbase_historical,2026-08-17T15:43:11.045Z
2025-11-04,101468.15,coinbase_historical,2026-08-17T15:43:11.045Z
2025-11-05,103869,coinbase_historical,2026-08-17T15:43:11.045Z
2025-11-06,101290.5,coinbase_historical,2026-08-17T15:43:11.045Z
2025-11-07,103284.27,coinbase_historical,2026-08-17T15:43:11.045Z
2025-11-08,102285.57,coinbase_historical,2026-08-17T15:43:11.045Z
2025-11-09,104694.95,coinbase_historical,2026-08-17T15:43:11.045Z
2025-11-10,105979.38,coinbase_historical,2026-08-17T15:43:11.045Z
2025-11-11,103009.35,coinbase_historical,2026-08-17T15:43:11.045Z
2025-11-12,101639.01,coinbase_historical,2026-08-17T15:43:11.045Z
2025-11-13,99614.54,coinbase_historical,2026-08-17T15:43:11.045Z
2025-11-14,94503.96,coinbase_historical,2026-08-17T15:43:11.045Z
2025-11-15,95544.94,coinbase_historical,2026-08-17T15:43:11.045Z
2025-11-16,94183.97,coinbase_historical,2026-08-17T15:43:11.045Z
2025-11-17,92100.6,coinbase_historical,2026-08-17T15:43:11.045Z
2025-11-18,92914.46,coinbase_historical,2026-08-17T15:43:11.045Z
2025-11-19,91461.6,coinbase_historical,2026-08-17T15:43:11.045Z
2025-11-20,86536.88,coinbase_historical,2026-08-17T15:43:11.045Z
2025-11-21,85068.88,coinbase_historical,2026-08-17T15:43:11.045Z
2025-11-22,84684,coinbase_historical,2026-08-17T15:43:11.045Z
2025-11-23,86808.28,coinbase_historical,2026-08-17T15:43:11.045Z
2025-11-24,88266.2,coinbase_historical,2026-08-17T15:43:11.045Z
2025-11-25,87325.01,coinbase_historical,2026-08-17T15:43:11.045Z
2025-11-26,90468.84,coinbase_historical,2026-08-17T15:43:11.045Z
2025-11-27,91316.7,coinbase_historical,2026-08-17T15:43:11.045Z
2025-11-28,90902.7,coinbase_historical,2026-08-17T15:43:11.045Z
2025-11-29,90828.06,coinbase_historical,2026-08-17T15:43:11.045Z
2025-11-30,90369.51,coinbase_historical,2026-08-17T15:43:11.045Z
2025-12-01,86282.36,coinbase_historical,2026-08-17T15:43:11.045Z
2025-12-02,91308.05,coinbase_historical,2026-08-17T15:43:11.045Z
2025-12-03,93453.84,coinbase_historical,2026-08-17T15:43:11.045Z
2025-12-04,92093.54,coinbase_historical,2026-08-17T15:43:11.045Z
2025-12-05,89345.29,coinbase_historical,2026-08-17T15:43:11.045Z
2025-12-06,89267.97,coinbase_historical,2026-08-17T15:43:11.045Z
2025-12-07,90402.29,coinbase_historical,2026-08-17T15:43:11.045Z
2025-12-08,90653.86,coinbase_historical,2026-08-17T15:43:11.045Z
2025-12-09,92690,coinbase_historical,2026-08-17T15:43:11.045Z
2025-12-10,92035.99,coinbase_historical,2026-08-17T15:43:11.045Z
2025-12-11,92542,coinbase_historical,2026-08-17T15:43:11.045Z
2025-12-12,90278,coinbase_historical,2026-08-17T15:43:11.045Z
2025-12-13,90255.32,coinbase_historical,2026-08-17T15:43:11.045Z
2025-12-14,88171.61,coinbase_historical,2026-08-17T15:43:11.045Z
2025-12-15,86417.5,coinbase_historical,2026-08-17T15:43:11.045Z
2025-12-16,87854.01,coinbase_historical,2026-08-17T15:43:11.045Z
2025-12-17,86209.77,coinbase_historical,2026-08-17T15:43:11.045Z
2025-12-18,85460.02,coinbase_historical,2026-08-17T15:43:11.045Z
2025-12-19,88092.65,coinbase_historical,2026-08-17T15:43:11.045Z
2025-12-20,88324,coinbase_historical,2026-08-17T15:43:11.045Z
2025-12-21,88639.95,coinbase_historical,2026-08-17T15:43:11.045Z
2025-12-22,88556.77,coinbase_historical,2026-08-17T15:43:11.045Z
2025-12-23,87429.32,coinbase_historical,2026-08-17T15:43:11.045Z
2025-12-24,87609.03,coinbase_historical,2026-08-17T15:43:11.045Z
2025-12-25,87171.68,coinbase_historical,2026-08-17T15:43:11.045Z
2025-12-26,87296.01,coinbase_historical,2026-08-17T15:43:11.045Z
2025-12-27,87808,coinbase_historical,2026-08-17T15:43:11.045Z
2025-12-28,87877.29,coinbase_historical,2026-08-17T15:43:11.045Z
2025-12-29,87110.78,coinbase_historical,2026-08-17T15:43:11.045Z
2025-12-30,88397.5,coinbase_historical,2026-08-17T15:43:11.045Z
2025-12-31,87497.94,coinbase_historical,2026-08-17T15:43:11.045Z
2026-01-01,88738.34,coinbase_historical,2026-08-17T15:43:11.045Z
2026-01-02,89957.99,coinbase_historical,2026-08-17T15:43:11.045Z
2026-01-03,90598.02,coinbase_historical,2026-08-17T15:43:11.045Z
2026-01-04,91494,coinbase_historical,2026-08-17T15:43:11.045Z
2026-01-05,93870.06,coinbase_historical,2026-08-17T15:43:11.045Z
2026-01-06,93722.01,coinbase_historical,2026-08-17T15:43:11.045Z
2026-01-07,91279.73,coinbase_historical,2026-08-17T15:43:11.045Z
2026-01-08,91026,coinbase_historical,2026-08-17T15:43:11.045Z
2026-01-09,90515.45,coinbase_historical,2026-08-17T15:43:11.045Z
2026-01-10,90385.54,coinbase_historical,2026-08-17T15:43:11.045Z
2026-01-11,90872.01,coinbase_historical,2026-08-17T15:43:11.045Z
2026-01-12,91188.09,coinbase_historical,2026-08-17T15:43:11.045Z
2026-01-13,95384.23,coinbase_historical,2026-08-17T15:43:11.045Z
2026-01-14,96955.16,coinbase_historical,2026-08-17T15:43:11.045Z
2026-01-15,95587.65,coinbase_historical,2026-08-17T15:43:11.045Z
2026-01-16,95504,coinbase_historical,2026-08-17T15:43:11.045Z
2026-01-17,95109.99,coinbase_historical,2026-08-17T15:43:11.045Z
2026-01-18,93633.53,coinbase_historical,2026-08-17T15:43:11.045Z
2026-01-19,92559.66,coinbase_historical,2026-08-17T15:43:11.045Z
2026-01-20,88310.6,coinbase_historical,2026-08-17T15:43:11.045Z
2026-01-21,89363.71,coinbase_historical,2026-08-17T15:43:11.045Z
2026-01-22,89463.5,coinbase_historical,2026-08-17T15:43:11.045Z
2026-01-23,89474.93,coinbase_historical,2026-08-17T15:43:11.045Z
2026-01-24,89082.17,coinbase_historical,2026-08-17T15:43:11.045Z
2026-01-25,86561.94,coinbase_historical,2026-08-17T15:43:11.045Z
2026-01-26,88250.01,coinbase_historical,2026-08-17T15:43:11.045Z
2026-01-27,89116.96,coinbase_historical,2026-08-17T15:43:11.045Z
2026-01-28,89162.4,coinbase_historical,2026-08-17T15:43:11.045Z
2026-01-29,84513.2,coinbase_historical,2026-08-17T15:43:11.045Z
2026-01-30,84110.99,coinbase_historical,2026-08-17T15:43:11.045Z
2026-01-31,78648,coinbase_historical,2026-08-17T15:43:11.045Z
2026-02-01,76895.53,coinbase_historical,2026-08-17T15:43:11.045Z
2026-02-02,78666.85,coinbase_historical,2026-08-17T15:43:11.045Z
2026-02-03,75661.49,coinbase_historical,2026-08-17T15:43:11.045Z
2026-02-04,72998,coinbase_historical,2026-08-17T15:43:11.045Z
2026-02-05,62791,coinbase_historical,2026-08-17T15:43:11.045Z
2026-02-06,70527.7,coinbase_historical,2026-08-17T15:43:11.045Z
2026-02-07,69244.74,coinbase_historical,2026-08-17T15:43:11.045Z
2026-02-08,70279.33,coinbase_historical,2026-08-17T15:43:11.045Z
2026-02-09,70101.99,coinbase_historical,2026-08-17T15:43:11.045Z
2026-02-10,68803.65,coinbase_historical,2026-08-17T15:43:11.045Z
2026-02-11,67024.93,coinbase_historical,2026-08-17T15:43:11.045Z
2026-02-12,66208,coinbase_historical,2026-08-17T15:43:11.045Z
2026-02-13,68812,coinbase_historical,2026-08-17T15:43:11.045Z
2026-02-14,69786.96,coinbase_historical,2026-08-17T15:43:11.045Z
2026-02-15,68792,coinbase_historical,2026-08-17T15:43:11.045Z
2026-02-16,68858.13,coinbase_historical,2026-08-17T15:43:11.045Z
2026-02-17,67466.7,coinbase_historical,2026-08-17T15:43:11.045Z
2026-02-18,66419.79,coinbase_historical,2026-08-17T15:43:11.045Z
2026-02-19,66972.5,coinbase_historical,2026-08-17T15:43:11.045Z
2026-02-20,67984.42,coinbase_historical,2026-08-17T15:43:11.045Z
2026-02-21,67955.78,coinbase_historical,2026-08-17T15:43:11.045Z
2026-02-22,67617.98,coinbase_historical,2026-08-17T15:43:11.045Z
2026-02-23,64625.78,coinbase_historical,2026-08-17T15:43:11.045Z
2026-02-24,64068.33,coinbase_historical,2026-08-17T15:43:11.045Z
2026-02-25,67992.68,coinbase_historical,2026-08-17T15:43:11.045Z
2026-02-26,67490.51,coinbase_historical,2026-08-17T15:43:11.045Z
2026-02-27,65859.94,coinbase_historical,2026-08-17T15:43:11.045Z
2026-02-28,66967.85,coinbase_historical,2026-08-17T15:43:11.045Z
2026-03-01,65769,coinbase_historical,2026-08-17T15:43:11.045Z
2026-03-02,68832.01,coinbase_historical,2026-08-17T15:43:11.045Z
2026-03-03,68335.99,coinbase_historical,2026-08-17T15:43:11.045Z
2026-03-04,72683.26,coinbase_historical,2026-08-17T15:43:11.045Z
2026-03-05,70887.6,coinbase_historical,2026-08-17T15:43:11.045Z
2026-03-06,68108.24,coinbase_historical,2026-08-17T15:43:11.045Z
2026-03-07,67259.62,coinbase_historical,2026-08-17T15:43:11.045Z
2026-03-08,65970.56,coinbase_historical,2026-08-17T15:43:11.045Z
2026-03-09,68432.17,coinbase_historical,2026-08-17T15:43:11.045Z
2026-03-10,69960.83,coinbase_historical,2026-08-17T15:43:11.045Z
2026-03-11,70208,coinbase_historical,2026-08-17T15:43:11.045Z
2026-03-12,70531.56,coinbase_historical,2026-08-17T15:43:11.045Z
2026-03-13,70944.33,coinbase_historical,2026-08-17T15:43:11.045Z
2026-03-14,71232.02,coinbase_historical,2026-08-17T15:43:11.045Z
2026-03-15,72830.01,coinbase_historical,2026-08-17T15:43:11.045Z
2026-03-16,74886.47,coinbase_historical,2026-08-17T15:43:11.045Z
2026-03-17,73934.11,coinbase_historical,2026-08-17T15:43:11.045Z
2026-03-18,71245.02,coinbase_historical,2026-08-17T15:43:11.045Z
2026-03-19,69918.3,coinbase_historical,2026-08-17T15:43:11.045Z
2026-03-20,70497.01,coinbase_historical,2026-08-17T15:43:11.045Z
2026-03-21,68912.02,coinbase_historical,2026-08-17T15:43:11.045Z
2026-03-22,67844.94,coinbase_historical,2026-08-17T15:43:11.045Z
2026-03-23,70874.23,coinbase_historical,2026-08-17T15:43:11.045Z
2026-03-24,70533.49,coinbase_historical,2026-08-17T15:43:11.045Z
2026-03-25,71301.53,coinbase_historical,2026-08-17T15:43:11.045Z
2026-03-26,68769.02,coinbase_historical,2026-08-17T15:43:11.045Z
2026-03-27,66353.34,coinbase_historical,2026-08-17T15:43:11.045Z
2026-03-28,66320.15,coinbase_historical,2026-08-17T15:43:11.045Z
2026-03-29,65956.94,coinbase_historical,2026-08-17T15:43:11.045Z
2026-03-30,66737.18,coinbase_historical,2026-08-17T15:43:11.045Z
2026-03-31,68221.85,coinbase_historical,2026-08-17T15:43:11.045Z
2026-04-01,68112.35,coinbase_historical,2026-08-17T15:43:11.045Z
2026-04-02,66894.48,coinbase_historical,2026-08-17T15:43:11.045Z
2026-04-03,66959.99,coinbase_historical,2026-08-17T15:43:11.045Z
2026-04-04,67291.73,coinbase_historical,2026-08-17T15:43:11.045Z
2026-04-05,69005,coinbase_historical,2026-08-17T15:43:11.045Z
2026-04-06,68853.61,coinbase_historical,2026-08-17T15:43:11.045Z
2026-04-07,71910.2,coinbase_historical,2026-08-17T15:43:11.045Z
2026-04-08,71085.99,coinbase_historical,2026-08-17T15:43:11.045Z
2026-04-09,71798.01,coinbase_historical,2026-08-17T15:43:11.045Z
2026-04-10,72997.88,coinbase_historical,2026-08-17T15:43:11.045Z
2026-04-11,73086,coinbase_historical,2026-08-17T15:43:11.045Z
2026-04-12,70755.35,coinbase_historical,2026-08-17T15:43:11.045Z
2026-04-13,74446,coinbase_historical,2026-08-17T15:43:11.045Z
2026-04-14,74179.04,coinbase_historical,2026-08-17T15:43:11.045Z
2026-04-15,74836.31,coinbase_historical,2026-08-17T15:43:11.045Z
2026-04-16,75163.09,coinbase_historical,2026-08-17T15:43:11.045Z
2026-04-17,77098.01,coinbase_historical,2026-08-17T15:43:11.045Z
2026-04-18,75736.82,coinbase_historical,2026-08-17T15:43:11.045Z
2026-04-19,73823.14,coinbase_historical,2026-08-17T15:43:11.045Z
2026-04-20,75864.86,coinbase_historical,2026-08-17T15:43:11.045Z
2026-04-21,76348.58,coinbase_historical,2026-08-17T15:43:11.045Z
2026-04-22,78208.52,coinbase_historical,2026-08-17T15:43:11.045Z
2026-04-23,78281.32,coinbase_historical,2026-08-17T15:43:11.045Z
2026-04-24,77461.8,coinbase_historical,2026-08-17T15:43:11.045Z
2026-04-25,77650.72,coinbase_historical,2026-08-17T15:43:11.045Z
2026-04-26,78673.83,coinbase_historical,2026-08-17T15:43:11.045Z
2026-04-27,77364.42,coinbase_historical,2026-08-17T15:43:11.045Z
2026-04-28,76317.99,coinbase_historical,2026-08-17T15:43:11.045Z
2026-04-29,75752.88,coinbase_historical,2026-08-17T15:43:11.045Z
2026-04-30,76305.78,coinbase_historical,2026-08-17T15:43:11.045Z
2026-05-01,78234.05,coinbase_historical,2026-08-17T15:43:11.045Z
2026-05-02,78682.31,coinbase_historical,2026-08-17T15:43:11.045Z
2026-05-03,78558.89,coinbase_historical,2026-08-17T15:43:11.045Z
2026-05-04,79852.37,coinbase_historical,2026-08-17T15:43:11.045Z
2026-05-05,80907.72,coinbase_historical,2026-08-17T15:43:11.045Z
2026-05-06,81438.1,coinbase_historical,2026-08-17T15:43:11.045Z
2026-05-07,80005.38,coinbase_historical,2026-08-17T15:43:11.045Z
2026-05-08,80188.82,coinbase_historical,2026-08-17T15:43:11.045Z
2026-05-09,80655.96,coinbase_historical,2026-08-17T15:43:11.045Z
2026-05-10,82199.99,coinbase_historical,2026-08-17T15:43:11.045Z
2026-05-11,81727.06,coinbase_historical,2026-08-17T15:43:11.045Z
2026-05-12,80484.72,coinbase_historical,2026-08-17T15:43:11.045Z
2026-05-13,79288.26,coinbase_historical,2026-08-17T15:43:11.045Z
2026-05-14,81079.39,coinbase_historical,2026-08-17T15:43:11.045Z
2026-05-15,79058.51,coinbase_historical,2026-08-17T15:43:11.045Z
2026-05-16,78105.45,coinbase_historical,2026-08-17T15:43:11.045Z
2026-05-17,77407.59,coinbase_historical,2026-08-17T15:43:11.045Z
2026-05-18,76943.98,coinbase_historical,2026-08-17T15:43:11.045Z
2026-05-19,76767.48,coinbase_historical,2026-08-17T15:43:11.045Z
2026-05-20,77475.99,coinbase_historical,2026-08-17T15:43:11.045Z
2026-05-21,77547.62,coinbase_historical,2026-08-17T15:43:11.045Z
2026-05-22,75443.91,coinbase_historical,2026-08-17T15:43:11.045Z
2026-05-23,76650,coinbase_historical,2026-08-17T15:43:11.045Z
2026-05-24,76975.99,coinbase_historical,2026-08-17T15:43:11.045Z
2026-05-25,77249.07,coinbase_historical,2026-08-17T15:43:11.045Z
2026-05-26,75826.1,coinbase_historical,2026-08-17T15:43:11.045Z
2026-05-27,74315.98,coinbase_historical,2026-08-17T15:43:11.045Z
2026-05-28,73512.56,coinbase_historical,2026-08-17T15:43:11.045Z
2026-05-29,73366.77,coinbase_historical,2026-08-17T15:43:11.045Z
2026-05-30,73770.69,coinbase_historical,2026-08-17T15:43:11.045Z
2026-05-31,73575.17,coinbase_historical,2026-08-17T15:43:11.045Z
2026-06-01,71314.42,coinbase_historical,2026-08-17T15:43:11.045Z
2026-06-02,66658.35,coinbase_historical,2026-08-17T15:43:11.045Z
2026-06-03,64040,coinbase_historical,2026-08-17T15:43:11.045Z
2026-06-04,63806.02,coinbase_historical,2026-08-17T15:43:11.045Z
2026-06-05,61032,coinbase_historical,2026-08-17T15:43:11.045Z
2026-06-06,60850.48,coinbase_historical,2026-08-17T15:43:11.045Z
2026-06-07,63302.73,coinbase_historical,2026-08-17T15:43:11.045Z
2026-06-08,63062.98,coinbase_historical,2026-08-17T15:43:11.045Z
2026-06-09,61685.8,coinbase_historical,2026-08-17T15:43:11.045Z
2026-06-10,61449.46,coinbase_historical,2026-08-17T15:43:11.045Z
2026-06-11,63563.42,coinbase_historical,2026-08-17T15:43:11.045Z
2026-06-12,63538.43,coinbase_historical,2026-08-17T15:43:11.045Z
2026-06-13,64429.99,coinbase_historical,2026-08-17T15:43:11.045Z
2026-06-14,65706.62,coinbase_historical,2026-08-17T15:43:11.045Z
2026-06-15,66276.8,coinbase_historical,2026-08-17T15:43:11.045Z
2026-06-16,65616.64,coinbase_historical,2026-08-17T15:43:11.045Z
2026-06-17,64446.04,coinbase_historical,2026-08-17T15:43:11.045Z
2026-06-18,62879.01,coinbase_historical,2026-08-17T15:43:11.045Z
2026-06-19,63475.2,coinbase_historical,2026-08-17T15:43:11.045Z
2026-06-20,64222.99,coinbase_historical,2026-08-17T15:43:11.045Z
2026-06-21,63235.63,coinbase_historical,2026-08-17T15:43:11.045Z
2026-06-22,63950.61,coinbase_historical,2026-08-17T15:43:11.045Z
2026-06-23,62644.86,coinbase_historical,2026-08-17T15:43:11.045Z
2026-06-24,60983.13,coinbase_historical,2026-08-17T15:43:11.045Z
2026-06-25,59703.65,coinbase_historical,2026-08-17T15:43:11.045Z
2026-06-26,60002.53,coinbase_historical,2026-08-17T15:43:11.045Z
2026-06-27,59934.84,coinbase_historical,2026-08-17T15:43:11.045Z
2026-06-28,59474.01,coinbase_historical,2026-08-17T15:43:11.045Z
2026-06-29,60162.73,coinbase_historical,2026-08-17T15:43:11.045Z
2026-06-30,58523.93,coinbase_historical,2026-08-17T15:43:11.045Z
2026-07-01,59961.45,coinbase_historical,2026-08-17T15:43:11.045Z
2026-07-02,61484.02,coinbase_historical,2026-08-17T15:43:11.045Z
2026-07-03,62520.22,coinbase_historical,2026-08-17T15:43:11.045Z
2026-07-04,63086.45,coinbase_historical,2026-08-17T15:43:11.045Z
2026-07-05,63580.44,coinbase_historical,2026-08-17T15:43:11.045Z
2026-07-06,64001.84,coinbase_historical,2026-08-17T15:43:11.045Z
2026-07-07,63323.27,coinbase_historical,2026-08-17T15:43:11.045Z
2026-07-08,62237.7,coinbase_historical,2026-08-17T15:43:11.045Z
2026-07-09,63175.25,coinbase_historical,2026-08-17T15:43:11.045Z
2026-07-10,64128.49,coinbase_historical,2026-08-17T15:43:11.045Z
2026-07-11,63773.04,coinbase_historical,2026-08-17T15:43:11.045Z
2026-07-12,63740.32,coinbase_historical,2026-08-17T15:43:11.045Z
2026-07-13,62264.94,coinbase_historical,2026-08-17T15:43:11.045Z
2026-07-14,64988.64,coinbase_historical,2026-08-17T15:43:11.045Z
2026-07-15,64716.63,coinbase_historical,2026-08-17T15:43:11.045Z
2026-07-16,63770.6,coinbase_historical,2026-08-17T15:43:11.045Z
2026-07-17,63894,coinbase_historical,2026-08-17T15:43:11.045Z
2026-07-18,64796.36,coinbase_historical,2026-08-17T15:43:11.045Z
2026-07-19,64681.78,coinbase_historical,2026-08-17T15:43:11.045Z
2026-07-20,65213.05,coinbase_historical,2026-08-17T15:43:11.045Z
2026-07-21,66516.18,coinbase_historical,2026-08-17T15:43:11.045Z
2026-07-22,66086.61,coinbase_historical,2026-08-17T15:43:11.045Z
2026-07-23,65051.23,coinbase_historical,2026-08-17T15:43:11.045Z
2026-07-24,64083.32,coinbase_historical,2026-08-17T15:43:11.045Z
2026-07-25,64295.61,coinbase_historical,2026-08-17T15:43:11.045Z
2026-07-26,65341.07,coinbase_historical,2026-08-17T15:43:11.045Z
2026-07-27,63694.43,coinbase_historical,2026-08-17T15:43:11.045Z
2026-07-28,63847.12,coinbase_historical,2026-08-17T15:43:11.045Z
2026-07-29,63896.14,coinbase_historical,2026-08-17T15:43:11.045Z
2026-07-30,64721.9,coinbase_historical,2026-08-17T15:43:11.045Z
2026-07-31,62825.9,coinbase_historical,2026-08-17T15:43:11.045Z
2026-08-01,62764.2,coinbase_historical,2026-08-17T15:43:11.045Z
2026-08-02,63499.49,coinbase_historical,2026-08-17T15:43:11.045Z
2026-08-03,63466.51,coinbase,2026-08-17T15:43:11.045Z
2026-08-04,64050.51,coinbase,2026-08-18T11:29:25.005Z
2026-08-05,64603.03,coinbase,2026-08-19T11:29:40.020Z
2026-08-06,64267.3,coinbase,2026-08-20T11:31:15.854Z
2026-08-07,64891.61,coinbase,2026-08-21T11:30:48.810Z
2026-08-08,64908.72,coinbase,2026-08-22T11:24:44.937Z
2026-08-09,64848.69,coinbase,2026-08-23T11:25:09.345Z
2026-08-10,63911.88,coinbase,2026-08-24T11:33:37.561Z
2026-08-11,63531.75,coinbase,2026-08-25T11:32:44.124Z
2026-08-12,63411.72,coinbase,2026-08-26T11:33:52.920Z
2026-08-13,63425.35,coinbase,2026-08-26T11:33:52.920Z
2026-08-14,62975.19,coinbase,2026-08-26T11:33:52.920Z
2026-08-15,63018.75,coinbase,2026-08-29T15:23:44.480Z
2026-08-16,62836.66,coinbase,2026-08-30T15:16:44.651Z
2026-08-17,64484.18,coinbase,2026-08-30T15:16:44.651Z
2026-08-18,64681.33,coinbase,2026-09-01T15:25:59.395Z
2026-08-19,69300.01,coinbase,2026-09-02T15:01:40.220Z
2026-08-20,73011.87,coinbase,2026-09-03T14:55:37.666Z
2026-08-21,78325.54,coinbase,2026-09-03T14:55:37.666Z
2026-08-22,77054.44,coinbase,2026-09-03T14:55:37.666Z
2026-08-23,77729.36,coinbase,2026-09-03T14:55:37.666Z
2026-08-24,78981.59,coinbase,2026-09-03T14:55:37.666Z
2026-08-25,78526.8,coinbase,2026-09-03T14:55:37.666Z
2026-08-26,79026.18,coinbase,2026-09-03T14:55:37.666Z
2026-08-27,80275.34,coinbase,2026-09-03T14:55:37.666Z
2026-08-28,77839.19,coinbase,2026-09-03T14:55:37.666Z
2026-08-29,78233.93,coinbase,2026-09-03T14:55:37.666Z
2026-08-30,77665.14,coinbase,2026-09-03T14:55:37.666Z
2026-08-31,78562.74,coinbase,2026-09-03T14:55:37.666Z
2026-09-01,77398.69,coinbase,2026-09-03T14:55:37.666Z
2026-09-02,77307.36,coinbase,2026-09-03T14:55:37.666Z
