date,score,band,price_usd
2023-09-25,47,Moderate Buying,26296.08
2023-09-26,52,Hold & Wait,26208.44
2023-09-27,52,Hold & Wait,26357.62
2023-09-28,52,Hold & Wait,27027.14
2023-09-29,52,Hold & Wait,26907.00
2023-09-30,52,Hold & Wait,26961.00
2023-10-01,52,Hold & Wait,27995.46
2023-10-02,52,Hold & Wait,27504.04
2023-10-03,52,Hold & Wait,27428.96
2023-10-04,52,Hold & Wait,27786.75
2023-10-05,52,Hold & Wait,27412.96
2023-10-06,52,Hold & Wait,27945.17
2023-10-07,52,Hold & Wait,27976.43
2023-10-08,52,Hold & Wait,27933.55
2023-10-09,52,Hold & Wait,27596.67
2023-10-10,52,Hold & Wait,27393.29
2023-10-11,52,Hold & Wait,26869.19
2023-10-12,52,Hold & Wait,26750.51
2023-10-13,52,Hold & Wait,26863.53
2023-10-14,52,Hold & Wait,26851.71
2023-10-15,52,Hold & Wait,27186.13
2023-10-16,52,Hold & Wait,28520.24
2023-10-17,52,Hold & Wait,28408.83
2023-10-18,52,Hold & Wait,28326.51
2023-10-19,52,Hold & Wait,28735.34
2023-10-20,52,Hold & Wait,29684.73
2023-10-21,52,Hold & Wait,29924.84
2023-10-22,52,Hold & Wait,30004.15
2023-10-23,52,Hold & Wait,33087.58
2023-10-24,52,Hold & Wait,33922.52
2023-10-25,52,Hold & Wait,34506.35
2023-10-26,52,Hold & Wait,34154.71
2023-10-27,52,Hold & Wait,33906.09
2023-10-28,52,Hold & Wait,34085.42
2023-10-29,52,Hold & Wait,34534.48
2023-10-30,52,Hold & Wait,34493.79
2023-10-31,52,Hold & Wait,34656.40
2023-11-01,52,Hold & Wait,35440.10
2023-11-02,52,Hold & Wait,34950.00
2023-11-03,52,Hold & Wait,34731.27
2023-11-04,52,Hold & Wait,35087.01
2023-11-05,52,Hold & Wait,35035.42
2023-11-06,52,Hold & Wait,35059.46
2023-11-07,52,Hold & Wait,35416.28
2023-11-08,52,Hold & Wait,35639.13
2023-11-09,52,Hold & Wait,36706.59
2023-11-10,52,Hold & Wait,37324.83
2023-11-11,52,Hold & Wait,37139.12
2023-11-12,52,Hold & Wait,37086.03
2023-11-13,52,Hold & Wait,36475.67
2023-11-14,52,Hold & Wait,35554.09
2023-11-15,52,Hold & Wait,37885.35
2023-11-16,52,Hold & Wait,36161.15
2023-11-17,52,Hold & Wait,36630.38
2023-11-18,52,Hold & Wait,36594.89
2023-11-19,52,Hold & Wait,37391.19
2023-11-20,52,Hold & Wait,37475.64
2023-11-21,52,Hold & Wait,35751.89
2023-11-22,52,Hold & Wait,37424.31
2023-11-23,52,Hold & Wait,37304.05
2023-11-24,52,Hold & Wait,37745.84
2023-11-25,52,Hold & Wait,37805.99
2023-11-26,52,Hold & Wait,37462.79
2023-11-27,52,Hold & Wait,37241.63
2023-11-28,52,Hold & Wait,37838.26
2023-11-29,52,Hold & Wait,37863.84
2023-11-30,52,Hold & Wait,37732.27
2023-12-01,52,Hold & Wait,38703.54
2023-12-02,52,Hold & Wait,39478.95
2023-12-03,52,Hold & Wait,39984.81
2023-12-04,52,Hold & Wait,41987.24
2023-12-05,52,Hold & Wait,44084.39
2023-12-06,52,Hold & Wait,43764.05
2023-12-07,52,Hold & Wait,43280.95
2023-12-08,52,Hold & Wait,44192.87
2023-12-09,52,Hold & Wait,43723.25
2023-12-10,52,Hold & Wait,43793.68
2023-12-11,52,Hold & Wait,41229.61
2023-12-12,52,Hold & Wait,41477.39
2023-12-13,52,Hold & Wait,42885.54
2023-12-14,52,Hold & Wait,43027.77
2023-12-15,52,Hold & Wait,41933.89
2023-12-16,52,Hold & Wait,42237.29
2023-12-17,52,Hold & Wait,41349.59
2023-12-18,52,Hold & Wait,42650.01
2023-12-19,52,Hold & Wait,42266.22
2023-12-20,52,Hold & Wait,43674.77
2023-12-21,52,Hold & Wait,43875.32
2023-12-22,52,Hold & Wait,44013.73
2023-12-23,52,Hold & Wait,43726.35
2023-12-24,52,Hold & Wait,43025.03
2023-12-25,52,Hold & Wait,43589.67
2023-12-26,52,Hold & Wait,42515.53
2023-12-27,52,Hold & Wait,43474.40
2023-12-28,52,Hold & Wait,42581.23
2023-12-29,52,Hold & Wait,42063.45
2023-12-30,52,Hold & Wait,42141.03
2023-12-31,52,Hold & Wait,42288.06
2024-01-01,52,Hold & Wait,44220.78
2024-01-02,52,Hold & Wait,44972.80
2024-01-03,52,Hold & Wait,42862.44
2024-01-04,52,Hold & Wait,44193.29
2024-01-05,52,Hold & Wait,44186.59
2024-01-06,52,Hold & Wait,43992.44
2024-01-07,52,Hold & Wait,43950.28
2024-01-08,52,Hold & Wait,46995.10
2024-01-09,52,Hold & Wait,46124.08
2024-01-10,52,Hold & Wait,46666.11
2024-01-11,52,Hold & Wait,46342.66
2024-01-12,52,Hold & Wait,42773.03
2024-01-13,52,Hold & Wait,42839.33
2024-01-14,52,Hold & Wait,41697.33
2024-01-15,52,Hold & Wait,42490.16
2024-01-16,52,Hold & Wait,43130.45
2024-01-17,52,Hold & Wait,42739.49
2024-01-18,52,Hold & Wait,41293.50
2024-01-19,52,Hold & Wait,41624.07
2024-01-20,52,Hold & Wait,41666.67
2024-01-21,52,Hold & Wait,41554.05
2024-01-22,52,Hold & Wait,39524.27
2024-01-23,52,Hold & Wait,39878.30
2024-01-24,52,Hold & Wait,40077.78
2024-01-25,52,Hold & Wait,39941.66
2024-01-26,52,Hold & Wait,41814.80
2024-01-27,52,Hold & Wait,42126.55
2024-01-28,52,Hold & Wait,42034.59
2024-01-29,52,Hold & Wait,43306.18
2024-01-30,52,Hold & Wait,42942.78
2024-01-31,52,Hold & Wait,42548.08
2024-02-01,52,Hold & Wait,43078.81
2024-02-02,52,Hold & Wait,43181.66
2024-02-03,52,Hold & Wait,43010.67
2024-02-04,52,Hold & Wait,42568.55
2024-02-05,52,Hold & Wait,42657.67
2024-02-06,52,Hold & Wait,43095.79
2024-02-07,52,Hold & Wait,44343.61
2024-02-08,52,Hold & Wait,45305.20
2024-02-09,52,Hold & Wait,47160.41
2024-02-10,52,Hold & Wait,47767.06
2024-02-11,52,Hold & Wait,48316.30
2024-02-12,52,Hold & Wait,49941.81
2024-02-13,52,Hold & Wait,49725.36
2024-02-14,52,Hold & Wait,51858.59
2024-02-15,52,Hold & Wait,51934.29
2024-02-16,52,Hold & Wait,52162.64
2024-02-17,52,Hold & Wait,51666.22
2024-02-18,52,Hold & Wait,52153.63
2024-02-19,52,Hold & Wait,51787.05
2024-02-20,52,Hold & Wait,52277.52
2024-02-21,52,Hold & Wait,51851.67
2024-02-22,52,Hold & Wait,51258.70
2024-02-23,52,Hold & Wait,50747.05
2024-02-24,52,Hold & Wait,51570.65
2024-02-25,52,Hold & Wait,51731.00
2024-02-26,52,Hold & Wait,54533.48
2024-02-27,52,Hold & Wait,57077.07
2024-02-28,52,Hold & Wait,62518.90
2024-02-29,52,Hold & Wait,61179.03
2024-03-01,52,Hold & Wait,62436.72
2024-03-02,52,Hold & Wait,62045.78
2024-03-03,52,Hold & Wait,63154.49
2024-03-04,52,Hold & Wait,68360.14
2024-03-05,52,Hold & Wait,63800.78
2024-03-06,52,Hold & Wait,66122.28
2024-03-07,52,Hold & Wait,66938.21
2024-03-08,52,Hold & Wait,68289.16
2024-03-09,52,Hold & Wait,68480.00
2024-03-10,52,Hold & Wait,69032.12
2024-03-11,52,Hold & Wait,72110.98
2024-03-12,52,Hold & Wait,71475.93
2024-03-13,52,Hold & Wait,73135.04
2024-03-14,52,Hold & Wait,71364.58
2024-03-15,52,Hold & Wait,69506.88
2024-03-16,52,Hold & Wait,65254.22
2024-03-17,52,Hold & Wait,68343.64
2024-03-18,47,Moderate Buying,67613.04
2024-03-19,52,Hold & Wait,61906.27
2024-03-20,52,Hold & Wait,67858.80
2024-03-21,52,Hold & Wait,65484.70
2024-03-22,52,Hold & Wait,63814.56
2024-03-23,52,Hold & Wait,63998.86
2024-03-24,52,Hold & Wait,67204.93
2024-03-25,52,Hold & Wait,69890.28
2024-03-26,52,Hold & Wait,69992.40
2024-03-27,52,Hold & Wait,69435.96
2024-03-28,52,Hold & Wait,70801.18
2024-03-29,52,Hold & Wait,69903.75
2024-03-30,52,Hold & Wait,69626.87
2024-03-31,52,Hold & Wait,71288.90
2024-04-01,52,Hold & Wait,69681.82
2024-04-02,52,Hold & Wait,65464.14
2024-04-03,52,Hold & Wait,65987.92
2024-04-04,52,Hold & Wait,68525.23
2024-04-05,52,Hold & Wait,67856.51
2024-04-06,52,Hold & Wait,68919.89
2024-04-07,52,Hold & Wait,69350.34
2024-04-08,52,Hold & Wait,71622.53
2024-04-09,52,Hold & Wait,69117.01
2024-04-10,52,Hold & Wait,70634.04
2024-04-11,72,Reduce Risk,70020.73
2024-04-12,76,Reduce Risk,67148.61
2024-04-13,95,High Risk,64024.77
2024-04-14,96,High Risk,65777.05
2024-04-15,90,High Risk,63452.18
2024-04-16,90,High Risk,63814.94
2024-04-17,87,High Risk,61279.36
2024-04-18,93,High Risk,63513.85
2024-04-19,92,High Risk,63848.37
2024-04-20,94,High Risk,64968.87
2024-04-21,75,Reduce Risk,64952.92
2024-04-22,72,Reduce Risk,66859.17
2024-04-23,78,Reduce Risk,66414.16
2024-04-24,86,High Risk,64255.78
2024-04-25,84,High Risk,64484.44
2024-04-26,79,Reduce Risk,63742.39
2024-04-27,76,Reduce Risk,63422.00
2024-04-28,77,Reduce Risk,63108.94
2024-04-29,79,Reduce Risk,63844.85
2024-04-30,61,Hold & Wait,60622.10
2024-05-01,54,Hold & Wait,58265.59
2024-05-02,55,Hold & Wait,59071.89
2024-05-03,74,Reduce Risk,62913.03
2024-05-04,68,Reduce Risk,63902.88
2024-05-05,65,Hold & Wait,64023.45
2024-05-06,56,Hold & Wait,63162.24
2024-05-07,58,Hold & Wait,62315.76
2024-05-08,60,Hold & Wait,61169.53
2024-05-09,66,Reduce Risk,63073.57
2024-05-10,70,Reduce Risk,60787.47
2024-05-11,71,Reduce Risk,60814.63
2024-05-12,72,Reduce Risk,61453.02
2024-05-13,58,Hold & Wait,62932.37
2024-05-14,55,Hold & Wait,61539.84
2024-05-15,72,Reduce Risk,66244.69
2024-05-16,58,Hold & Wait,65252.18
2024-05-17,66,Reduce Risk,67046.33
2024-05-18,63,Hold & Wait,66923.87
2024-05-19,66,Reduce Risk,66261.62
2024-05-20,100,High Risk,71432.17
2024-05-21,100,High Risk,70142.84
2024-05-22,87,High Risk,69109.93
2024-05-23,74,Reduce Risk,67940.45
2024-05-24,77,Reduce Risk,68547.80
2024-05-25,84,High Risk,69289.67
2024-05-26,80,High Risk,68473.72
2024-05-27,90,High Risk,69368.72
2024-05-28,58,Hold & Wait,68321.98
2024-05-29,60,Hold & Wait,67569.45
2024-05-30,63,Hold & Wait,68338.58
2024-05-31,54,Hold & Wait,67472.41
2024-06-01,49,Moderate Buying,67719.29
2024-06-02,72,Reduce Risk,67735.52
2024-06-03,67,Reduce Risk,68791.00
2024-06-04,78,Reduce Risk,70542.32
2024-06-05,76,Reduce Risk,71121.11
2024-06-06,73,Reduce Risk,70773.64
2024-06-07,65,Reduce Risk,69324.53
2024-06-08,77,Reduce Risk,69304.05
2024-06-09,73,Reduce Risk,69637.87
2024-06-10,70,Reduce Risk,69497.73
2024-06-11,62,Hold & Wait,67316.53
2024-06-12,62,Hold & Wait,68248.60
2024-06-13,62,Hold & Wait,66738.85
2024-06-14,59,Hold & Wait,66004.39
2024-06-15,61,Hold & Wait,66192.00
2024-06-16,59,Hold & Wait,66628.75
2024-06-17,61,Hold & Wait,66481.81
2024-06-18,65,Hold & Wait,65152.80
2024-06-19,63,Hold & Wait,64943.79
2024-06-20,65,Hold & Wait,64840.88
2024-06-22,69,Reduce Risk,64235.01
2024-06-23,76,Reduce Risk,63171.43
2024-06-24,78,Reduce Risk,60263.00
2024-06-25,69,Reduce Risk,61789.71
2024-06-26,75,Reduce Risk,60816.68
2024-06-27,71,Reduce Risk,61615.39
2024-06-28,75,Reduce Risk,60313.35
2024-06-29,72,Reduce Risk,60885.67
2024-06-30,62,Hold & Wait,62668.26
2024-07-01,62,Hold & Wait,62830.13
2024-07-02,65,Reduce Risk,62040.22
2024-07-03,69,Reduce Risk,60145.01
2024-07-04,80,Reduce Risk,57042.14
2024-07-05,80,Reduce Risk,56639.43
2024-07-06,80,Reduce Risk,58244.75
2024-07-07,82,High Risk,55854.09
2024-07-08,81,High Risk,56699.43
2024-07-09,81,High Risk,58047.86
2024-07-10,81,High Risk,57712.59
2024-07-11,81,High Risk,57340.77
2024-07-12,80,Reduce Risk,57909.03
2024-07-13,62,Hold & Wait,59224.58
2024-07-14,59,Hold & Wait,60808.42
2024-07-15,54,Hold & Wait,64757.16
2024-07-16,47,Moderate Buying,65088.99
2024-07-17,41,Moderate Buying,64085.81
2024-07-18,40,Moderate Buying,63982.86
2024-07-19,37,Moderate Buying,66707.61
2024-07-20,34,Regular DCA Buying,67163.83
2024-07-21,38,Moderate Buying,68181.28
2024-07-22,43,Moderate Buying,67558.22
2024-07-23,55,Hold & Wait,65939.24
2024-07-24,57,Hold & Wait,65366.40
2024-07-25,50,Moderate Buying,65795.42
2024-07-26,53,Hold & Wait,67924.08
2024-07-27,53,Hold & Wait,67899.41
2024-07-28,61,Hold & Wait,68244.30
2024-07-29,62,Hold & Wait,66771.45
2024-07-30,63,Hold & Wait,66169.68
2024-07-31,56,Hold & Wait,64609.62
2024-08-01,61,Hold & Wait,65288.18
2024-08-02,56,Hold & Wait,61418.06
2024-08-03,77,Reduce Risk,60674.93
2024-08-04,78,Reduce Risk,58130.95
2024-08-05,88,High Risk,54029.12
2024-08-06,97,High Risk,56048.08
2024-08-07,96,High Risk,55148.10
2024-08-08,95,High Risk,61705.58
2024-08-09,98,High Risk,60862.13
2024-08-10,98,High Risk,60935.02
2024-08-11,100,High Risk,58722.49
2024-08-12,100,High Risk,59358.78
2024-08-13,100,High Risk,60603.19
2024-08-14,100,High Risk,58690.62
2024-08-15,100,High Risk,57543.61
2024-08-16,100,High Risk,58888.99
2024-08-17,100,High Risk,59497.49
2024-08-18,100,High Risk,58437.90
2024-08-19,100,High Risk,59452.67
2024-08-20,100,High Risk,59017.59
2024-08-21,65,Hold & Wait,61163.28
2024-08-22,65,Hold & Wait,60383.29
2024-08-23,65,Hold & Wait,64086.72
2024-08-24,72,Reduce Risk,64179.63
2024-08-25,69,Reduce Risk,64251.93
2024-08-26,74,Reduce Risk,62840.00
2024-08-27,81,High Risk,59439.64
2024-08-28,78,Reduce Risk,59045.88
2024-08-29,76,Reduce Risk,59364.47
2024-08-30,69,Reduce Risk,59112.77
2024-08-31,71,Reduce Risk,58968.37
2024-09-01,83,High Risk,57299.00
2024-09-02,73,Reduce Risk,59139.83
2024-09-03,72,Reduce Risk,57468.84
2024-09-04,75,Reduce Risk,57971.00
2024-09-05,77,Reduce Risk,56156.82
2024-09-06,78,Reduce Risk,53950.01
2024-09-07,78,Reduce Risk,54156.33
2024-09-08,79,Reduce Risk,54881.11
2024-09-09,78,Reduce Risk,57053.90
2024-09-10,73,Reduce Risk,57645.59
2024-09-11,78,Reduce Risk,57352.79
2024-09-12,79,Reduce Risk,58137.54
2024-09-13,81,High Risk,60543.35
2024-09-14,76,Reduce Risk,60012.35
2024-09-15,65,Reduce Risk,59122.33
2024-09-16,66,Reduce Risk,58208.75
2024-09-17,63,Hold & Wait,60312.60
2024-09-18,56,Hold & Wait,61769.18
2024-09-19,64,Hold & Wait,62960.14
2024-09-20,70,Reduce Risk,63210.69
2024-09-21,63,Hold & Wait,63362.74
2024-09-22,73,Reduce Risk,63577.66
2024-09-23,70,Reduce Risk,63338.87
2024-09-24,79,Reduce Risk,64272.93
2024-09-25,83,High Risk,63130.89
2024-09-26,79,Reduce Risk,65177.21
2024-09-27,78,Reduce Risk,65789.00
2024-09-28,80,Reduce Risk,65858.99
2024-09-29,80,Reduce Risk,65600.01
2024-09-30,74,Reduce Risk,63301.25
2024-10-01,61,Hold & Wait,60790.00
2024-10-02,70,Reduce Risk,60631.37
2024-10-03,69,Reduce Risk,60744.99
2024-10-04,62,Hold & Wait,62090.71
2024-10-05,64,Hold & Wait,62051.29
2024-10-06,59,Hold & Wait,62810.86
2024-10-07,67,Reduce Risk,62200.28
2024-10-08,72,Reduce Risk,62122.02
2024-10-09,82,High Risk,60578.28
2024-10-10,85,High Risk,60279.53
2024-10-11,68,Reduce Risk,62518.75
2024-10-12,62,Hold & Wait,63187.47
2024-10-13,72,Reduce Risk,62845.30
2024-10-14,47,Moderate Buying,66065.65
2024-10-15,47,Moderate Buying,67056.60
2024-10-16,45,Moderate Buying,67608.44
2024-10-17,47,Moderate Buying,67402.33
2024-10-18,41,Moderate Buying,68426.11
2024-10-19,46,Moderate Buying,68363.73
2024-10-20,57,Hold & Wait,69014.86
2024-10-21,52,Hold & Wait,67346.15
2024-10-22,56,Hold & Wait,67380.08
2024-10-23,51,Hold & Wait,66601.11
2024-10-24,54,Hold & Wait,68156.84
2024-10-25,48,Moderate Buying,66564.51
2024-10-26,50,Moderate Buying,67012.56
2024-10-27,63,Hold & Wait,67943.19
2024-10-28,68,Reduce Risk,69924.50
2024-10-29,57,Hold & Wait,72724.35
2024-10-30,56,Hold & Wait,72322.91
2024-10-31,45,Moderate Buying,70197.83
2024-11-01,46,Moderate Buying,69467.29
2024-11-02,37,Moderate Buying,69358.94
2024-11-03,43,Moderate Buying,68738.18
2024-11-04,48,Moderate Buying,67807.48
2024-11-05,38,Moderate Buying,69380.73
2024-11-06,60,Hold & Wait,75646.55
2024-11-07,58,Hold & Wait,75920.00
2024-11-08,58,Hold & Wait,76566.73
2024-11-09,66,Reduce Risk,76716.06
2024-11-10,85,High Risk,80428.92
2024-11-11,100,High Risk,88770.73
2024-11-12,100,High Risk,88035.43
2024-11-13,100,High Risk,90493.82
2024-11-14,100,High Risk,87340.40
2024-11-15,100,High Risk,91058.36
2024-11-16,100,High Risk,90636.24
2024-11-17,100,High Risk,89886.69
2024-11-18,100,High Risk,90520.30
2024-11-19,100,High Risk,92435.89
2024-11-20,100,High Risk,94393.15
2024-11-21,100,High Risk,98439.09
2024-11-22,100,High Risk,99024.03
2024-11-23,100,High Risk,97778.77
2024-11-24,79,Reduce Risk,98028.18
2024-11-25,85,High Risk,93000.01
2024-11-26,84,High Risk,91929.54
2024-11-27,84,High Risk,95951.19
2024-11-28,80,Reduce Risk,95665.53
2024-11-29,80,High Risk,97490.56
2024-11-30,65,Hold & Wait,96465.42
2024-12-01,68,Reduce Risk,97263.18
2024-12-02,60,Hold & Wait,95862.89
2024-12-03,66,Reduce Risk,95924.52
2024-12-04,62,Hold & Wait,98746.24
2024-12-05,59,Hold & Wait,97044.23
2024-12-06,69,Reduce Risk,99891.35
2024-12-07,67,Reduce Risk,99929.32
2024-12-08,72,Reduce Risk,101174.99
2024-12-09,59,Hold & Wait,97324.81
2024-12-10,74,Reduce Risk,96660.76
2024-12-11,60,Hold & Wait,101202.11
2024-12-12,60,Hold & Wait,100030.47
2024-12-13,58,Hold & Wait,101428.75
2024-12-14,64,Hold & Wait,101399.99
2024-12-15,73,Reduce Risk,104447.76
2024-12-16,66,Reduce Risk,106099.81
2024-12-17,68,Reduce Risk,106136.99
2024-12-18,65,Reduce Risk,100150.73
2024-12-19,68,Reduce Risk,97372.21
2024-12-20,69,Reduce Risk,97765.00
2024-12-21,66,Reduce Risk,97230.08
2024-12-22,68,Reduce Risk,95087.75
2024-12-23,75,Reduce Risk,94764.56
2024-12-24,62,Hold & Wait,98594.47
2024-12-25,66,Reduce Risk,99346.28
2024-12-26,76,Reduce Risk,95669.49
2024-12-27,83,High Risk,94171.89
2024-12-28,69,Reduce Risk,95130.82
2024-12-29,70,Reduce Risk,93563.35
2024-12-30,75,Reduce Risk,92620.71
2024-12-31,83,High Risk,93354.22
2025-01-01,86,High Risk,94383.59
2025-01-02,77,Reduce Risk,96903.19
2025-01-03,80,High Risk,98136.51
2025-01-04,84,High Risk,98209.85
2025-01-05,84,High Risk,98345.33
2025-01-06,66,Reduce Risk,102279.41
2025-01-07,65,Reduce Risk,96941.98
2025-01-08,67,Reduce Risk,95036.63
2025-01-09,63,Hold & Wait,92547.44
2025-01-10,61,Hold & Wait,94701.18
2025-01-11,59,Hold & Wait,94565.02
2025-01-12,66,Reduce Risk,94509.62
2025-01-13,67,Reduce Risk,94506.45
2025-01-14,61,Hold & Wait,96534.96
2025-01-15,63,Hold & Wait,100510.23
2025-01-16,60,Hold & Wait,99981.78
2025-01-17,75,Reduce Risk,104107.00
2025-01-18,78,Reduce Risk,104435.00
2025-01-19,69,Reduce Risk,101211.13
2025-01-20,62,Hold & Wait,102145.43
2025-01-21,63,Hold & Wait,106159.26
2025-01-22,57,Hold & Wait,103667.11
2025-01-23,58,Hold & Wait,103926.36
2025-01-24,60,Hold & Wait,104850.27
2025-01-25,60,Hold & Wait,104733.56
2025-01-26,58,Hold & Wait,102563.00
2025-01-27,60,Hold & Wait,102062.42
2025-01-28,67,Reduce Risk,101290.00
2025-01-29,66,Reduce Risk,103747.25
2025-01-30,75,Reduce Risk,104742.64
2025-01-31,67,Reduce Risk,102411.26
2025-02-01,63,Hold & Wait,100623.85
2025-02-02,54,Hold & Wait,97676.52
2025-02-03,64,Hold & Wait,101460.20
2025-02-04,57,Hold & Wait,97795.05
2025-02-05,65,Reduce Risk,96638.33
2025-02-06,65,Hold & Wait,96564.62
2025-02-07,59,Hold & Wait,96537.08
2025-02-08,62,Hold & Wait,96476.25
2025-02-09,64,Hold & Wait,96475.82
2025-02-10,63,Hold & Wait,97444.41
2025-02-11,64,Hold & Wait,95774.08
2025-02-12,66,Reduce Risk,97862.53
2025-02-13,64,Hold & Wait,96625.29
2025-02-14,61,Hold & Wait,97509.03
2025-02-15,63,Hold & Wait,97596.94
2025-02-16,72,Reduce Risk,96119.88
2025-02-17,77,Reduce Risk,95781.80
2025-02-18,76,Reduce Risk,95607.40
2025-02-19,75,Reduce Risk,96632.03
2025-02-20,70,Reduce Risk,98347.20
2025-02-21,64,Hold & Wait,96157.03
2025-02-22,71,Reduce Risk,96582.12
2025-02-23,63,Hold & Wait,96265.98
2025-02-24,56,Hold & Wait,91510.82
2025-02-25,66,Reduce Risk,88583.74
2025-02-26,69,Reduce Risk,84111.78
2025-02-27,68,Reduce Risk,84625.19
2025-02-28,70,Reduce Risk,84297.73
2025-03-01,63,Hold & Wait,86018.76
2025-03-02,58,Hold & Wait,94265.48
2025-03-03,86,High Risk,86161.10
2025-03-04,83,High Risk,87249.96
2025-03-05,77,Reduce Risk,90603.73
2025-03-06,78,Reduce Risk,89921.85
2025-03-07,86,High Risk,86756.98
2025-03-08,87,High Risk,86206.69
2025-03-09,100,High Risk,80699.17
2025-03-10,100,High Risk,78544.71
2025-03-11,96,High Risk,82914.51
2025-03-12,94,High Risk,83659.43
2025-03-13,100,High Risk,81073.43
2025-03-14,94,High Risk,83980.49
2025-03-15,94,High Risk,84351.46
2025-03-16,99,High Risk,82562.57
2025-03-17,80,High Risk,84011.40
2025-03-18,83,High Risk,82698.76
2025-03-19,68,Reduce Risk,86877.96
2025-03-20,85,High Risk,84183.42
2025-03-21,96,High Risk,84061.96
2025-03-22,77,Reduce Risk,83852.03
2025-03-23,67,Reduce Risk,86092.94
2025-03-24,60,Hold & Wait,87523.62
2025-03-25,60,Hold & Wait,87427.88
2025-03-26,53,Hold & Wait,86926.01
2025-03-27,55,Hold & Wait,87217.48
2025-03-28,54,Hold & Wait,84381.80
2025-03-29,56,Hold & Wait,82616.83
2025-03-30,65,Hold & Wait,82379.98
2025-03-31,67,Reduce Risk,82534.32
2025-04-01,62,Hold & Wait,85170.37
2025-04-02,74,Reduce Risk,82490.08
2025-04-03,72,Reduce Risk,83174.33
2025-04-04,67,Reduce Risk,83860.16
2025-04-05,75,Reduce Risk,83498.25
2025-04-06,74,Reduce Risk,78370.75
2025-04-07,78,Reduce Risk,79140.01
2025-04-08,80,High Risk,76251.64
2025-04-09,88,High Risk,82594.75
2025-04-10,96,High Risk,79552.34
2025-04-11,91,High Risk,83380.47
2025-04-12,90,High Risk,85271.01
2025-04-13,94,High Risk,83733.07
2025-04-14,90,High Risk,84590.36
2025-04-15,93,High Risk,83629.78
2025-04-16,86,High Risk,84028.72
2025-04-18,81,High Risk,84466.47
2025-04-19,79,Reduce Risk,85074.99
2025-04-20,76,Reduce Risk,85177.34
2025-04-21,75,Reduce Risk,87522.07
2025-04-22,77,Reduce Risk,93489.10
2025-04-23,59,Hold & Wait,93740.92
2025-04-24,52,Hold & Wait,94021.96
2025-04-25,58,Hold & Wait,94708.79
2025-04-26,64,Hold & Wait,94666.64
2025-04-27,68,Reduce Risk,93780.57
2025-04-28,66,Reduce Risk,95042.57
2025-04-29,64,Hold & Wait,94271.09
2025-04-30,69,Reduce Risk,94182.54
2025-05-01,63,Hold & Wait,96524.98
2025-05-02,57,Hold & Wait,96929.81
2025-05-03,60,Hold & Wait,95861.33
2025-05-04,56,Hold & Wait,94272.55
2025-05-05,79,Reduce Risk,94733.99
2025-05-06,80,Reduce Risk,96839.17
2025-05-07,79,Reduce Risk,97058.32
2025-05-08,53,Hold & Wait,103253.49
2025-05-09,53,Hold & Wait,102986.96
2025-05-10,53,Hold & Wait,104821.19
2025-05-11,42,Moderate Buying,104137.62
2025-05-12,40,Moderate Buying,102800.21
2025-05-13,41,Moderate Buying,104131.06
2025-05-14,40,Moderate Buying,103545.38
2025-05-15,40,Moderate Buying,103786.43
2025-05-16,43,Moderate Buying,103500.03
2025-05-17,42,Moderate Buying,103161.07
2025-05-18,46,Moderate Buying,106473.46
2025-05-19,44,Moderate Buying,105616.18
2025-05-20,41,Moderate Buying,106883.24
2025-05-21,68,Reduce Risk,109699.54
2025-05-22,76,Reduce Risk,111722.53
2025-05-23,53,Hold & Wait,107329.61
2025-05-24,53,Hold & Wait,107794.01
2025-05-25,53,Hold & Wait,109048.68
2025-05-26,54,Hold & Wait,109464.32
2025-05-27,40,Moderate Buying,108978.46
2025-05-28,36,Moderate Buying,107819.29
2025-05-29,42,Moderate Buying,105572.58
2025-05-30,46,Moderate Buying,104033.26
2025-05-31,47,Moderate Buying,104645.87
2025-06-01,45,Moderate Buying,105697.94
2025-06-02,45,Moderate Buying,105904.94
2025-06-03,52,Hold & Wait,105447.82
2025-06-04,58,Hold & Wait,104753.38
2025-06-05,69,Reduce Risk,101570.20
2025-06-06,62,Hold & Wait,104397.99
2025-06-07,56,Hold & Wait,105619.02
2025-06-08,58,Hold & Wait,105784.40
2025-06-09,40,Moderate Buying,110301.15
2025-06-10,44,Moderate Buying,110300.24
2025-06-11,40,Moderate Buying,108669.37
2025-06-12,48,Moderate Buying,105721.05
2025-06-13,49,Moderate Buying,106118.70
2025-06-14,52,Hold & Wait,105465.42
2025-06-15,51,Hold & Wait,105599.25
2025-06-16,45,Moderate Buying,106853.38
2025-06-17,46,Moderate Buying,104590.44
2025-06-18,47,Moderate Buying,104915.60
2025-06-19,53,Hold & Wait,104671.90
2025-06-20,60,Hold & Wait,103317.80
2025-06-21,64,Hold & Wait,102160.03
2025-06-22,78,Reduce Risk,100996.87
2025-06-23,49,Moderate Buying,105419.39
2025-06-24,42,Moderate Buying,106141.00
2025-06-25,47,Moderate Buying,107400.22
2025-06-26,50,Moderate Buying,107029.64
2025-06-27,50,Hold & Wait,107113.38
2025-06-28,58,Hold & Wait,107352.20
2025-06-29,54,Hold & Wait,108386.44
2025-06-30,59,Hold & Wait,107173.21
2025-07-01,56,Hold & Wait,105711.78
2025-07-02,42,Moderate Buying,108888.32
2025-07-03,40,Moderate Buying,109628.83
2025-07-04,45,Moderate Buying,108028.60
2025-07-05,48,Moderate Buying,108246.65
2025-07-06,49,Moderate Buying,109217.98
2025-07-07,52,Hold & Wait,108269.84
2025-07-08,50,Hold & Wait,108958.04
2025-07-09,53,Hold & Wait,111282.85
2025-07-10,63,Hold & Wait,116031.30
2025-07-11,71,Reduce Risk,117582.16
2025-07-12,60,Hold & Wait,117472.65
2025-07-13,66,Reduce Risk,119130.81
2025-07-14,70,Reduce Risk,119863.71
2025-07-15,61,Hold & Wait,117781.64
2025-07-16,64,Hold & Wait,118681.68
2025-07-17,69,Reduce Risk,119273.69
2025-07-18,60,Hold & Wait,118023.05
2025-07-19,61,Hold & Wait,117914.17
2025-07-20,63,Hold & Wait,117312.70
2025-07-21,57,Hold & Wait,117428.79
2025-07-22,63,Hold & Wait,120026.42
2025-07-23,66,Reduce Risk,118810.44
2025-07-24,64,Hold & Wait,118397.04
2025-07-25,59,Hold & Wait,117633.27
2025-07-26,62,Hold & Wait,117969.63
2025-07-27,66,Reduce Risk,119465.52
2025-07-28,57,Hold & Wait,118070.59
2025-07-29,59,Hold & Wait,117933.39
2025-07-30,61,Hold & Wait,117830.15
2025-07-31,61,Hold & Wait,115761.13
2025-08-01,66,Reduce Risk,113248.73
2025-08-02,69,Reduce Risk,112542.74
2025-08-03,61,Hold & Wait,114215.73
2025-08-04,63,Hold & Wait,115051.85
2025-08-05,64,Hold & Wait,114112.95
2025-08-06,61,Hold & Wait,115028.83
2025-08-07,60,Hold & Wait,117515.49
2025-08-08,59,Hold & Wait,116683.79
2025-08-09,59,Hold & Wait,116492.51
2025-08-10,63,Hold & Wait,119309.37
2025-08-11,61,Hold & Wait,118701.84
2025-08-12,59,Hold & Wait,120113.18
2025-08-13,59,Hold & Wait,123365.63
2025-08-14,48,Moderate Buying,118389.79
2025-08-15,50,Hold & Wait,117436.96
2025-08-16,48,Moderate Buying,117455.68
2025-08-17,48,Moderate Buying,117488.60
2025-08-18,48,Moderate Buying,116286.76
2025-08-19,48,Moderate Buying,112856.19
2025-08-20,41,Moderate Buying,114276.00
2025-08-21,44,Moderate Buying,112480.30
2025-08-22,32,Regular DCA Buying,116908.68
2025-08-23,35,Regular DCA Buying,115383.87
2025-08-24,39,Moderate Buying,113478.00
2025-08-25,51,Hold & Wait,110127.74
2025-08-26,52,Hold & Wait,111788.01
2025-08-27,57,Hold & Wait,111253.21
2025-08-28,51,Hold & Wait,112574.85
2025-08-29,62,Hold & Wait,108378.32
2025-08-30,61,Hold & Wait,108827.93
2025-08-31,62,Hold & Wait,108247.95
2025-09-01,63,Hold & Wait,109240.55
2025-09-02,57,Hold & Wait,111247.94
2025-09-03,54,Hold & Wait,111756.41
2025-09-04,66,Reduce Risk,110720.79
2025-09-05,68,Reduce Risk,110670.02
2025-09-06,68,Reduce Risk,110212.60
2025-09-07,64,Hold & Wait,111129.61
2025-09-08,65,Hold & Wait,112072.57
2025-09-09,63,Hold & Wait,111549.32
2025-09-10,61,Hold & Wait,113983.97
2025-09-11,56,Hold & Wait,115540.00
2025-09-12,52,Hold & Wait,116106.03
2025-09-13,50,Hold & Wait,115968.35
2025-09-14,52,Hold & Wait,115314.13
2025-09-15,52,Hold & Wait,115309.35
2025-09-16,54,Hold & Wait,115104.12
2025-09-17,54,Hold & Wait,116377.99
2025-09-18,53,Hold & Wait,117293.80
2025-09-19,54,Hold & Wait,116478.28
2025-09-20,53,Hold & Wait,115903.33
2025-09-21,52,Hold & Wait,115673.46
2025-09-22,61,Hold & Wait,112905.38
2025-09-23,59,Hold & Wait,112807.46
2025-09-24,59,Hold & Wait,113116.01
2025-09-25,58,Hold & Wait,113236.20
2025-09-26,85,High Risk,109108.44
2025-09-27,75,Increase Selling,109366.69
2025-09-28,77,Increase Selling,109371.61
2025-09-29,56,Begin Scaling Out,112062.60
2025-09-30,56,Hold & Wait,114596.23
2025-10-01,57,Hold & Wait,116457.11
2025-10-02,55,Hold & Wait,118991.46
2025-10-03,54,Hold & Wait,120269.42
2025-10-04,53,Hold & Wait,121783.88
2025-10-05,65,Reduce Risk,122360.57
2025-10-06,61,Hold & Wait,123944.69
2025-10-29,57,Hold & Wait,111847.66
2025-10-30,55,Hold & Wait,109967.66
2025-10-31,56,Hold & Wait,109618.20
2025-11-01,58,Hold & Wait,110119.99
2025-11-02,58,Hold & Wait,110705.99
2025-11-03,58,Hold & Wait,107675.72
2025-11-04,57,Hold & Wait,104337.43
2025-11-05,55,Hold & Wait,101543.83
2025-11-06,56,Hold & Wait,103147.77
2025-11-07,59,Hold & Wait,99992.96
2025-11-08,58,Hold & Wait,102540.42
2025-11-09,60,Hold & Wait,102150.31
2025-11-10,58,Hold & Wait,106020.78
2025-11-11,62,Hold & Wait,105307.19
2025-11-12,58,Hold & Wait,105081.47
2025-11-13,56,Hold & Wait,102889.95
2025-11-14,56,Hold & Wait,96365.84
2025-11-15,57,Hold & Wait,95665.21
2025-11-16,59,Hold & Wait,95900.00
2025-11-17,56,Hold & Wait,95628.76
2025-11-18,55,Hold & Wait,91378.37
2025-11-19,56,Hold & Wait,91654.31
2025-11-20,55,Hold & Wait,91687.13
2025-11-21,52,Hold & Wait,82931.80
2025-11-22,53,Hold & Wait,83923.94
2025-11-23,53,Hold & Wait,85930.30
2025-11-24,54,Hold & Wait,86042.17
2025-11-25,55,Hold & Wait,87290.00
2025-11-26,53,Hold & Wait,86902.27
2025-11-27,53,Hold & Wait,91405.86
2025-11-28,57,Hold & Wait,91161.98
2025-11-29,53,Hold & Wait,90590.39
2025-11-30,53,Hold & Wait,91280.29
2025-12-01,52,Hold & Wait,86426.99
2025-12-02,49,High Risk,87173.34
2025-12-03,55,Hold & Wait,92998.72
2025-12-04,52,Hold & Wait,93162.74
2025-12-05,49,High Risk,91465.21